id,group,page,fitz_raw,fitz_stripped,odl_approx,short,img_cover,old_ocr,old_why,new_ocr,new_why,changed
KCI_FI002029401,fail_block,0,33,0,0,1,1.0,0,short_ok,1,scan_doc,1
KCI_FI002029401,fail_block,1,33,0,0,1,1.0,0,short_ok,1,scan_doc,1
KCI_FI002029401,fail_block,2,33,0,0,1,1.0,0,short_ok,1,scan_doc,1
KCI_FI002029401,fail_block,3,33,0,0,1,1.0,0,short_ok,1,scan_doc,1
KCI_FI002029401,fail_block,4,33,0,0,1,1.0,0,short_ok,1,scan_doc,1
KCI_FI002029401,fail_block,5,33,0,0,1,1.0,0,short_ok,1,scan_doc,1
KCI_FI002029401,fail_block,6,33,0,0,1,1.0,0,short_ok,1,scan_doc,1
KCI_FI002029401,fail_block,7,33,0,0,1,1.0,0,short_ok,1,scan_doc,1
KCI_FI002029401,fail_block,8,33,0,0,1,1.0,0,short_ok,1,scan_doc,1
KCI_FI002029401,fail_block,9,33,0,0,1,1.0,0,short_ok,1,scan_doc,1
KCI_FI002029401,fail_block,10,33,0,0,1,1.0,0,short_ok,1,scan_doc,1
KCI_FI002029401,fail_block,11,33,0,0,1,1.0,0,short_ok,1,scan_doc,1
KCI_FI002029401,fail_block,12,33,0,0,1,1.0,0,short_ok,1,scan_doc,1
KCI_FI002029401,fail_block,13,33,0,0,1,1.0,0,short_ok,1,scan_doc,1
KCI_FI002029401,fail_block,14,33,0,0,1,1.0,0,short_ok,1,scan_doc,1
KCI_FI002029401,fail_block,15,33,0,0,1,1.0,0,short_ok,1,scan_doc,1
KCI_FI002029401,fail_block,16,33,0,0,1,1.0,0,short_ok,1,scan_doc,1
KCI_FI002029401,fail_block,17,33,0,0,1,1.0,0,short_ok,1,scan_doc,1
KCI_FI002029401,fail_block,18,33,0,0,1,1.0,0,short_ok,1,scan_doc,1
KCI_FI002029401,fail_block,19,33,0,0,1,1.0,0,short_ok,1,scan_doc,1
KCI_FI002029397,fail_block,0,33,0,0,1,1.0,0,short_ok,1,scan_doc,1
KCI_FI002029397,fail_block,1,33,0,0,1,1.0,0,short_ok,1,scan_doc,1
KCI_FI002029397,fail_block,2,33,0,0,1,1.0,0,short_ok,1,scan_doc,1
KCI_FI002029397,fail_block,3,33,0,0,1,1.0,0,short_ok,1,scan_doc,1
KCI_FI002029397,fail_block,4,33,0,0,1,1.0,0,short_ok,1,scan_doc,1
KCI_FI002029397,fail_block,5,33,0,0,1,1.0,0,short_ok,1,scan_doc,1
KCI_FI002029397,fail_block,6,33,0,0,1,1.0,0,short_ok,1,scan_doc,1
KCI_FI002029397,fail_block,7,33,0,0,1,1.0,0,short_ok,1,scan_doc,1
KCI_FI002029397,fail_block,8,33,0,0,1,1.0,0,short_ok,1,scan_doc,1
KCI_FI002029397,fail_block,9,33,0,0,1,1.0,0,short_ok,1,scan_doc,1
KCI_FI002029397,fail_block,10,33,0,0,1,1.0,0,short_ok,1,scan_doc,1
KCI_FI002029397,fail_block,11,33,0,0,1,1.0,0,short_ok,1,scan_doc,1
KCI_FI002029397,fail_block,12,33,0,0,1,1.0,0,short_ok,1,scan_doc,1
KCI_FI002029397,fail_block,13,33,0,0,1,1.0,0,short_ok,1,scan_doc,1
KCI_FI002029397,fail_block,14,33,0,0,1,1.0,0,short_ok,1,scan_doc,1
KCI_FI002029397,fail_block,15,33,0,0,1,1.0,0,short_ok,1,scan_doc,1
KCI_FI002029397,fail_block,16,33,0,0,1,1.0,0,short_ok,1,scan_doc,1
KCI_FI002029397,fail_block,17,33,0,0,1,1.0,0,short_ok,1,scan_doc,1
KCI_FI002029397,fail_block,18,33,0,0,1,1.0,0,short_ok,1,scan_doc,1
KCI_FI002029397,fail_block,19,33,0,0,1,1.0,0,short_ok,1,scan_doc,1
KCI_FI002029397,fail_block,20,33,0,0,1,1.0,0,short_ok,1,scan_doc,1
KCI_FI002029397,fail_block,21,33,0,0,1,1.0,0,short_ok,1,scan_doc,1
KCI_FI002029397,fail_block,22,33,0,0,1,1.0,0,short_ok,1,scan_doc,1
KCI_FI002029397,fail_block,23,33,0,0,1,1.0,0,short_ok,1,scan_doc,1
KCI_FI002029397,fail_block,24,33,0,0,1,1.0,0,short_ok,1,scan_doc,1
KCI_FI002029397,fail_block,25,33,0,0,1,1.0,0,short_ok,1,scan_doc,1
KCI_FI002029397,fail_block,26,33,0,0,1,1.0,0,short_ok,1,scan_doc,1
KCI_FI002029397,fail_block,27,33,0,0,1,1.0,0,short_ok,1,scan_doc,1
KCI_FI002029397,fail_block,28,33,0,0,1,1.0,0,short_ok,1,scan_doc,1
KCI_FI002029397,fail_block,29,33,0,0,1,1.0,0,short_ok,1,scan_doc,1
KCI_FI002029397,fail_block,30,33,0,0,1,1.0,0,short_ok,1,scan_doc,1
KCI_FI002029397,fail_block,31,33,0,0,1,1.0,0,short_ok,1,scan_doc,1
KCI_FI002029397,fail_block,32,33,0,0,1,1.0,0,short_ok,1,scan_doc,1
KCI_FI002029397,fail_block,33,33,0,0,1,1.0,0,short_ok,1,scan_doc,1
KCI_FI002029404,fail_block,0,33,0,0,1,1.0,0,short_ok,1,scan_doc,1
KCI_FI002029404,fail_block,1,33,0,0,1,1.0,0,short_ok,1,scan_doc,1
KCI_FI002029404,fail_block,2,33,0,0,1,1.0,0,short_ok,1,scan_doc,1
KCI_FI002029404,fail_block,3,33,0,0,1,1.0,0,short_ok,1,scan_doc,1
KCI_FI002029404,fail_block,4,33,0,0,1,1.0,0,short_ok,1,scan_doc,1
KCI_FI002029404,fail_block,5,33,0,0,1,1.0,0,short_ok,1,scan_doc,1
KCI_FI002029404,fail_block,6,33,0,0,1,1.0,0,short_ok,1,scan_doc,1
KCI_FI002029404,fail_block,7,33,0,0,1,1.0,0,short_ok,1,scan_doc,1
KCI_FI002029404,fail_block,8,33,0,0,1,1.0,0,short_ok,1,scan_doc,1
KCI_FI002029404,fail_block,9,33,0,0,1,1.0,0,short_ok,1,scan_doc,1
KCI_FI002029404,fail_block,10,33,0,0,1,1.0,0,short_ok,1,scan_doc,1
KCI_FI002029404,fail_block,11,33,0,0,1,1.0,0,short_ok,1,scan_doc,1
KCI_FI002029404,fail_block,12,33,0,0,1,1.0,0,short_ok,1,scan_doc,1
KCI_FI002029404,fail_block,13,33,0,0,1,1.0,0,short_ok,1,scan_doc,1
KCI_FI002029404,fail_block,14,33,0,0,1,1.0,0,short_ok,1,scan_doc,1
KCI_FI002029404,fail_block,15,33,0,0,1,1.0,0,short_ok,1,scan_doc,1
KCI_FI002029404,fail_block,16,33,0,0,1,1.0,0,short_ok,1,scan_doc,1
KCI_FI002029404,fail_block,17,33,0,0,1,1.0,0,short_ok,1,scan_doc,1
KCI_FI002029404,fail_block,18,33,0,0,1,1.0,0,short_ok,1,scan_doc,1
KCI_FI002029404,fail_block,19,33,0,0,1,1.0,0,short_ok,1,scan_doc,1
KCI_FI002029403,fail_block,0,33,0,0,1,1.0,0,short_ok,1,scan_doc,1
KCI_FI002029403,fail_block,1,33,0,0,1,1.0,0,short_ok,1,scan_doc,1
KCI_FI002029403,fail_block,2,33,0,0,1,1.0,0,short_ok,1,scan_doc,1
KCI_FI002029403,fail_block,3,33,0,0,1,1.0,0,short_ok,1,scan_doc,1
KCI_FI002029403,fail_block,4,33,0,0,1,1.0,0,short_ok,1,scan_doc,1
KCI_FI002029403,fail_block,5,33,0,0,1,1.0,0,short_ok,1,scan_doc,1
KCI_FI002029403,fail_block,6,33,0,0,1,1.0,0,short_ok,1,scan_doc,1
KCI_FI002029403,fail_block,7,33,0,0,1,1.0,0,short_ok,1,scan_doc,1
KCI_FI002029403,fail_block,8,33,0,0,1,1.0,0,short_ok,1,scan_doc,1
KCI_FI002029403,fail_block,9,33,0,0,1,1.0,0,short_ok,1,scan_doc,1
KCI_FI002029403,fail_block,10,33,0,0,1,1.0,0,short_ok,1,scan_doc,1
KCI_FI002029403,fail_block,11,33,0,0,1,1.0,0,short_ok,1,scan_doc,1
KCI_FI002029403,fail_block,12,33,0,0,1,1.0,0,short_ok,1,scan_doc,1
KCI_FI002029403,fail_block,13,33,0,0,1,1.0,0,short_ok,1,scan_doc,1
KCI_FI002029403,fail_block,14,33,0,0,1,1.0,0,short_ok,1,scan_doc,1
KCI_FI002029403,fail_block,15,33,0,0,1,1.0,0,short_ok,1,scan_doc,1
KCI_FI002029403,fail_block,16,33,0,0,1,1.0,0,short_ok,1,scan_doc,1
KCI_FI002029403,fail_block,17,33,0,0,1,1.0,0,short_ok,1,scan_doc,1
KCI_FI002029403,fail_block,18,33,0,0,1,1.0,0,short_ok,1,scan_doc,1
KCI_FI002029403,fail_block,19,33,0,0,1,1.0,0,short_ok,1,scan_doc,1
KCI_FI002029403,fail_block,20,33,0,0,1,1.0,0,short_ok,1,scan_doc,1
KCI_FI002029403,fail_block,21,33,0,0,1,1.0,0,short_ok,1,scan_doc,1
KCI_FI002029403,fail_block,22,33,0,0,1,1.0,0,short_ok,1,scan_doc,1
KCI_FI002029403,fail_block,23,33,0,0,1,1.0,0,short_ok,1,scan_doc,1
KCI_FI002029403,fail_block,24,33,0,0,1,1.0,0,short_ok,1,scan_doc,1
KCI_FI002029403,fail_block,25,33,0,0,1,1.0,0,short_ok,1,scan_doc,1
KCI_FI002029400,fail_block,0,33,0,0,1,1.0,0,short_ok,1,scan_doc,1
KCI_FI002029400,fail_block,1,33,0,0,1,1.0,0,short_ok,1,scan_doc,1
KCI_FI002029400,fail_block,2,33,0,0,1,1.0,0,short_ok,1,scan_doc,1
KCI_FI002029400,fail_block,3,33,0,0,1,1.0,0,short_ok,1,scan_doc,1
KCI_FI002029400,fail_block,4,33,0,0,1,1.0,0,short_ok,1,scan_doc,1
KCI_FI002029400,fail_block,5,33,0,0,1,1.0,0,short_ok,1,scan_doc,1
KCI_FI002029400,fail_block,6,33,0,0,1,1.0,0,short_ok,1,scan_doc,1
KCI_FI002029400,fail_block,7,33,0,0,1,1.0,0,short_ok,1,scan_doc,1
KCI_FI002029400,fail_block,8,33,0,0,1,1.0,0,short_ok,1,scan_doc,1
KCI_FI002029400,fail_block,9,33,0,0,1,1.0,0,short_ok,1,scan_doc,1
KCI_FI002029400,fail_block,10,33,0,0,1,1.0,0,short_ok,1,scan_doc,1
KCI_FI002029400,fail_block,11,33,0,0,1,1.0,0,short_ok,1,scan_doc,1
KCI_FI002029400,fail_block,12,33,0,0,1,1.0,0,short_ok,1,scan_doc,1
KCI_FI002029400,fail_block,13,33,0,0,1,1.0,0,short_ok,1,scan_doc,1
KCI_FI002029400,fail_block,14,33,0,0,1,1.0,0,short_ok,1,scan_doc,1
KCI_FI002029400,fail_block,15,33,0,0,1,1.0,0,short_ok,1,scan_doc,1
KCI_FI002029400,fail_block,16,33,0,0,1,1.0,0,short_ok,1,scan_doc,1
KCI_FI002029400,fail_block,17,33,0,0,1,1.0,0,short_ok,1,scan_doc,1
KCI_FI002029400,fail_block,18,33,0,0,1,1.0,0,short_ok,1,scan_doc,1
KCI_FI002029400,fail_block,19,33,0,0,1,1.0,0,short_ok,1,scan_doc,1
KCI_FI002029400,fail_block,20,33,0,0,1,1.0,0,short_ok,1,scan_doc,1
KCI_FI002029400,fail_block,21,33,0,0,1,1.0,0,short_ok,1,scan_doc,1
KCI_FI002029400,fail_block,22,33,0,0,1,1.0,0,short_ok,1,scan_doc,1
KCI_FI002029400,fail_block,23,33,0,0,1,1.0,0,short_ok,1,scan_doc,1
KCI_FI002029402,fail_block,0,33,0,0,1,1.0,0,short_ok,1,scan_doc,1
KCI_FI002029402,fail_block,1,33,0,0,1,1.0,0,short_ok,1,scan_doc,1
KCI_FI002029402,fail_block,2,33,0,0,1,1.0,0,short_ok,1,scan_doc,1
KCI_FI002029402,fail_block,3,33,0,0,1,1.0,0,short_ok,1,scan_doc,1
KCI_FI002029402,fail_block,4,33,0,0,1,1.0,0,short_ok,1,scan_doc,1
KCI_FI002029402,fail_block,5,33,0,0,1,1.0,0,short_ok,1,scan_doc,1
KCI_FI002029402,fail_block,6,33,0,0,1,1.0,0,short_ok,1,scan_doc,1
KCI_FI002029402,fail_block,7,33,0,0,1,1.0,0,short_ok,1,scan_doc,1
KCI_FI002029402,fail_block,8,33,0,0,1,1.0,0,short_ok,1,scan_doc,1
KCI_FI002029402,fail_block,9,33,0,0,1,1.0,0,short_ok,1,scan_doc,1
KCI_FI002029402,fail_block,10,33,0,0,1,1.0,0,short_ok,1,scan_doc,1
KCI_FI002029402,fail_block,11,33,0,0,1,1.0,0,short_ok,1,scan_doc,1
KCI_FI002029402,fail_block,12,33,0,0,1,1.0,0,short_ok,1,scan_doc,1
KCI_FI002029402,fail_block,13,33,0,0,1,1.0,0,short_ok,1,scan_doc,1
KCI_FI002029402,fail_block,14,33,0,0,1,1.0,0,short_ok,1,scan_doc,1
KCI_FI002029402,fail_block,15,33,0,0,1,1.0,0,short_ok,1,scan_doc,1
KCI_FI002029402,fail_block,16,33,0,0,1,1.0,0,short_ok,1,scan_doc,1
KCI_FI002029402,fail_block,17,33,0,0,1,1.0,0,short_ok,1,scan_doc,1
KCI_FI002029402,fail_block,18,33,0,0,1,1.0,0,short_ok,1,scan_doc,1
KCI_FI002029402,fail_block,19,33,0,0,1,1.0,0,short_ok,1,scan_doc,1
KCI_FI002029402,fail_block,20,33,0,0,1,1.0,0,short_ok,1,scan_doc,1
KCI_FI002029402,fail_block,21,33,0,0,1,1.0,0,short_ok,1,scan_doc,1
KCI_FI002029383,fail_block,0,33,0,0,1,1.0,0,short_ok,1,scan_doc,1
KCI_FI002029383,fail_block,1,33,0,0,1,1.0,0,short_ok,1,scan_doc,1
KCI_FI002029383,fail_block,2,33,0,0,1,1.0,0,short_ok,1,scan_doc,1
KCI_FI002029383,fail_block,3,33,0,0,1,1.0,0,short_ok,1,scan_doc,1
KCI_FI002029383,fail_block,4,33,0,0,1,1.0,0,short_ok,1,scan_doc,1
KCI_FI002029383,fail_block,5,33,0,0,1,1.0,0,short_ok,1,scan_doc,1
KCI_FI002029383,fail_block,6,33,0,0,1,1.0,0,short_ok,1,scan_doc,1
KCI_FI002029383,fail_block,7,33,0,0,1,1.0,0,short_ok,1,scan_doc,1
KCI_FI002029383,fail_block,8,33,0,0,1,1.0,0,short_ok,1,scan_doc,1
KCI_FI002029383,fail_block,9,33,0,0,1,1.0,0,short_ok,1,scan_doc,1
KCI_FI002029383,fail_block,10,33,0,0,1,1.0,0,short_ok,1,scan_doc,1
KCI_FI002029383,fail_block,11,33,0,0,1,1.0,0,short_ok,1,scan_doc,1
KCI_FI002029383,fail_block,12,33,0,0,1,1.0,0,short_ok,1,scan_doc,1
KCI_FI002029383,fail_block,13,33,0,0,1,1.0,0,short_ok,1,scan_doc,1
KCI_FI002029383,fail_block,14,33,0,0,1,1.0,0,short_ok,1,scan_doc,1
KCI_FI002029383,fail_block,15,33,0,0,1,1.0,0,short_ok,1,scan_doc,1
KCI_FI002029383,fail_block,16,33,0,0,1,1.0,0,short_ok,1,scan_doc,1
KCI_FI002029383,fail_block,17,33,0,0,1,1.0,0,short_ok,1,scan_doc,1
KCI_FI002029383,fail_block,18,33,0,0,1,1.0,0,short_ok,1,scan_doc,1
KCI_FI002029383,fail_block,19,33,0,0,1,1.0,0,short_ok,1,scan_doc,1
KCI_FI002029383,fail_block,20,33,0,0,1,1.0,0,short_ok,1,scan_doc,1
KCI_FI002029383,fail_block,21,33,0,0,1,1.0,0,short_ok,1,scan_doc,1
KCI_FI002029384,fail_block,0,33,0,0,1,1.0,0,short_ok,1,scan_doc,1
KCI_FI002029384,fail_block,1,33,0,0,1,1.0,0,short_ok,1,scan_doc,1
KCI_FI002029384,fail_block,2,33,0,0,1,1.0,0,short_ok,1,scan_doc,1
KCI_FI002029384,fail_block,3,33,0,0,1,1.0,0,short_ok,1,scan_doc,1
KCI_FI002029384,fail_block,4,33,0,0,1,1.0,0,short_ok,1,scan_doc,1
KCI_FI002029384,fail_block,5,33,0,0,1,1.0,0,short_ok,1,scan_doc,1
KCI_FI002029384,fail_block,6,33,0,0,1,1.0,0,short_ok,1,scan_doc,1
KCI_FI002029384,fail_block,7,33,0,0,1,1.0,0,short_ok,1,scan_doc,1
KCI_FI002029384,fail_block,8,33,0,0,1,1.0,0,short_ok,1,scan_doc,1
KCI_FI002029384,fail_block,9,33,0,0,1,1.0,0,short_ok,1,scan_doc,1
KCI_FI002029384,fail_block,10,33,0,0,1,1.0,0,short_ok,1,scan_doc,1
KCI_FI002029384,fail_block,11,33,0,0,1,1.0,0,short_ok,1,scan_doc,1
KCI_FI002029384,fail_block,12,33,0,0,1,1.0,0,short_ok,1,scan_doc,1
KCI_FI002029384,fail_block,13,33,0,0,1,1.0,0,short_ok,1,scan_doc,1
KCI_FI002029384,fail_block,14,33,0,0,1,1.0,0,short_ok,1,scan_doc,1
KCI_FI002029384,fail_block,15,33,0,0,1,1.0,0,short_ok,1,scan_doc,1
KCI_FI002029384,fail_block,16,33,0,0,1,1.0,0,short_ok,1,scan_doc,1
KCI_FI002029384,fail_block,17,33,0,0,1,1.0,0,short_ok,1,scan_doc,1
KCI_FI002029384,fail_block,18,33,0,0,1,1.0,0,short_ok,1,scan_doc,1
KCI_FI002029384,fail_block,19,33,0,0,1,1.0,0,short_ok,1,scan_doc,1
KCI_FI002029384,fail_block,20,33,0,0,1,1.0,0,short_ok,1,scan_doc,1
KCI_FI002029384,fail_block,21,33,0,0,1,1.0,0,short_ok,1,scan_doc,1
KCI_FI002029384,fail_block,22,33,0,0,1,1.0,0,short_ok,1,scan_doc,1
KCI_FI002029384,fail_block,23,33,0,0,1,1.0,0,short_ok,1,scan_doc,1
KCI_FI002029384,fail_block,24,33,0,0,1,1.0,0,short_ok,1,scan_doc,1
KCI_FI002029384,fail_block,25,33,0,0,1,1.0,0,short_ok,1,scan_doc,1
KCI_FI002029385,fail_block,0,33,0,0,1,1.0,0,short_ok,1,scan_doc,1
KCI_FI002029385,fail_block,1,33,0,0,1,1.0,0,short_ok,1,scan_doc,1
KCI_FI002029385,fail_block,2,33,0,0,1,1.0,0,short_ok,1,scan_doc,1
KCI_FI002029385,fail_block,3,33,0,0,1,1.0,0,short_ok,1,scan_doc,1
KCI_FI002029385,fail_block,4,33,0,0,1,1.0,0,short_ok,1,scan_doc,1
KCI_FI002029385,fail_block,5,33,0,0,1,1.0,0,short_ok,1,scan_doc,1
KCI_FI002029385,fail_block,6,33,0,0,1,1.0,0,short_ok,1,scan_doc,1
KCI_FI002029385,fail_block,7,33,0,0,1,1.0,0,short_ok,1,scan_doc,1
KCI_FI002029385,fail_block,8,33,0,0,1,1.0,0,short_ok,1,scan_doc,1
KCI_FI002029385,fail_block,9,33,0,0,1,1.0,0,short_ok,1,scan_doc,1
KCI_FI002029385,fail_block,10,33,0,0,1,1.0,0,short_ok,1,scan_doc,1
KCI_FI002029385,fail_block,11,33,0,0,1,1.0,0,short_ok,1,scan_doc,1
KCI_FI002029385,fail_block,12,33,0,0,1,1.0,0,short_ok,1,scan_doc,1
KCI_FI002029385,fail_block,13,33,0,0,1,1.0,0,short_ok,1,scan_doc,1
KCI_FI002029385,fail_block,14,33,0,0,1,1.0,0,short_ok,1,scan_doc,1
KCI_FI002029385,fail_block,15,33,0,0,1,1.0,0,short_ok,1,scan_doc,1
KCI_FI002029385,fail_block,16,33,0,0,1,1.0,0,short_ok,1,scan_doc,1
KCI_FI002029385,fail_block,17,33,0,0,1,1.0,0,short_ok,1,scan_doc,1
KCI_FI002029385,fail_block,18,33,0,0,1,1.0,0,short_ok,1,scan_doc,1
KCI_FI002029385,fail_block,19,33,0,0,1,1.0,0,short_ok,1,scan_doc,1
KCI_FI002029385,fail_block,20,33,0,0,1,1.0,0,short_ok,1,scan_doc,1
KCI_FI002029385,fail_block,21,33,0,0,1,1.0,0,short_ok,1,scan_doc,1
KCI_FI002029385,fail_block,22,33,0,0,1,1.0,0,short_ok,1,scan_doc,1
KCI_FI002029393,fail_block,0,33,0,0,1,1.0,0,short_ok,1,scan_doc,1
KCI_FI002029393,fail_block,1,33,0,0,1,1.0,0,short_ok,1,scan_doc,1
KCI_FI002029393,fail_block,2,33,0,0,1,1.0,0,short_ok,1,scan_doc,1
KCI_FI002029393,fail_block,3,33,0,0,1,1.0,0,short_ok,1,scan_doc,1
KCI_FI002029393,fail_block,4,33,0,0,1,1.0,0,short_ok,1,scan_doc,1
KCI_FI002029393,fail_block,5,33,0,0,1,1.0,0,short_ok,1,scan_doc,1
KCI_FI002029393,fail_block,6,33,0,0,1,1.0,0,short_ok,1,scan_doc,1
KCI_FI002029393,fail_block,7,33,0,0,1,1.0,0,short_ok,1,scan_doc,1
KCI_FI002029393,fail_block,8,33,0,0,1,1.0,0,short_ok,1,scan_doc,1
KCI_FI002029393,fail_block,9,33,0,0,1,1.0,0,short_ok,1,scan_doc,1
KCI_FI002029393,fail_block,10,33,0,0,1,1.0,0,short_ok,1,scan_doc,1
KCI_FI002029393,fail_block,11,33,0,0,1,1.0,0,short_ok,1,scan_doc,1
KCI_FI002029393,fail_block,12,33,0,0,1,1.0,0,short_ok,1,scan_doc,1
KCI_FI002029393,fail_block,13,33,0,0,1,1.0,0,short_ok,1,scan_doc,1
KCI_FI002029393,fail_block,14,33,0,0,1,1.0,0,short_ok,1,scan_doc,1
KCI_FI002029393,fail_block,15,33,0,0,1,1.0,0,short_ok,1,scan_doc,1
KCI_FI002029393,fail_block,16,33,0,0,1,1.0,0,short_ok,1,scan_doc,1
KCI_FI002029393,fail_block,17,33,0,0,1,1.0,0,short_ok,1,scan_doc,1
KCI_FI002029393,fail_block,18,33,0,0,1,1.0,0,short_ok,1,scan_doc,1
KCI_FI002029393,fail_block,19,33,0,0,1,1.0,0,short_ok,1,scan_doc,1
KCI_FI002029395,fail_block,0,33,0,0,1,1.0,0,short_ok,1,scan_doc,1
KCI_FI002029395,fail_block,1,33,0,0,1,1.0,0,short_ok,1,scan_doc,1
KCI_FI002029395,fail_block,2,33,0,0,1,1.0,0,short_ok,1,scan_doc,1
KCI_FI002029395,fail_block,3,33,0,0,1,1.0,0,short_ok,1,scan_doc,1
KCI_FI002029395,fail_block,4,33,0,0,1,1.0,0,short_ok,1,scan_doc,1
KCI_FI002029395,fail_block,5,33,0,0,1,1.0,0,short_ok,1,scan_doc,1
KCI_FI002029395,fail_block,6,33,0,0,1,1.0,0,short_ok,1,scan_doc,1
KCI_FI002029395,fail_block,7,33,0,0,1,1.0,0,short_ok,1,scan_doc,1
KCI_FI002029395,fail_block,8,33,0,0,1,1.0,0,short_ok,1,scan_doc,1
KCI_FI002029395,fail_block,9,33,0,0,1,1.0,0,short_ok,1,scan_doc,1
KCI_FI002029395,fail_block,10,33,0,0,1,1.0,0,short_ok,1,scan_doc,1
KCI_FI002029395,fail_block,11,33,0,0,1,1.0,0,short_ok,1,scan_doc,1
KCI_FI002029395,fail_block,12,33,0,0,1,1.0,0,short_ok,1,scan_doc,1
KCI_FI002029395,fail_block,13,33,0,0,1,1.0,0,short_ok,1,scan_doc,1
KCI_FI002029395,fail_block,14,33,0,0,1,1.0,0,short_ok,1,scan_doc,1
KCI_FI002029395,fail_block,15,33,0,0,1,1.0,0,short_ok,1,scan_doc,1
KCI_FI002029395,fail_block,16,33,0,0,1,1.0,0,short_ok,1,scan_doc,1
KCI_FI002029395,fail_block,17,33,0,0,1,1.0,0,short_ok,1,scan_doc,1
KCI_FI002029395,fail_block,18,33,0,0,1,1.0,0,short_ok,1,scan_doc,1
KCI_FI002029395,fail_block,19,33,0,0,1,1.0,0,short_ok,1,scan_doc,1
KCI_FI002029395,fail_block,20,33,0,0,1,1.0,0,short_ok,1,scan_doc,1
KCI_FI002029395,fail_block,21,33,0,0,1,1.0,0,short_ok,1,scan_doc,1
KCI_FI002029395,fail_block,22,33,0,0,1,1.0,0,short_ok,1,scan_doc,1
KCI_FI002029395,fail_block,23,33,0,0,1,1.0,0,short_ok,1,scan_doc,1
KCI_FI002029395,fail_block,24,33,0,0,1,1.0,0,short_ok,1,scan_doc,1
KCI_FI002029395,fail_block,25,33,0,0,1,1.0,0,short_ok,1,scan_doc,1
KCI_FI002029391,fail_block,0,33,0,0,1,1.0,0,short_ok,1,scan_doc,1
KCI_FI002029391,fail_block,1,33,0,0,1,1.0,0,short_ok,1,scan_doc,1
KCI_FI002029391,fail_block,2,33,0,0,1,1.0,0,short_ok,1,scan_doc,1
KCI_FI002029391,fail_block,3,33,0,0,1,1.0,0,short_ok,1,scan_doc,1
KCI_FI002029391,fail_block,4,33,0,0,1,1.0,0,short_ok,1,scan_doc,1
KCI_FI002029391,fail_block,5,33,0,0,1,1.0,0,short_ok,1,scan_doc,1
KCI_FI002029391,fail_block,6,33,0,0,1,1.0,0,short_ok,1,scan_doc,1
KCI_FI002029391,fail_block,7,33,0,0,1,1.0,0,short_ok,1,scan_doc,1
KCI_FI002029391,fail_block,8,33,0,0,1,1.0,0,short_ok,1,scan_doc,1
KCI_FI002029391,fail_block,9,33,0,0,1,1.0,0,short_ok,1,scan_doc,1
KCI_FI002029391,fail_block,10,33,0,0,1,1.0,0,short_ok,1,scan_doc,1
KCI_FI002029391,fail_block,11,33,0,0,1,1.0,0,short_ok,1,scan_doc,1
KCI_FI002029391,fail_block,12,33,0,0,1,1.0,0,short_ok,1,scan_doc,1
KCI_FI002029391,fail_block,13,33,0,0,1,1.0,0,short_ok,1,scan_doc,1
KCI_FI002029391,fail_block,14,33,0,0,1,1.0,0,short_ok,1,scan_doc,1
KCI_FI002029391,fail_block,15,33,0,0,1,1.0,0,short_ok,1,scan_doc,1
KCI_FI002029391,fail_block,16,33,0,0,1,1.0,0,short_ok,1,scan_doc,1
KCI_FI002029391,fail_block,17,33,0,0,1,1.0,0,short_ok,1,scan_doc,1
KCI_FI002029391,fail_block,18,33,0,0,1,1.0,0,short_ok,1,scan_doc,1
KCI_FI002029391,fail_block,19,33,0,0,1,1.0,0,short_ok,1,scan_doc,1
KCI_FI002029382,fail_block,0,33,0,0,1,1.0,0,short_ok,1,scan_doc,1
KCI_FI002029382,fail_block,1,33,0,0,1,1.0,0,short_ok,1,scan_doc,1
KCI_FI002029382,fail_block,2,33,0,0,1,1.0,0,short_ok,1,scan_doc,1
KCI_FI002029382,fail_block,3,33,0,0,1,1.0,0,short_ok,1,scan_doc,1
KCI_FI002029382,fail_block,4,33,0,0,1,1.0,0,short_ok,1,scan_doc,1
KCI_FI002029382,fail_block,5,33,0,0,1,1.0,0,short_ok,1,scan_doc,1
KCI_FI002029382,fail_block,6,33,0,0,1,1.0,0,short_ok,1,scan_doc,1
KCI_FI002029382,fail_block,7,33,0,0,1,1.0,0,short_ok,1,scan_doc,1
KCI_FI002029382,fail_block,8,33,0,0,1,1.0,0,short_ok,1,scan_doc,1
KCI_FI002029382,fail_block,9,33,0,0,1,1.0,0,short_ok,1,scan_doc,1
KCI_FI002029382,fail_block,10,33,0,0,1,1.0,0,short_ok,1,scan_doc,1
KCI_FI002029382,fail_block,11,33,0,0,1,1.0,0,short_ok,1,scan_doc,1
KCI_FI002029382,fail_block,12,33,0,0,1,1.0,0,short_ok,1,scan_doc,1
KCI_FI002029382,fail_block,13,33,0,0,1,1.0,0,short_ok,1,scan_doc,1
KCI_FI002029382,fail_block,14,33,0,0,1,1.0,0,short_ok,1,scan_doc,1
KCI_FI002029382,fail_block,15,33,0,0,1,1.0,0,short_ok,1,scan_doc,1
KCI_FI002029382,fail_block,16,33,0,0,1,1.0,0,short_ok,1,scan_doc,1
KCI_FI002029382,fail_block,17,33,0,0,1,1.0,0,short_ok,1,scan_doc,1
KCI_FI002029382,fail_block,18,33,0,0,1,1.0,0,short_ok,1,scan_doc,1
KCI_FI002029382,fail_block,19,33,0,0,1,1.0,0,short_ok,1,scan_doc,1
KCI_FI002029382,fail_block,20,33,0,0,1,1.0,0,short_ok,1,scan_doc,1
KCI_FI002029382,fail_block,21,33,0,0,1,1.0,0,short_ok,1,scan_doc,1
KCI_FI002029382,fail_block,22,33,0,0,1,1.0,0,short_ok,1,scan_doc,1
KCI_FI002029382,fail_block,23,33,0,0,1,1.0,0,short_ok,1,scan_doc,1
KCI_FI002029387,fail_block,0,33,0,0,1,1.0,0,short_ok,1,scan_doc,1
KCI_FI002029387,fail_block,1,33,0,0,1,1.0,0,short_ok,1,scan_doc,1
KCI_FI002029387,fail_block,2,33,0,0,1,1.0,0,short_ok,1,scan_doc,1
KCI_FI002029387,fail_block,3,33,0,0,1,1.0,0,short_ok,1,scan_doc,1
KCI_FI002029387,fail_block,4,33,0,0,1,1.0,0,short_ok,1,scan_doc,1
KCI_FI002029387,fail_block,5,33,0,0,1,1.0,0,short_ok,1,scan_doc,1
KCI_FI002029387,fail_block,6,33,0,0,1,1.0,0,short_ok,1,scan_doc,1
KCI_FI002029387,fail_block,7,33,0,0,1,1.0,0,short_ok,1,scan_doc,1
KCI_FI002029387,fail_block,8,33,0,0,1,1.0,0,short_ok,1,scan_doc,1
KCI_FI002029387,fail_block,9,33,0,0,1,1.0,0,short_ok,1,scan_doc,1
KCI_FI002029387,fail_block,10,33,0,0,1,1.0,0,short_ok,1,scan_doc,1
KCI_FI002029387,fail_block,11,33,0,0,1,1.0,0,short_ok,1,scan_doc,1
KCI_FI002029387,fail_block,12,33,0,0,1,1.0,0,short_ok,1,scan_doc,1
KCI_FI002029387,fail_block,13,33,0,0,1,1.0,0,short_ok,1,scan_doc,1
KCI_FI002029388,fail_block,0,33,0,0,1,1.0,0,short_ok,1,scan_doc,1
KCI_FI002029388,fail_block,1,33,0,0,1,1.0,0,short_ok,1,scan_doc,1
KCI_FI002029388,fail_block,2,33,0,0,1,1.0,0,short_ok,1,scan_doc,1
KCI_FI002029388,fail_block,3,33,0,0,1,1.0,0,short_ok,1,scan_doc,1
KCI_FI002029388,fail_block,4,33,0,0,1,1.0,0,short_ok,1,scan_doc,1
KCI_FI002029388,fail_block,5,33,0,0,1,1.0,0,short_ok,1,scan_doc,1
KCI_FI002029388,fail_block,6,33,0,0,1,1.0,0,short_ok,1,scan_doc,1
KCI_FI002029388,fail_block,7,33,0,0,1,1.0,0,short_ok,1,scan_doc,1
KCI_FI002029388,fail_block,8,33,0,0,1,1.0,0,short_ok,1,scan_doc,1
KCI_FI002029388,fail_block,9,33,0,0,1,1.0,0,short_ok,1,scan_doc,1
KCI_FI002029388,fail_block,10,33,0,0,1,1.0,0,short_ok,1,scan_doc,1
KCI_FI002029388,fail_block,11,33,0,0,1,1.0,0,short_ok,1,scan_doc,1
KCI_FI002029388,fail_block,12,33,0,0,1,1.0,0,short_ok,1,scan_doc,1
KCI_FI002029388,fail_block,13,33,0,0,1,1.0,0,short_ok,1,scan_doc,1
KCI_FI002029388,fail_block,14,33,0,0,1,1.0,0,short_ok,1,scan_doc,1
KCI_FI002029388,fail_block,15,33,0,0,1,1.0,0,short_ok,1,scan_doc,1
KCI_FI002029388,fail_block,16,33,0,0,1,1.0,0,short_ok,1,scan_doc,1
KCI_FI002029388,fail_block,17,33,0,0,1,1.0,0,short_ok,1,scan_doc,1
KCI_FI002029388,fail_block,18,33,0,0,1,1.0,0,short_ok,1,scan_doc,1
KCI_FI002029388,fail_block,19,33,0,0,1,1.0,0,short_ok,1,scan_doc,1
KCI_FI002029388,fail_block,20,33,0,0,1,1.0,0,short_ok,1,scan_doc,1
KCI_FI002029388,fail_block,21,33,0,0,1,1.0,0,short_ok,1,scan_doc,1
KCI_FI002029388,fail_block,22,33,0,0,1,1.0,0,short_ok,1,scan_doc,1
KCI_FI002029388,fail_block,23,33,0,0,1,1.0,0,short_ok,1,scan_doc,1
KCI_FI002029388,fail_block,24,33,0,0,1,1.0,0,short_ok,1,scan_doc,1
KCI_FI002029388,fail_block,25,33,0,0,1,1.0,0,short_ok,1,scan_doc,1
KCI_FI002029388,fail_block,26,33,0,0,1,1.0,0,short_ok,1,scan_doc,1
KCI_FI002029388,fail_block,27,33,0,0,1,1.0,0,short_ok,1,scan_doc,1
KCI_FI002029388,fail_block,28,33,0,0,1,1.0,0,short_ok,1,scan_doc,1
KCI_FI002029388,fail_block,29,33,0,0,1,1.0,0,short_ok,1,scan_doc,1
KCI_FI002029388,fail_block,30,33,0,0,1,1.0,0,short_ok,1,scan_doc,1
KCI_FI002029388,fail_block,31,33,0,0,1,1.0,0,short_ok,1,scan_doc,1
KCI_FI002029388,fail_block,32,33,0,0,1,1.0,0,short_ok,1,scan_doc,1
KCI_FI002029388,fail_block,33,33,0,0,1,1.0,0,short_ok,1,scan_doc,1
KCI_FI002029388,fail_block,34,33,0,0,1,1.0,0,short_ok,1,scan_doc,1
KCI_FI002029388,fail_block,35,33,0,0,1,1.0,0,short_ok,1,scan_doc,1
KCI_FI002029386,fail_block,0,33,0,0,1,1.0,0,short_ok,1,scan_doc,1
KCI_FI002029386,fail_block,1,33,0,0,1,1.0,0,short_ok,1,scan_doc,1
KCI_FI002029386,fail_block,2,33,0,0,1,1.0,0,short_ok,1,scan_doc,1
KCI_FI002029386,fail_block,3,33,0,0,1,1.0,0,short_ok,1,scan_doc,1
KCI_FI002029386,fail_block,4,33,0,0,1,1.0,0,short_ok,1,scan_doc,1
KCI_FI002029386,fail_block,5,33,0,0,1,1.0,0,short_ok,1,scan_doc,1
KCI_FI002029386,fail_block,6,33,0,0,1,1.0,0,short_ok,1,scan_doc,1
KCI_FI002029386,fail_block,7,33,0,0,1,1.0,0,short_ok,1,scan_doc,1
KCI_FI002029386,fail_block,8,33,0,0,1,1.0,0,short_ok,1,scan_doc,1
KCI_FI002029386,fail_block,9,33,0,0,1,1.0,0,short_ok,1,scan_doc,1
KCI_FI002029386,fail_block,10,33,0,0,1,1.0,0,short_ok,1,scan_doc,1
KCI_FI002029386,fail_block,11,33,0,0,1,1.0,0,short_ok,1,scan_doc,1
KCI_FI002029386,fail_block,12,33,0,0,1,1.0,0,short_ok,1,scan_doc,1
KCI_FI002029386,fail_block,13,33,0,0,1,1.0,0,short_ok,1,scan_doc,1
KCI_FI002029390,fail_block,0,33,0,0,1,1.0,0,short_ok,1,scan_doc,1
KCI_FI002029390,fail_block,1,33,0,0,1,1.0,0,short_ok,1,scan_doc,1
KCI_FI002029390,fail_block,2,33,0,0,1,1.0,0,short_ok,1,scan_doc,1
KCI_FI002029390,fail_block,3,33,0,0,1,1.0,0,short_ok,1,scan_doc,1
KCI_FI002029390,fail_block,4,33,0,0,1,1.0,0,short_ok,1,scan_doc,1
KCI_FI002029390,fail_block,5,33,0,0,1,1.0,0,short_ok,1,scan_doc,1
KCI_FI002029390,fail_block,6,33,0,0,1,1.0,0,short_ok,1,scan_doc,1
KCI_FI002029390,fail_block,7,33,0,0,1,1.0,0,short_ok,1,scan_doc,1
KCI_FI002029390,fail_block,8,33,0,0,1,1.0,0,short_ok,1,scan_doc,1
KCI_FI002029390,fail_block,9,33,0,0,1,1.0,0,short_ok,1,scan_doc,1
KCI_FI002029390,fail_block,10,33,0,0,1,1.0,0,short_ok,1,scan_doc,1
KCI_FI002029390,fail_block,11,33,0,0,1,1.0,0,short_ok,1,scan_doc,1
KCI_FI002029390,fail_block,12,33,0,0,1,1.0,0,short_ok,1,scan_doc,1
KCI_FI002029390,fail_block,13,33,0,0,1,1.0,0,short_ok,1,scan_doc,1
KCI_FI002029390,fail_block,14,33,0,0,1,1.0,0,short_ok,1,scan_doc,1
KCI_FI002029390,fail_block,15,33,0,0,1,1.0,0,short_ok,1,scan_doc,1
KCI_FI002029390,fail_block,16,33,0,0,1,1.0,0,short_ok,1,scan_doc,1
KCI_FI002029390,fail_block,17,33,0,0,1,1.0,0,short_ok,1,scan_doc,1
KCI_FI002029390,fail_block,18,33,0,0,1,1.0,0,short_ok,1,scan_doc,1
KCI_FI002029390,fail_block,19,33,0,0,1,1.0,0,short_ok,1,scan_doc,1
KCI_FI002029390,fail_block,20,33,0,0,1,1.0,0,short_ok,1,scan_doc,1
KCI_FI002029390,fail_block,21,33,0,0,1,1.0,0,short_ok,1,scan_doc,1
KCI_FI002029390,fail_block,22,33,0,0,1,1.0,0,short_ok,1,scan_doc,1
KCI_FI002029390,fail_block,23,33,0,0,1,1.0,0,short_ok,1,scan_doc,1
KCI_FI002029390,fail_block,24,33,0,0,1,1.0,0,short_ok,1,scan_doc,1
KCI_FI002029390,fail_block,25,33,0,0,1,1.0,0,short_ok,1,scan_doc,1
KCI_FI002029390,fail_block,26,33,0,0,1,1.0,0,short_ok,1,scan_doc,1
KCI_FI002029390,fail_block,27,33,0,0,1,1.0,0,short_ok,1,scan_doc,1
KCI_FI002029390,fail_block,28,33,0,0,1,1.0,0,short_ok,1,scan_doc,1
KCI_FI002029390,fail_block,29,33,0,0,1,1.0,0,short_ok,1,scan_doc,1
KCI_FI002029390,fail_block,30,33,0,0,1,1.0,0,short_ok,1,scan_doc,1
KCI_FI002029390,fail_block,31,33,0,0,1,1.0,0,short_ok,1,scan_doc,1
KCI_FI002029390,fail_block,32,33,0,0,1,1.0,0,short_ok,1,scan_doc,1
KCI_FI002029390,fail_block,33,33,0,0,1,1.0,0,short_ok,1,scan_doc,1
KCI_FI002029390,fail_block,34,33,0,0,1,1.0,0,short_ok,1,scan_doc,1
KCI_FI002029390,fail_block,35,33,0,0,1,1.0,0,short_ok,1,scan_doc,1
KCI_FI002029390,fail_block,36,33,0,0,1,1.0,0,short_ok,1,scan_doc,1
KCI_FI002029390,fail_block,37,33,0,0,1,1.0,0,short_ok,1,scan_doc,1
KCI_FI002029390,fail_block,38,33,0,0,1,1.0,0,short_ok,1,scan_doc,1
KCI_FI002029390,fail_block,39,33,0,0,1,1.0,0,short_ok,1,scan_doc,1
KCI_FI002029390,fail_block,40,33,0,0,1,1.0,0,short_ok,1,scan_doc,1
KCI_FI002029390,fail_block,41,33,0,0,1,1.0,0,short_ok,1,scan_doc,1
KCI_FI002029390,fail_block,42,33,0,0,1,1.0,0,short_ok,1,scan_doc,1
KCI_FI002029390,fail_block,43,33,0,0,1,1.0,0,short_ok,1,scan_doc,1
KCI_FI002029390,fail_block,44,33,0,0,1,1.0,0,short_ok,1,scan_doc,1
KCI_FI002029390,fail_block,45,33,0,0,1,1.0,0,short_ok,1,scan_doc,1
KCI_FI002029390,fail_block,46,33,0,0,1,1.0,0,short_ok,1,scan_doc,1
KCI_FI002029390,fail_block,47,33,0,0,1,1.0,0,short_ok,1,scan_doc,1
KCI_FI002029390,fail_block,48,33,0,0,1,1.0,0,short_ok,1,scan_doc,1
KCI_FI002029390,fail_block,49,33,0,0,1,1.0,0,short_ok,1,scan_doc,1
KCI_FI002029390,fail_block,50,33,0,0,1,1.0,0,short_ok,1,scan_doc,1
KCI_FI002029390,fail_block,51,33,0,0,1,1.0,0,short_ok,1,scan_doc,1
KCI_FI002029390,fail_block,52,33,0,0,1,1.0,0,short_ok,1,scan_doc,1
KCI_FI002029390,fail_block,53,33,0,0,1,1.0,0,short_ok,1,scan_doc,1
KCI_FI002029389,fail_block,0,33,0,0,1,1.0,0,short_ok,1,scan_doc,1
KCI_FI002029389,fail_block,1,33,0,0,1,1.0,0,short_ok,1,scan_doc,1
KCI_FI002029389,fail_block,2,33,0,0,1,1.0,0,short_ok,1,scan_doc,1
KCI_FI002029389,fail_block,3,33,0,0,1,1.0,0,short_ok,1,scan_doc,1
KCI_FI002029389,fail_block,4,33,0,0,1,1.0,0,short_ok,1,scan_doc,1
KCI_FI002029389,fail_block,5,33,0,0,1,1.0,0,short_ok,1,scan_doc,1
KCI_FI002029389,fail_block,6,33,0,0,1,1.0,0,short_ok,1,scan_doc,1
KCI_FI002029389,fail_block,7,33,0,0,1,1.0,0,short_ok,1,scan_doc,1
KCI_FI002029389,fail_block,8,33,0,0,1,1.0,0,short_ok,1,scan_doc,1
KCI_FI002029389,fail_block,9,33,0,0,1,1.0,0,short_ok,1,scan_doc,1
KCI_FI002029389,fail_block,10,33,0,0,1,1.0,0,short_ok,1,scan_doc,1
KCI_FI002029389,fail_block,11,33,0,0,1,1.0,0,short_ok,1,scan_doc,1
KCI_FI002029389,fail_block,12,33,0,0,1,1.0,0,short_ok,1,scan_doc,1
KCI_FI002029389,fail_block,13,33,0,0,1,1.0,0,short_ok,1,scan_doc,1
KCI_FI002029389,fail_block,14,33,0,0,1,1.0,0,short_ok,1,scan_doc,1
KCI_FI002029389,fail_block,15,33,0,0,1,1.0,0,short_ok,1,scan_doc,1
KCI_FI002029389,fail_block,16,33,0,0,1,1.0,0,short_ok,1,scan_doc,1
KCI_FI002029389,fail_block,17,33,0,0,1,1.0,0,short_ok,1,scan_doc,1
KCI_FI002029389,fail_block,18,33,0,0,1,1.0,0,short_ok,1,scan_doc,1
KCI_FI002029389,fail_block,19,33,0,0,1,1.0,0,short_ok,1,scan_doc,1
KCI_FI002029389,fail_block,20,33,0,0,1,1.0,0,short_ok,1,scan_doc,1
KCI_FI002029389,fail_block,21,33,0,0,1,1.0,0,short_ok,1,scan_doc,1
KCI_FI002029392,fail_block,0,33,0,0,1,1.0,0,short_ok,1,scan_doc,1
KCI_FI002029392,fail_block,1,33,0,0,1,1.0,0,short_ok,1,scan_doc,1
KCI_FI002029392,fail_block,2,33,0,0,1,1.0,0,short_ok,1,scan_doc,1
KCI_FI002029392,fail_block,3,33,0,0,1,1.0,0,short_ok,1,scan_doc,1
KCI_FI002029392,fail_block,4,33,0,0,1,1.0,0,short_ok,1,scan_doc,1
KCI_FI002029392,fail_block,5,33,0,0,1,1.0,0,short_ok,1,scan_doc,1
KCI_FI002029392,fail_block,6,33,0,0,1,1.0,0,short_ok,1,scan_doc,1
KCI_FI002029392,fail_block,7,33,0,0,1,1.0,0,short_ok,1,scan_doc,1
KCI_FI002029392,fail_block,8,33,0,0,1,1.0,0,short_ok,1,scan_doc,1
KCI_FI002029392,fail_block,9,33,0,0,1,1.0,0,short_ok,1,scan_doc,1
KCI_FI002029392,fail_block,10,33,0,0,1,1.0,0,short_ok,1,scan_doc,1
KCI_FI002029392,fail_block,11,33,0,0,1,1.0,0,short_ok,1,scan_doc,1
KCI_FI002029392,fail_block,12,33,0,0,1,1.0,0,short_ok,1,scan_doc,1
KCI_FI002029392,fail_block,13,33,0,0,1,1.0,0,short_ok,1,scan_doc,1
KCI_FI002029392,fail_block,14,33,0,0,1,1.0,0,short_ok,1,scan_doc,1
KCI_FI002029392,fail_block,15,33,0,0,1,1.0,0,short_ok,1,scan_doc,1
KCI_FI002029392,fail_block,16,33,0,0,1,1.0,0,short_ok,1,scan_doc,1
KCI_FI002029392,fail_block,17,33,0,0,1,1.0,0,short_ok,1,scan_doc,1
KCI_FI002029392,fail_block,18,33,0,0,1,1.0,0,short_ok,1,scan_doc,1
KCI_FI002029392,fail_block,19,33,0,0,1,1.0,0,short_ok,1,scan_doc,1
KCI_FI002029392,fail_block,20,33,0,0,1,1.0,0,short_ok,1,scan_doc,1
KCI_FI002029392,fail_block,21,33,0,0,1,1.0,0,short_ok,1,scan_doc,1
KCI_FI002029392,fail_block,22,33,0,0,1,1.0,0,short_ok,1,scan_doc,1
KCI_FI002029392,fail_block,23,33,0,0,1,1.0,0,short_ok,1,scan_doc,1
KCI_FI002029392,fail_block,24,33,0,0,1,1.0,0,short_ok,1,scan_doc,1
KCI_FI002029392,fail_block,25,33,0,0,1,1.0,0,short_ok,1,scan_doc,1
KCI_FI002029394,fail_block,0,33,0,0,1,1.0,0,short_ok,1,scan_doc,1
KCI_FI002029394,fail_block,1,33,0,0,1,1.0,0,short_ok,1,scan_doc,1
KCI_FI002029394,fail_block,2,33,0,0,1,1.0,0,short_ok,1,scan_doc,1
KCI_FI002029394,fail_block,3,33,0,0,1,1.0,0,short_ok,1,scan_doc,1
KCI_FI002029394,fail_block,4,33,0,0,1,1.0,0,short_ok,1,scan_doc,1
KCI_FI002029394,fail_block,5,33,0,0,1,1.0,0,short_ok,1,scan_doc,1
KCI_FI002029394,fail_block,6,33,0,0,1,1.0,0,short_ok,1,scan_doc,1
KCI_FI002029394,fail_block,7,33,0,0,1,1.0,0,short_ok,1,scan_doc,1
KCI_FI002029394,fail_block,8,33,0,0,1,1.0,0,short_ok,1,scan_doc,1
KCI_FI002029394,fail_block,9,33,0,0,1,1.0,0,short_ok,1,scan_doc,1
KCI_FI002029394,fail_block,10,33,0,0,1,1.0,0,short_ok,1,scan_doc,1
KCI_FI002029394,fail_block,11,33,0,0,1,1.0,0,short_ok,1,scan_doc,1
KCI_FI002029394,fail_block,12,33,0,0,1,1.0,0,short_ok,1,scan_doc,1
KCI_FI002029394,fail_block,13,33,0,0,1,1.0,0,short_ok,1,scan_doc,1
KCI_FI002029394,fail_block,14,33,0,0,1,1.0,0,short_ok,1,scan_doc,1
KCI_FI002029394,fail_block,15,33,0,0,1,1.0,0,short_ok,1,scan_doc,1
KCI_FI002029394,fail_block,16,33,0,0,1,1.0,0,short_ok,1,scan_doc,1
KCI_FI002029394,fail_block,17,33,0,0,1,1.0,0,short_ok,1,scan_doc,1
KCI_FI002029394,fail_block,18,33,0,0,1,1.0,0,short_ok,1,scan_doc,1
KCI_FI002029394,fail_block,19,33,0,0,1,1.0,0,short_ok,1,scan_doc,1
KCI_FI002029349,fail_block,0,33,0,0,1,1.0,0,short_ok,1,scan_doc,1
KCI_FI002029349,fail_block,1,33,0,0,1,1.0,0,short_ok,1,scan_doc,1
KCI_FI002029349,fail_block,2,33,0,0,1,1.0,0,short_ok,1,scan_doc,1
KCI_FI002029349,fail_block,3,33,0,0,1,1.0,0,short_ok,1,scan_doc,1
KCI_FI002029349,fail_block,4,33,0,0,1,1.0,0,short_ok,1,scan_doc,1
KCI_FI002029349,fail_block,5,33,0,0,1,1.0,0,short_ok,1,scan_doc,1
KCI_FI002029349,fail_block,6,33,0,0,1,1.0,0,short_ok,1,scan_doc,1
KCI_FI002029349,fail_block,7,33,0,0,1,1.0,0,short_ok,1,scan_doc,1
KCI_FI002029349,fail_block,8,33,0,0,1,1.0,0,short_ok,1,scan_doc,1
KCI_FI002029349,fail_block,9,33,0,0,1,1.0,0,short_ok,1,scan_doc,1
KCI_FI002029349,fail_block,10,33,0,0,1,1.0,0,short_ok,1,scan_doc,1
KCI_FI002029349,fail_block,11,33,0,0,1,1.0,0,short_ok,1,scan_doc,1
KCI_FI002029349,fail_block,12,33,0,0,1,1.0,0,short_ok,1,scan_doc,1
KCI_FI002029349,fail_block,13,33,0,0,1,1.0,0,short_ok,1,scan_doc,1
KCI_FI002029349,fail_block,14,33,0,0,1,1.0,0,short_ok,1,scan_doc,1
KCI_FI002029349,fail_block,15,33,0,0,1,1.0,0,short_ok,1,scan_doc,1
KCI_FI002029347,fail_block,0,33,0,0,1,1.0,0,short_ok,1,scan_doc,1
KCI_FI002029347,fail_block,1,33,0,0,1,1.0,0,short_ok,1,scan_doc,1
KCI_FI002029347,fail_block,2,33,0,0,1,1.0,0,short_ok,1,scan_doc,1
KCI_FI002029347,fail_block,3,33,0,0,1,1.0,0,short_ok,1,scan_doc,1
KCI_FI002029347,fail_block,4,33,0,0,1,1.0,0,short_ok,1,scan_doc,1
KCI_FI002029347,fail_block,5,33,0,0,1,1.0,0,short_ok,1,scan_doc,1
KCI_FI002029347,fail_block,6,33,0,0,1,1.0,0,short_ok,1,scan_doc,1
KCI_FI002029347,fail_block,7,33,0,0,1,1.0,0,short_ok,1,scan_doc,1
KCI_FI002029347,fail_block,8,33,0,0,1,1.0,0,short_ok,1,scan_doc,1
KCI_FI002029347,fail_block,9,33,0,0,1,1.0,0,short_ok,1,scan_doc,1
KCI_FI002029347,fail_block,10,33,0,0,1,1.0,0,short_ok,1,scan_doc,1
KCI_FI002029347,fail_block,11,33,0,0,1,1.0,0,short_ok,1,scan_doc,1
KCI_FI002029352,fail_block,0,33,0,0,1,1.0,0,short_ok,1,scan_doc,1
KCI_FI002029352,fail_block,1,33,0,0,1,1.0,0,short_ok,1,scan_doc,1
KCI_FI002029352,fail_block,2,33,0,0,1,1.0,0,short_ok,1,scan_doc,1
KCI_FI002029352,fail_block,3,33,0,0,1,1.0,0,short_ok,1,scan_doc,1
KCI_FI002029352,fail_block,4,33,0,0,1,1.0,0,short_ok,1,scan_doc,1
KCI_FI002029352,fail_block,5,33,0,0,1,1.0,0,short_ok,1,scan_doc,1
KCI_FI002029352,fail_block,6,33,0,0,1,1.0,0,short_ok,1,scan_doc,1
KCI_FI002029352,fail_block,7,33,0,0,1,1.0,0,short_ok,1,scan_doc,1
KCI_FI002029352,fail_block,8,33,0,0,1,1.0,0,short_ok,1,scan_doc,1
KCI_FI002029352,fail_block,9,33,0,0,1,1.0,0,short_ok,1,scan_doc,1
KCI_FI002029352,fail_block,10,33,0,0,1,1.0,0,short_ok,1,scan_doc,1
KCI_FI002029352,fail_block,11,33,0,0,1,1.0,0,short_ok,1,scan_doc,1
KCI_FI002029352,fail_block,12,33,0,0,1,1.0,0,short_ok,1,scan_doc,1
KCI_FI002029352,fail_block,13,33,0,0,1,1.0,0,short_ok,1,scan_doc,1
KCI_FI002029352,fail_block,14,33,0,0,1,1.0,0,short_ok,1,scan_doc,1
KCI_FI002029352,fail_block,15,33,0,0,1,1.0,0,short_ok,1,scan_doc,1
KCI_FI002029344,fail_block,0,33,0,0,1,1.0,0,short_ok,1,scan_doc,1
KCI_FI002029344,fail_block,1,33,0,0,1,1.0,0,short_ok,1,scan_doc,1
KCI_FI002029344,fail_block,2,33,0,0,1,1.0,0,short_ok,1,scan_doc,1
KCI_FI002029344,fail_block,3,33,0,0,1,1.0,0,short_ok,1,scan_doc,1
KCI_FI002029344,fail_block,4,33,0,0,1,1.0,0,short_ok,1,scan_doc,1
KCI_FI002029344,fail_block,5,33,0,0,1,1.0,0,short_ok,1,scan_doc,1
KCI_FI002029344,fail_block,6,33,0,0,1,1.0,0,short_ok,1,scan_doc,1
KCI_FI002029344,fail_block,7,33,0,0,1,1.0,0,short_ok,1,scan_doc,1
KCI_FI002029344,fail_block,8,33,0,0,1,1.0,0,short_ok,1,scan_doc,1
KCI_FI002029344,fail_block,9,33,0,0,1,1.0,0,short_ok,1,scan_doc,1
KCI_FI002029344,fail_block,10,33,0,0,1,1.0,0,short_ok,1,scan_doc,1
KCI_FI002029344,fail_block,11,33,0,0,1,1.0,0,short_ok,1,scan_doc,1
KCI_FI002029344,fail_block,12,33,0,0,1,1.0,0,short_ok,1,scan_doc,1
KCI_FI002029344,fail_block,13,33,0,0,1,1.0,0,short_ok,1,scan_doc,1
KCI_FI002029344,fail_block,14,33,0,0,1,1.0,0,short_ok,1,scan_doc,1
KCI_FI002029344,fail_block,15,33,0,0,1,1.0,0,short_ok,1,scan_doc,1
KCI_FI002029339,fail_block,0,33,0,0,1,1.0,0,short_ok,1,scan_doc,1
KCI_FI002029339,fail_block,1,33,0,0,1,1.0,0,short_ok,1,scan_doc,1
KCI_FI002029339,fail_block,2,33,0,0,1,1.0,0,short_ok,1,scan_doc,1
KCI_FI002029339,fail_block,3,33,0,0,1,1.0,0,short_ok,1,scan_doc,1
KCI_FI002029339,fail_block,4,33,0,0,1,1.0,0,short_ok,1,scan_doc,1
KCI_FI002029339,fail_block,5,33,0,0,1,1.0,0,short_ok,1,scan_doc,1
KCI_FI002029339,fail_block,6,33,0,0,1,1.0,0,short_ok,1,scan_doc,1
KCI_FI002029339,fail_block,7,33,0,0,1,1.0,0,short_ok,1,scan_doc,1
KCI_FI002029339,fail_block,8,33,0,0,1,1.0,0,short_ok,1,scan_doc,1
KCI_FI002029339,fail_block,9,33,0,0,1,1.0,0,short_ok,1,scan_doc,1
KCI_FI002029339,fail_block,10,33,0,0,1,1.0,0,short_ok,1,scan_doc,1
KCI_FI002029339,fail_block,11,33,0,0,1,1.0,0,short_ok,1,scan_doc,1
KCI_FI002029339,fail_block,12,33,0,0,1,1.0,0,short_ok,1,scan_doc,1
KCI_FI002029339,fail_block,13,33,0,0,1,1.0,0,short_ok,1,scan_doc,1
KCI_FI002029339,fail_block,14,33,0,0,1,1.0,0,short_ok,1,scan_doc,1
KCI_FI002029339,fail_block,15,33,0,0,1,1.0,0,short_ok,1,scan_doc,1
KCI_FI002029339,fail_block,16,33,0,0,1,1.0,0,short_ok,1,scan_doc,1
KCI_FI002029339,fail_block,17,33,0,0,1,1.0,0,short_ok,1,scan_doc,1
KCI_FI002029339,fail_block,18,33,0,0,1,1.0,0,short_ok,1,scan_doc,1
KCI_FI002029339,fail_block,19,33,0,0,1,1.0,0,short_ok,1,scan_doc,1
KCI_FI002029339,fail_block,20,33,0,0,1,1.0,0,short_ok,1,scan_doc,1
KCI_FI002029339,fail_block,21,33,0,0,1,1.0,0,short_ok,1,scan_doc,1
KCI_FI002029339,fail_block,22,33,0,0,1,1.0,0,short_ok,1,scan_doc,1
KCI_FI002029339,fail_block,23,33,0,0,1,1.0,0,short_ok,1,scan_doc,1
KCI_FI002029339,fail_block,24,33,0,0,1,1.0,0,short_ok,1,scan_doc,1
KCI_FI002029339,fail_block,25,33,0,0,1,1.0,0,short_ok,1,scan_doc,1
KCI_FI002029339,fail_block,26,33,0,0,1,1.0,0,short_ok,1,scan_doc,1
KCI_FI002029339,fail_block,27,33,0,0,1,1.0,0,short_ok,1,scan_doc,1
KCI_FI002029342,fail_block,0,33,0,0,1,1.0,0,short_ok,1,scan_doc,1
KCI_FI002029342,fail_block,1,33,0,0,1,1.0,0,short_ok,1,scan_doc,1
KCI_FI002029342,fail_block,2,33,0,0,1,1.0,0,short_ok,1,scan_doc,1
KCI_FI002029342,fail_block,3,33,0,0,1,1.0,0,short_ok,1,scan_doc,1
KCI_FI002029342,fail_block,4,33,0,0,1,1.0,0,short_ok,1,scan_doc,1
KCI_FI002029342,fail_block,5,33,0,0,1,1.0,0,short_ok,1,scan_doc,1
KCI_FI002029342,fail_block,6,33,0,0,1,1.0,0,short_ok,1,scan_doc,1
KCI_FI002029342,fail_block,7,33,0,0,1,1.0,0,short_ok,1,scan_doc,1
KCI_FI002029342,fail_block,8,33,0,0,1,1.0,0,short_ok,1,scan_doc,1
KCI_FI002029342,fail_block,9,33,0,0,1,1.0,0,short_ok,1,scan_doc,1
KCI_FI002029342,fail_block,10,33,0,0,1,1.0,0,short_ok,1,scan_doc,1
KCI_FI002029342,fail_block,11,33,0,0,1,1.0,0,short_ok,1,scan_doc,1
KCI_FI002029342,fail_block,12,33,0,0,1,1.0,0,short_ok,1,scan_doc,1
KCI_FI002029342,fail_block,13,33,0,0,1,1.0,0,short_ok,1,scan_doc,1
KCI_FI002029340,fail_block,0,33,0,0,1,1.0,0,short_ok,1,scan_doc,1
KCI_FI002029340,fail_block,1,33,0,0,1,1.0,0,short_ok,1,scan_doc,1
KCI_FI002029340,fail_block,2,33,0,0,1,1.0,0,short_ok,1,scan_doc,1
KCI_FI002029340,fail_block,3,33,0,0,1,1.0,0,short_ok,1,scan_doc,1
KCI_FI002029340,fail_block,4,33,0,0,1,1.0,0,short_ok,1,scan_doc,1
KCI_FI002029340,fail_block,5,33,0,0,1,1.0,0,short_ok,1,scan_doc,1
KCI_FI002029340,fail_block,6,33,0,0,1,1.0,0,short_ok,1,scan_doc,1
KCI_FI002029340,fail_block,7,33,0,0,1,1.0,0,short_ok,1,scan_doc,1
KCI_FI002029340,fail_block,8,33,0,0,1,1.0,0,short_ok,1,scan_doc,1
KCI_FI002029340,fail_block,9,33,0,0,1,1.0,0,short_ok,1,scan_doc,1
KCI_FI002029340,fail_block,10,33,0,0,1,1.0,0,short_ok,1,scan_doc,1
KCI_FI002029340,fail_block,11,33,0,0,1,1.0,0,short_ok,1,scan_doc,1
KCI_FI002029340,fail_block,12,33,0,0,1,1.0,0,short_ok,1,scan_doc,1
KCI_FI002029340,fail_block,13,33,0,0,1,1.0,0,short_ok,1,scan_doc,1
KCI_FI002029340,fail_block,14,33,0,0,1,1.0,0,short_ok,1,scan_doc,1
KCI_FI002029340,fail_block,15,33,0,0,1,1.0,0,short_ok,1,scan_doc,1
KCI_FI002029340,fail_block,16,33,0,0,1,1.0,0,short_ok,1,scan_doc,1
KCI_FI002029340,fail_block,17,33,0,0,1,1.0,0,short_ok,1,scan_doc,1
KCI_FI002029340,fail_block,18,33,0,0,1,1.0,0,short_ok,1,scan_doc,1
KCI_FI002029340,fail_block,19,33,0,0,1,1.0,0,short_ok,1,scan_doc,1
KCI_FI002029351,fail_block,0,33,0,0,1,1.0,0,short_ok,1,scan_doc,1
KCI_FI002029351,fail_block,1,33,0,0,1,1.0,0,short_ok,1,scan_doc,1
KCI_FI002029351,fail_block,2,33,0,0,1,1.0,0,short_ok,1,scan_doc,1
KCI_FI002029351,fail_block,3,33,0,0,1,1.0,0,short_ok,1,scan_doc,1
KCI_FI002029351,fail_block,4,33,0,0,1,1.0,0,short_ok,1,scan_doc,1
KCI_FI002029351,fail_block,5,33,0,0,1,1.0,0,short_ok,1,scan_doc,1
KCI_FI002029351,fail_block,6,33,0,0,1,1.0,0,short_ok,1,scan_doc,1
KCI_FI002029351,fail_block,7,33,0,0,1,1.0,0,short_ok,1,scan_doc,1
KCI_FI002029351,fail_block,8,33,0,0,1,1.0,0,short_ok,1,scan_doc,1
KCI_FI002029351,fail_block,9,33,0,0,1,1.0,0,short_ok,1,scan_doc,1
KCI_FI002029351,fail_block,10,33,0,0,1,1.0,0,short_ok,1,scan_doc,1
KCI_FI002029351,fail_block,11,33,0,0,1,1.0,0,short_ok,1,scan_doc,1
KCI_FI002029348,fail_block,0,33,0,0,1,1.0,0,short_ok,1,scan_doc,1
KCI_FI002029348,fail_block,1,33,0,0,1,1.0,0,short_ok,1,scan_doc,1
KCI_FI002029348,fail_block,2,33,0,0,1,1.0,0,short_ok,1,scan_doc,1
KCI_FI002029348,fail_block,3,33,0,0,1,1.0,0,short_ok,1,scan_doc,1
KCI_FI002029348,fail_block,4,33,0,0,1,1.0,0,short_ok,1,scan_doc,1
KCI_FI002029348,fail_block,5,33,0,0,1,1.0,0,short_ok,1,scan_doc,1
KCI_FI002029348,fail_block,6,33,0,0,1,1.0,0,short_ok,1,scan_doc,1
KCI_FI002029348,fail_block,7,33,0,0,1,1.0,0,short_ok,1,scan_doc,1
KCI_FI002029348,fail_block,8,33,0,0,1,1.0,0,short_ok,1,scan_doc,1
KCI_FI002029348,fail_block,9,33,0,0,1,1.0,0,short_ok,1,scan_doc,1
KCI_FI002029348,fail_block,10,33,0,0,1,1.0,0,short_ok,1,scan_doc,1
KCI_FI002029348,fail_block,11,33,0,0,1,1.0,0,short_ok,1,scan_doc,1
KCI_FI002029348,fail_block,12,33,0,0,1,1.0,0,short_ok,1,scan_doc,1
KCI_FI002029348,fail_block,13,33,0,0,1,1.0,0,short_ok,1,scan_doc,1
KCI_FI002029348,fail_block,14,33,0,0,1,1.0,0,short_ok,1,scan_doc,1
KCI_FI002029348,fail_block,15,33,0,0,1,1.0,0,short_ok,1,scan_doc,1
KCI_FI002029346,fail_block,0,33,0,0,1,1.0,0,short_ok,1,scan_doc,1
KCI_FI002029346,fail_block,1,33,0,0,1,1.0,0,short_ok,1,scan_doc,1
KCI_FI002029346,fail_block,2,33,0,0,1,1.0,0,short_ok,1,scan_doc,1
KCI_FI002029346,fail_block,3,33,0,0,1,1.0,0,short_ok,1,scan_doc,1
KCI_FI002029346,fail_block,4,33,0,0,1,1.0,0,short_ok,1,scan_doc,1
KCI_FI002029346,fail_block,5,33,0,0,1,1.0,0,short_ok,1,scan_doc,1
KCI_FI002029346,fail_block,6,33,0,0,1,1.0,0,short_ok,1,scan_doc,1
KCI_FI002029346,fail_block,7,33,0,0,1,1.0,0,short_ok,1,scan_doc,1
KCI_FI002029346,fail_block,8,33,0,0,1,1.0,0,short_ok,1,scan_doc,1
KCI_FI002029346,fail_block,9,33,0,0,1,1.0,0,short_ok,1,scan_doc,1
KCI_FI002029346,fail_block,10,33,0,0,1,1.0,0,short_ok,1,scan_doc,1
KCI_FI002029346,fail_block,11,33,0,0,1,1.0,0,short_ok,1,scan_doc,1
KCI_FI002029343,fail_block,0,33,0,0,1,1.0,0,short_ok,1,scan_doc,1
KCI_FI002029343,fail_block,1,33,0,0,1,1.0,0,short_ok,1,scan_doc,1
KCI_FI002029343,fail_block,2,33,0,0,1,1.0,0,short_ok,1,scan_doc,1
KCI_FI002029343,fail_block,3,33,0,0,1,1.0,0,short_ok,1,scan_doc,1
KCI_FI002029343,fail_block,4,33,0,0,1,1.0,0,short_ok,1,scan_doc,1
KCI_FI002029343,fail_block,5,33,0,0,1,1.0,0,short_ok,1,scan_doc,1
KCI_FI002029343,fail_block,6,33,0,0,1,1.0,0,short_ok,1,scan_doc,1
KCI_FI002029343,fail_block,7,33,0,0,1,1.0,0,short_ok,1,scan_doc,1
KCI_FI002029343,fail_block,8,33,0,0,1,1.0,0,short_ok,1,scan_doc,1
KCI_FI002029343,fail_block,9,33,0,0,1,1.0,0,short_ok,1,scan_doc,1
KCI_FI002029343,fail_block,10,33,0,0,1,1.0,0,short_ok,1,scan_doc,1
KCI_FI002029343,fail_block,11,33,0,0,1,1.0,0,short_ok,1,scan_doc,1
KCI_FI002029343,fail_block,12,33,0,0,1,1.0,0,short_ok,1,scan_doc,1
KCI_FI002029343,fail_block,13,33,0,0,1,1.0,0,short_ok,1,scan_doc,1
KCI_FI002029343,fail_block,14,33,0,0,1,1.0,0,short_ok,1,scan_doc,1
KCI_FI002029343,fail_block,15,33,0,0,1,1.0,0,short_ok,1,scan_doc,1
KCI_FI002029356,fail_block,0,33,0,0,1,1.0,0,short_ok,1,scan_doc,1
KCI_FI002029356,fail_block,1,33,0,0,1,1.0,0,short_ok,1,scan_doc,1
KCI_FI002029356,fail_block,2,33,0,0,1,1.0,0,short_ok,1,scan_doc,1
KCI_FI002029356,fail_block,3,33,0,0,1,1.0,0,short_ok,1,scan_doc,1
KCI_FI002029356,fail_block,4,33,0,0,1,1.0,0,short_ok,1,scan_doc,1
KCI_FI002029356,fail_block,5,33,0,0,1,1.0,0,short_ok,1,scan_doc,1
KCI_FI002029356,fail_block,6,33,0,0,1,1.0,0,short_ok,1,scan_doc,1
KCI_FI002029356,fail_block,7,33,0,0,1,1.0,0,short_ok,1,scan_doc,1
KCI_FI002029356,fail_block,8,33,0,0,1,1.0,0,short_ok,1,scan_doc,1
KCI_FI002029356,fail_block,9,33,0,0,1,1.0,0,short_ok,1,scan_doc,1
KCI_FI002029356,fail_block,10,33,0,0,1,1.0,0,short_ok,1,scan_doc,1
KCI_FI002029356,fail_block,11,33,0,0,1,1.0,0,short_ok,1,scan_doc,1
KCI_FI002029356,fail_block,12,33,0,0,1,1.0,0,short_ok,1,scan_doc,1
KCI_FI002029356,fail_block,13,33,0,0,1,1.0,0,short_ok,1,scan_doc,1
KCI_FI002029345,fail_block,0,33,0,0,1,1.0,0,short_ok,1,scan_doc,1
KCI_FI002029345,fail_block,1,33,0,0,1,1.0,0,short_ok,1,scan_doc,1
KCI_FI002029345,fail_block,2,33,0,0,1,1.0,0,short_ok,1,scan_doc,1
KCI_FI002029345,fail_block,3,33,0,0,1,1.0,0,short_ok,1,scan_doc,1
KCI_FI002029345,fail_block,4,33,0,0,1,1.0,0,short_ok,1,scan_doc,1
KCI_FI002029345,fail_block,5,33,0,0,1,1.0,0,short_ok,1,scan_doc,1
KCI_FI002029345,fail_block,6,33,0,0,1,1.0,0,short_ok,1,scan_doc,1
KCI_FI002029345,fail_block,7,33,0,0,1,1.0,0,short_ok,1,scan_doc,1
KCI_FI002029345,fail_block,8,33,0,0,1,1.0,0,short_ok,1,scan_doc,1
KCI_FI002029345,fail_block,9,33,0,0,1,1.0,0,short_ok,1,scan_doc,1
KCI_FI002029345,fail_block,10,33,0,0,1,1.0,0,short_ok,1,scan_doc,1
KCI_FI002029345,fail_block,11,33,0,0,1,1.0,0,short_ok,1,scan_doc,1
KCI_FI002029345,fail_block,12,33,0,0,1,1.0,0,short_ok,1,scan_doc,1
KCI_FI002029345,fail_block,13,33,0,0,1,1.0,0,short_ok,1,scan_doc,1
KCI_FI002029345,fail_block,14,33,0,0,1,1.0,0,short_ok,1,scan_doc,1
KCI_FI002029345,fail_block,15,33,0,0,1,1.0,0,short_ok,1,scan_doc,1
KCI_FI002029345,fail_block,16,33,0,0,1,1.0,0,short_ok,1,scan_doc,1
KCI_FI002029345,fail_block,17,33,0,0,1,1.0,0,short_ok,1,scan_doc,1
KCI_FI002029345,fail_block,18,33,0,0,1,1.0,0,short_ok,1,scan_doc,1
KCI_FI002029345,fail_block,19,33,0,0,1,1.0,0,short_ok,1,scan_doc,1
KCI_FI002029350,fail_block,0,33,0,0,1,1.0,0,short_ok,1,scan_doc,1
KCI_FI002029350,fail_block,1,33,0,0,1,1.0,0,short_ok,1,scan_doc,1
KCI_FI002029350,fail_block,2,33,0,0,1,1.0,0,short_ok,1,scan_doc,1
KCI_FI002029350,fail_block,3,33,0,0,1,1.0,0,short_ok,1,scan_doc,1
KCI_FI002029350,fail_block,4,33,0,0,1,1.0,0,short_ok,1,scan_doc,1
KCI_FI002029350,fail_block,5,33,0,0,1,1.0,0,short_ok,1,scan_doc,1
KCI_FI002029350,fail_block,6,33,0,0,1,1.0,0,short_ok,1,scan_doc,1
KCI_FI002029350,fail_block,7,33,0,0,1,1.0,0,short_ok,1,scan_doc,1
KCI_FI002029350,fail_block,8,33,0,0,1,1.0,0,short_ok,1,scan_doc,1
KCI_FI002029350,fail_block,9,33,0,0,1,1.0,0,short_ok,1,scan_doc,1
KCI_FI002029350,fail_block,10,33,0,0,1,1.0,0,short_ok,1,scan_doc,1
KCI_FI002029350,fail_block,11,33,0,0,1,1.0,0,short_ok,1,scan_doc,1
KCI_FI002029350,fail_block,12,33,0,0,1,1.0,0,short_ok,1,scan_doc,1
KCI_FI002029350,fail_block,13,33,0,0,1,1.0,0,short_ok,1,scan_doc,1
KCI_FI002029350,fail_block,14,33,0,0,1,1.0,0,short_ok,1,scan_doc,1
KCI_FI002029350,fail_block,15,33,0,0,1,1.0,0,short_ok,1,scan_doc,1
KCI_FI002029350,fail_block,16,33,0,0,1,1.0,0,short_ok,1,scan_doc,1
KCI_FI002029350,fail_block,17,33,0,0,1,1.0,0,short_ok,1,scan_doc,1
KCI_FI002029354,fail_block,0,33,0,0,1,1.0,0,short_ok,1,scan_doc,1
KCI_FI002029354,fail_block,1,33,0,0,1,1.0,0,short_ok,1,scan_doc,1
KCI_FI002029354,fail_block,2,33,0,0,1,1.0,0,short_ok,1,scan_doc,1
KCI_FI002029354,fail_block,3,33,0,0,1,1.0,0,short_ok,1,scan_doc,1
KCI_FI002029354,fail_block,4,33,0,0,1,1.0,0,short_ok,1,scan_doc,1
KCI_FI002029354,fail_block,5,33,0,0,1,1.0,0,short_ok,1,scan_doc,1
KCI_FI002029354,fail_block,6,33,0,0,1,1.0,0,short_ok,1,scan_doc,1
KCI_FI002029354,fail_block,7,33,0,0,1,1.0,0,short_ok,1,scan_doc,1
KCI_FI002029354,fail_block,8,33,0,0,1,1.0,0,short_ok,1,scan_doc,1
KCI_FI002029354,fail_block,9,33,0,0,1,1.0,0,short_ok,1,scan_doc,1
KCI_FI002029354,fail_block,10,33,0,0,1,1.0,0,short_ok,1,scan_doc,1
KCI_FI002029354,fail_block,11,33,0,0,1,1.0,0,short_ok,1,scan_doc,1
KCI_FI002029354,fail_block,12,33,0,0,1,1.0,0,short_ok,1,scan_doc,1
KCI_FI002029354,fail_block,13,33,0,0,1,1.0,0,short_ok,1,scan_doc,1
KCI_FI002029354,fail_block,14,33,0,0,1,1.0,0,short_ok,1,scan_doc,1
KCI_FI002029354,fail_block,15,33,0,0,1,1.0,0,short_ok,1,scan_doc,1
KCI_FI002029354,fail_block,16,33,0,0,1,1.0,0,short_ok,1,scan_doc,1
KCI_FI002029354,fail_block,17,33,0,0,1,1.0,0,short_ok,1,scan_doc,1
KCI_FI002029354,fail_block,18,33,0,0,1,1.0,0,short_ok,1,scan_doc,1
KCI_FI002029354,fail_block,19,33,0,0,1,1.0,0,short_ok,1,scan_doc,1
KCI_FI002029354,fail_block,20,33,0,0,1,1.0,0,short_ok,1,scan_doc,1
KCI_FI002029354,fail_block,21,33,0,0,1,1.0,0,short_ok,1,scan_doc,1
KCI_FI002029354,fail_block,22,33,0,0,1,1.0,0,short_ok,1,scan_doc,1
KCI_FI002029354,fail_block,23,33,0,0,1,1.0,0,short_ok,1,scan_doc,1
KCI_FI002029354,fail_block,24,33,0,0,1,1.0,0,short_ok,1,scan_doc,1
KCI_FI002029354,fail_block,25,33,0,0,1,1.0,0,short_ok,1,scan_doc,1
KCI_FI002029354,fail_block,26,33,0,0,1,1.0,0,short_ok,1,scan_doc,1
KCI_FI002029354,fail_block,27,33,0,0,1,1.0,0,short_ok,1,scan_doc,1
KCI_FI002029354,fail_block,28,33,0,0,1,1.0,0,short_ok,1,scan_doc,1
KCI_FI002029354,fail_block,29,33,0,0,1,1.0,0,short_ok,1,scan_doc,1
KCI_FI002029354,fail_block,30,33,0,0,1,1.0,0,short_ok,1,scan_doc,1
KCI_FI002029354,fail_block,31,33,0,0,1,1.0,0,short_ok,1,scan_doc,1
KCI_FI002029354,fail_block,32,33,0,0,1,1.0,0,short_ok,1,scan_doc,1
KCI_FI002029354,fail_block,33,33,0,0,1,1.0,0,short_ok,1,scan_doc,1
KCI_FI002029354,fail_block,34,33,0,0,1,1.0,0,short_ok,1,scan_doc,1
KCI_FI002029354,fail_block,35,33,0,0,1,1.0,0,short_ok,1,scan_doc,1
KCI_FI002029354,fail_block,36,33,0,0,1,1.0,0,short_ok,1,scan_doc,1
KCI_FI002029354,fail_block,37,33,0,0,1,1.0,0,short_ok,1,scan_doc,1
KCI_FI002029354,fail_block,38,33,0,0,1,1.0,0,short_ok,1,scan_doc,1
KCI_FI002029354,fail_block,39,33,0,0,1,1.0,0,short_ok,1,scan_doc,1
KCI_FI002029354,fail_block,40,33,0,0,1,1.0,0,short_ok,1,scan_doc,1
KCI_FI002029354,fail_block,41,33,0,0,1,1.0,0,short_ok,1,scan_doc,1
KCI_FI002029354,fail_block,42,33,0,0,1,1.0,0,short_ok,1,scan_doc,1
KCI_FI002029354,fail_block,43,33,0,0,1,1.0,0,short_ok,1,scan_doc,1
KCI_FI002029354,fail_block,44,33,0,0,1,1.0,0,short_ok,1,scan_doc,1
KCI_FI002029354,fail_block,45,33,0,0,1,1.0,0,short_ok,1,scan_doc,1
KCI_FI002029354,fail_block,46,33,0,0,1,1.0,0,short_ok,1,scan_doc,1
KCI_FI002029354,fail_block,47,33,0,0,1,1.0,0,short_ok,1,scan_doc,1
KCI_FI002029354,fail_block,48,33,0,0,1,1.0,0,short_ok,1,scan_doc,1
KCI_FI002029354,fail_block,49,33,0,0,1,1.0,0,short_ok,1,scan_doc,1
KCI_FI002029354,fail_block,50,33,0,0,1,1.0,0,short_ok,1,scan_doc,1
KCI_FI002029354,fail_block,51,33,0,0,1,1.0,0,short_ok,1,scan_doc,1
KCI_FI002029354,fail_block,52,33,0,0,1,1.0,0,short_ok,1,scan_doc,1
KCI_FI002029354,fail_block,53,33,0,0,1,1.0,0,short_ok,1,scan_doc,1
KCI_FI002029354,fail_block,54,33,0,0,1,1.0,0,short_ok,1,scan_doc,1
KCI_FI002029354,fail_block,55,33,0,0,1,1.0,0,short_ok,1,scan_doc,1
KCI_FI002029354,fail_block,56,33,0,0,1,1.0,0,short_ok,1,scan_doc,1
KCI_FI002029354,fail_block,57,33,0,0,1,1.0,0,short_ok,1,scan_doc,1
KCI_FI002029354,fail_block,58,33,0,0,1,1.0,0,short_ok,1,scan_doc,1
KCI_FI002029354,fail_block,59,33,0,0,1,1.0,0,short_ok,1,scan_doc,1
KCI_FI002029354,fail_block,60,33,0,0,1,1.0,0,short_ok,1,scan_doc,1
KCI_FI002029354,fail_block,61,33,0,0,1,1.0,0,short_ok,1,scan_doc,1
KCI_FI002029354,fail_block,62,33,0,0,1,1.0,0,short_ok,1,scan_doc,1
KCI_FI002029354,fail_block,63,33,0,0,1,1.0,0,short_ok,1,scan_doc,1
KCI_FI002029354,fail_block,64,33,0,0,1,1.0,0,short_ok,1,scan_doc,1
KCI_FI002029354,fail_block,65,33,0,0,1,1.0,0,short_ok,1,scan_doc,1
KCI_FI002029325,fail_block,0,33,0,0,1,1.0,0,short_ok,1,scan_doc,1
KCI_FI002029325,fail_block,1,33,0,0,1,1.0,0,short_ok,1,scan_doc,1
KCI_FI002029325,fail_block,2,33,0,0,1,1.0,0,short_ok,1,scan_doc,1
KCI_FI002029325,fail_block,3,33,0,0,1,1.0,0,short_ok,1,scan_doc,1
KCI_FI002029325,fail_block,4,33,0,0,1,1.0,0,short_ok,1,scan_doc,1
KCI_FI002029325,fail_block,5,33,0,0,1,1.0,0,short_ok,1,scan_doc,1
KCI_FI002029325,fail_block,6,33,0,0,1,1.0,0,short_ok,1,scan_doc,1
KCI_FI002029325,fail_block,7,33,0,0,1,1.0,0,short_ok,1,scan_doc,1
KCI_FI002029325,fail_block,8,33,0,0,1,1.0,0,short_ok,1,scan_doc,1
KCI_FI002029325,fail_block,9,33,0,0,1,1.0,0,short_ok,1,scan_doc,1
KCI_FI002029325,fail_block,10,33,0,0,1,1.0,0,short_ok,1,scan_doc,1
KCI_FI002029325,fail_block,11,33,0,0,1,1.0,0,short_ok,1,scan_doc,1
KCI_FI002029325,fail_block,12,33,0,0,1,1.0,0,short_ok,1,scan_doc,1
KCI_FI002029325,fail_block,13,33,0,0,1,1.0,0,short_ok,1,scan_doc,1
KCI_FI002029325,fail_block,14,33,0,0,1,1.0,0,short_ok,1,scan_doc,1
KCI_FI002029334,fail_block,0,33,0,0,1,1.0,0,short_ok,1,scan_doc,1
KCI_FI002029334,fail_block,1,33,0,0,1,1.0,0,short_ok,1,scan_doc,1
KCI_FI002029334,fail_block,2,33,0,0,1,1.0,0,short_ok,1,scan_doc,1
KCI_FI002029334,fail_block,3,33,0,0,1,1.0,0,short_ok,1,scan_doc,1
KCI_FI002029334,fail_block,4,33,0,0,1,1.0,0,short_ok,1,scan_doc,1
KCI_FI002029334,fail_block,5,33,0,0,1,1.0,0,short_ok,1,scan_doc,1
KCI_FI002029334,fail_block,6,33,0,0,1,1.0,0,short_ok,1,scan_doc,1
KCI_FI002029334,fail_block,7,33,0,0,1,1.0,0,short_ok,1,scan_doc,1
KCI_FI002029334,fail_block,8,33,0,0,1,1.0,0,short_ok,1,scan_doc,1
KCI_FI002029334,fail_block,9,33,0,0,1,1.0,0,short_ok,1,scan_doc,1
KCI_FI002029334,fail_block,10,33,0,0,1,1.0,0,short_ok,1,scan_doc,1
KCI_FI002029334,fail_block,11,33,0,0,1,1.0,0,short_ok,1,scan_doc,1
KCI_FI002029334,fail_block,12,33,0,0,1,1.0,0,short_ok,1,scan_doc,1
KCI_FI002029334,fail_block,13,33,0,0,1,1.0,0,short_ok,1,scan_doc,1
KCI_FI002029334,fail_block,14,33,0,0,1,1.0,0,short_ok,1,scan_doc,1
KCI_FI002029334,fail_block,15,33,0,0,1,1.0,0,short_ok,1,scan_doc,1
KCI_FI002029334,fail_block,16,33,0,0,1,1.0,0,short_ok,1,scan_doc,1
KCI_FI002029334,fail_block,17,33,0,0,1,1.0,0,short_ok,1,scan_doc,1
KCI_FI002029334,fail_block,18,33,0,0,1,1.0,0,short_ok,1,scan_doc,1
KCI_FI002029334,fail_block,19,33,0,0,1,1.0,0,short_ok,1,scan_doc,1
KCI_FI002029334,fail_block,20,33,0,0,1,1.0,0,short_ok,1,scan_doc,1
KCI_FI002029334,fail_block,21,33,0,0,1,1.0,0,short_ok,1,scan_doc,1
KCI_FI002029334,fail_block,22,33,0,0,1,1.0,0,short_ok,1,scan_doc,1
KCI_FI002029334,fail_block,23,33,0,0,1,1.0,0,short_ok,1,scan_doc,1
KCI_FI002029334,fail_block,24,33,0,0,1,1.0,0,short_ok,1,scan_doc,1
KCI_FI002029334,fail_block,25,33,0,0,1,1.0,0,short_ok,1,scan_doc,1
KCI_FI002029334,fail_block,26,33,0,0,1,1.0,0,short_ok,1,scan_doc,1
KCI_FI002029334,fail_block,27,33,0,0,1,1.0,0,short_ok,1,scan_doc,1
KCI_FI002029334,fail_block,28,33,0,0,1,1.0,0,short_ok,1,scan_doc,1
KCI_FI002029334,fail_block,29,33,0,0,1,1.0,0,short_ok,1,scan_doc,1
KCI_FI002029334,fail_block,30,33,0,0,1,1.0,0,short_ok,1,scan_doc,1
KCI_FI002029335,fail_block,0,33,0,0,1,1.0,0,short_ok,1,scan_doc,1
KCI_FI002029335,fail_block,1,33,0,0,1,1.0,0,short_ok,1,scan_doc,1
KCI_FI002029335,fail_block,2,33,0,0,1,1.0,0,short_ok,1,scan_doc,1
KCI_FI002029335,fail_block,3,33,0,0,1,1.0,0,short_ok,1,scan_doc,1
KCI_FI002029335,fail_block,4,33,0,0,1,1.0,0,short_ok,1,scan_doc,1
KCI_FI002029335,fail_block,5,33,0,0,1,1.0,0,short_ok,1,scan_doc,1
KCI_FI002029335,fail_block,6,33,0,0,1,1.0,0,short_ok,1,scan_doc,1
KCI_FI002029335,fail_block,7,33,0,0,1,1.0,0,short_ok,1,scan_doc,1
KCI_FI002029335,fail_block,8,33,0,0,1,1.0,0,short_ok,1,scan_doc,1
KCI_FI002029335,fail_block,9,33,0,0,1,1.0,0,short_ok,1,scan_doc,1
KCI_FI002029335,fail_block,10,33,0,0,1,1.0,0,short_ok,1,scan_doc,1
KCI_FI002029335,fail_block,11,33,0,0,1,1.0,0,short_ok,1,scan_doc,1
KCI_FI002029335,fail_block,12,33,0,0,1,1.0,0,short_ok,1,scan_doc,1
KCI_FI002029335,fail_block,13,33,0,0,1,1.0,0,short_ok,1,scan_doc,1
KCI_FI002029335,fail_block,14,33,0,0,1,1.0,0,short_ok,1,scan_doc,1
KCI_FI002029335,fail_block,15,33,0,0,1,1.0,0,short_ok,1,scan_doc,1
KCI_FI002029335,fail_block,16,33,0,0,1,1.0,0,short_ok,1,scan_doc,1
KCI_FI002029335,fail_block,17,33,0,0,1,1.0,0,short_ok,1,scan_doc,1
KCI_FI002029335,fail_block,18,33,0,0,1,1.0,0,short_ok,1,scan_doc,1
KCI_FI002029335,fail_block,19,33,0,0,1,1.0,0,short_ok,1,scan_doc,1
KCI_FI002029335,fail_block,20,33,0,0,1,1.0,0,short_ok,1,scan_doc,1
KCI_FI002029335,fail_block,21,33,0,0,1,1.0,0,short_ok,1,scan_doc,1
KCI_FI002029335,fail_block,22,33,0,0,1,1.0,0,short_ok,1,scan_doc,1
KCI_FI002029335,fail_block,23,33,0,0,1,1.0,0,short_ok,1,scan_doc,1
KCI_FI002029335,fail_block,24,33,0,0,1,1.0,0,short_ok,1,scan_doc,1
KCI_FI002029335,fail_block,25,33,0,0,1,1.0,0,short_ok,1,scan_doc,1
KCI_FI002029335,fail_block,26,33,0,0,1,1.0,0,short_ok,1,scan_doc,1
KCI_FI002029335,fail_block,27,33,0,0,1,1.0,0,short_ok,1,scan_doc,1
KCI_FI002029335,fail_block,28,33,0,0,1,1.0,0,short_ok,1,scan_doc,1
KCI_FI002029335,fail_block,29,33,0,0,1,1.0,0,short_ok,1,scan_doc,1
KCI_FI002029335,fail_block,30,33,0,0,1,1.0,0,short_ok,1,scan_doc,1
KCI_FI002029335,fail_block,31,33,0,0,1,1.0,0,short_ok,1,scan_doc,1
KCI_FI002029335,fail_block,32,33,0,0,1,1.0,0,short_ok,1,scan_doc,1
KCI_FI002029327,fail_block,0,33,0,0,1,1.0,0,short_ok,1,scan_doc,1
KCI_FI002029327,fail_block,1,33,0,0,1,1.0,0,short_ok,1,scan_doc,1
KCI_FI002029327,fail_block,2,33,0,0,1,1.0,0,short_ok,1,scan_doc,1
KCI_FI002029327,fail_block,3,33,0,0,1,1.0,0,short_ok,1,scan_doc,1
KCI_FI002029327,fail_block,4,33,0,0,1,1.0,0,short_ok,1,scan_doc,1
KCI_FI002029327,fail_block,5,33,0,0,1,1.0,0,short_ok,1,scan_doc,1
KCI_FI002029327,fail_block,6,33,0,0,1,1.0,0,short_ok,1,scan_doc,1
KCI_FI002029327,fail_block,7,33,0,0,1,1.0,0,short_ok,1,scan_doc,1
KCI_FI002029327,fail_block,8,33,0,0,1,1.0,0,short_ok,1,scan_doc,1
KCI_FI002029327,fail_block,9,33,0,0,1,1.0,0,short_ok,1,scan_doc,1
KCI_FI002029327,fail_block,10,33,0,0,1,1.0,0,short_ok,1,scan_doc,1
KCI_FI002029327,fail_block,11,33,0,0,1,1.0,0,short_ok,1,scan_doc,1
KCI_FI002029327,fail_block,12,33,0,0,1,1.0,0,short_ok,1,scan_doc,1
KCI_FI002029327,fail_block,13,33,0,0,1,1.0,0,short_ok,1,scan_doc,1
KCI_FI002029327,fail_block,14,33,0,0,1,1.0,0,short_ok,1,scan_doc,1
KCI_FI002029327,fail_block,15,33,0,0,1,1.0,0,short_ok,1,scan_doc,1
KCI_FI002029327,fail_block,16,33,0,0,1,1.0,0,short_ok,1,scan_doc,1
KCI_FI002029327,fail_block,17,33,0,0,1,1.0,0,short_ok,1,scan_doc,1
KCI_FI002029327,fail_block,18,33,0,0,1,1.0,0,short_ok,1,scan_doc,1
KCI_FI002029333,fail_block,0,33,0,0,1,1.0,0,short_ok,1,scan_doc,1
KCI_FI002029333,fail_block,1,33,0,0,1,1.0,0,short_ok,1,scan_doc,1
KCI_FI002029333,fail_block,2,33,0,0,1,1.0,0,short_ok,1,scan_doc,1
KCI_FI002029333,fail_block,3,33,0,0,1,1.0,0,short_ok,1,scan_doc,1
KCI_FI002029333,fail_block,4,33,0,0,1,1.0,0,short_ok,1,scan_doc,1
KCI_FI002029333,fail_block,5,33,0,0,1,1.0,0,short_ok,1,scan_doc,1
KCI_FI002029333,fail_block,6,33,0,0,1,1.0,0,short_ok,1,scan_doc,1
KCI_FI002029333,fail_block,7,33,0,0,1,1.0,0,short_ok,1,scan_doc,1
KCI_FI002029333,fail_block,8,33,0,0,1,1.0,0,short_ok,1,scan_doc,1
KCI_FI002029333,fail_block,9,33,0,0,1,1.0,0,short_ok,1,scan_doc,1
KCI_FI002029333,fail_block,10,33,0,0,1,1.0,0,short_ok,1,scan_doc,1
KCI_FI002029333,fail_block,11,33,0,0,1,1.0,0,short_ok,1,scan_doc,1
KCI_FI002029333,fail_block,12,33,0,0,1,1.0,0,short_ok,1,scan_doc,1
KCI_FI002029333,fail_block,13,33,0,0,1,1.0,0,short_ok,1,scan_doc,1
KCI_FI002029333,fail_block,14,33,0,0,1,1.0,0,short_ok,1,scan_doc,1
KCI_FI002029333,fail_block,15,33,0,0,1,1.0,0,short_ok,1,scan_doc,1
KCI_FI002029333,fail_block,16,33,0,0,1,1.0,0,short_ok,1,scan_doc,1
KCI_FI002029333,fail_block,17,33,0,0,1,1.0,0,short_ok,1,scan_doc,1
KCI_FI002029333,fail_block,18,33,0,0,1,1.0,0,short_ok,1,scan_doc,1
KCI_FI002029333,fail_block,19,33,0,0,1,1.0,0,short_ok,1,scan_doc,1
KCI_FI002029328,fail_block,0,33,0,0,1,1.0,0,short_ok,1,scan_doc,1
KCI_FI002029328,fail_block,1,33,0,0,1,1.0,0,short_ok,1,scan_doc,1
KCI_FI002029328,fail_block,2,33,0,0,1,1.0,0,short_ok,1,scan_doc,1
KCI_FI002029328,fail_block,3,33,0,0,1,1.0,0,short_ok,1,scan_doc,1
KCI_FI002029328,fail_block,4,33,0,0,1,1.0,0,short_ok,1,scan_doc,1
KCI_FI002029328,fail_block,5,33,0,0,1,1.0,0,short_ok,1,scan_doc,1
KCI_FI002029328,fail_block,6,33,0,0,1,1.0,0,short_ok,1,scan_doc,1
KCI_FI002029328,fail_block,7,33,0,0,1,1.0,0,short_ok,1,scan_doc,1
KCI_FI002029328,fail_block,8,33,0,0,1,1.0,0,short_ok,1,scan_doc,1
KCI_FI002029328,fail_block,9,33,0,0,1,1.0,0,short_ok,1,scan_doc,1
KCI_FI002029328,fail_block,10,33,0,0,1,1.0,0,short_ok,1,scan_doc,1
KCI_FI002029328,fail_block,11,33,0,0,1,1.0,0,short_ok,1,scan_doc,1
KCI_FI002029328,fail_block,12,33,0,0,1,1.0,0,short_ok,1,scan_doc,1
KCI_FI002029328,fail_block,13,33,0,0,1,1.0,0,short_ok,1,scan_doc,1
KCI_FI002029328,fail_block,14,33,0,0,1,1.0,0,short_ok,1,scan_doc,1
KCI_FI002029328,fail_block,15,33,0,0,1,1.0,0,short_ok,1,scan_doc,1
KCI_FI002029328,fail_block,16,33,0,0,1,1.0,0,short_ok,1,scan_doc,1
KCI_FI002029328,fail_block,17,33,0,0,1,1.0,0,short_ok,1,scan_doc,1
KCI_FI002029328,fail_block,18,33,0,0,1,1.0,0,short_ok,1,scan_doc,1
KCI_FI002029328,fail_block,19,33,0,0,1,1.0,0,short_ok,1,scan_doc,1
KCI_FI002029329,fail_block,0,33,0,0,1,1.0,0,short_ok,1,scan_doc,1
KCI_FI002029329,fail_block,1,33,0,0,1,1.0,0,short_ok,1,scan_doc,1
KCI_FI002029329,fail_block,2,33,0,0,1,1.0,0,short_ok,1,scan_doc,1
KCI_FI002029329,fail_block,3,33,0,0,1,1.0,0,short_ok,1,scan_doc,1
KCI_FI002029329,fail_block,4,33,0,0,1,1.0,0,short_ok,1,scan_doc,1
KCI_FI002029332,fail_block,0,33,0,0,1,1.0,0,short_ok,1,scan_doc,1
KCI_FI002029332,fail_block,1,33,0,0,1,1.0,0,short_ok,1,scan_doc,1
KCI_FI002029332,fail_block,2,33,0,0,1,1.0,0,short_ok,1,scan_doc,1
KCI_FI002029332,fail_block,3,33,0,0,1,1.0,0,short_ok,1,scan_doc,1
KCI_FI002029332,fail_block,4,33,0,0,1,1.0,0,short_ok,1,scan_doc,1
KCI_FI002029332,fail_block,5,33,0,0,1,1.0,0,short_ok,1,scan_doc,1
KCI_FI002029332,fail_block,6,33,0,0,1,1.0,0,short_ok,1,scan_doc,1
KCI_FI002029332,fail_block,7,33,0,0,1,1.0,0,short_ok,1,scan_doc,1
KCI_FI002029332,fail_block,8,33,0,0,1,1.0,0,short_ok,1,scan_doc,1
KCI_FI002029332,fail_block,9,33,0,0,1,1.0,0,short_ok,1,scan_doc,1
KCI_FI002029332,fail_block,10,33,0,0,1,1.0,0,short_ok,1,scan_doc,1
KCI_FI002029332,fail_block,11,33,0,0,1,1.0,0,short_ok,1,scan_doc,1
KCI_FI002029337,fail_block,0,33,0,0,1,1.0,0,short_ok,1,scan_doc,1
KCI_FI002029337,fail_block,1,33,0,0,1,1.0,0,short_ok,1,scan_doc,1
KCI_FI002029337,fail_block,2,33,0,0,1,1.0,0,short_ok,1,scan_doc,1
KCI_FI002029337,fail_block,3,33,0,0,1,1.0,0,short_ok,1,scan_doc,1
KCI_FI002029337,fail_block,4,33,0,0,1,1.0,0,short_ok,1,scan_doc,1
KCI_FI002029337,fail_block,5,33,0,0,1,1.0,0,short_ok,1,scan_doc,1
KCI_FI002029337,fail_block,6,33,0,0,1,1.0,0,short_ok,1,scan_doc,1
KCI_FI002029337,fail_block,7,33,0,0,1,1.0,0,short_ok,1,scan_doc,1
KCI_FI002029337,fail_block,8,33,0,0,1,1.0,0,short_ok,1,scan_doc,1
KCI_FI002029337,fail_block,9,33,0,0,1,1.0,0,short_ok,1,scan_doc,1
KCI_FI002029337,fail_block,10,33,0,0,1,1.0,0,short_ok,1,scan_doc,1
KCI_FI002029337,fail_block,11,33,0,0,1,1.0,0,short_ok,1,scan_doc,1
KCI_FI002029337,fail_block,12,33,0,0,1,1.0,0,short_ok,1,scan_doc,1
KCI_FI002029337,fail_block,13,33,0,0,1,1.0,0,short_ok,1,scan_doc,1
KCI_FI002029337,fail_block,14,33,0,0,1,1.0,0,short_ok,1,scan_doc,1
KCI_FI002029337,fail_block,15,33,0,0,1,1.0,0,short_ok,1,scan_doc,1
KCI_FI002029337,fail_block,16,33,0,0,1,1.0,0,short_ok,1,scan_doc,1
KCI_FI002029338,fail_block,0,33,0,0,1,1.0,0,short_ok,1,scan_doc,1
KCI_FI002029338,fail_block,1,33,0,0,1,1.0,0,short_ok,1,scan_doc,1
KCI_FI002029338,fail_block,2,33,0,0,1,1.0,0,short_ok,1,scan_doc,1
KCI_FI002029338,fail_block,3,33,0,0,1,1.0,0,short_ok,1,scan_doc,1
KCI_FI002029338,fail_block,4,33,0,0,1,1.0,0,short_ok,1,scan_doc,1
KCI_FI002029338,fail_block,5,33,0,0,1,1.0,0,short_ok,1,scan_doc,1
KCI_FI002029338,fail_block,6,33,0,0,1,1.0,0,short_ok,1,scan_doc,1
KCI_FI002029338,fail_block,7,33,0,0,1,1.0,0,short_ok,1,scan_doc,1
KCI_FI002029338,fail_block,8,33,0,0,1,1.0,0,short_ok,1,scan_doc,1
KCI_FI002029338,fail_block,9,33,0,0,1,1.0,0,short_ok,1,scan_doc,1
KCI_FI002029338,fail_block,10,33,0,0,1,1.0,0,short_ok,1,scan_doc,1
KCI_FI002029338,fail_block,11,33,0,0,1,1.0,0,short_ok,1,scan_doc,1
KCI_FI002029338,fail_block,12,33,0,0,1,1.0,0,short_ok,1,scan_doc,1
KCI_FI002029338,fail_block,13,33,0,0,1,1.0,0,short_ok,1,scan_doc,1
KCI_FI002029338,fail_block,14,33,0,0,1,1.0,0,short_ok,1,scan_doc,1
KCI_FI002029338,fail_block,15,33,0,0,1,1.0,0,short_ok,1,scan_doc,1
KCI_FI002029338,fail_block,16,33,0,0,1,1.0,0,short_ok,1,scan_doc,1
KCI_FI002029338,fail_block,17,33,0,0,1,1.0,0,short_ok,1,scan_doc,1
KCI_FI002029338,fail_block,18,33,0,0,1,1.0,0,short_ok,1,scan_doc,1
KCI_FI002029338,fail_block,19,33,0,0,1,1.0,0,short_ok,1,scan_doc,1
KCI_FI002029338,fail_block,20,33,0,0,1,1.0,0,short_ok,1,scan_doc,1
KCI_FI002029338,fail_block,21,33,0,0,1,1.0,0,short_ok,1,scan_doc,1
KCI_FI002029338,fail_block,22,33,0,0,1,1.0,0,short_ok,1,scan_doc,1
KCI_FI002029331,fail_block,0,33,0,0,1,1.0,0,short_ok,1,scan_doc,1
KCI_FI002029331,fail_block,1,33,0,0,1,1.0,0,short_ok,1,scan_doc,1
KCI_FI002029331,fail_block,2,33,0,0,1,1.0,0,short_ok,1,scan_doc,1
KCI_FI002029331,fail_block,3,33,0,0,1,1.0,0,short_ok,1,scan_doc,1
KCI_FI002029331,fail_block,4,33,0,0,1,1.0,0,short_ok,1,scan_doc,1
KCI_FI002029331,fail_block,5,33,0,0,1,1.0,0,short_ok,1,scan_doc,1
KCI_FI002029331,fail_block,6,33,0,0,1,1.0,0,short_ok,1,scan_doc,1
KCI_FI002029331,fail_block,7,33,0,0,1,1.0,0,short_ok,1,scan_doc,1
KCI_FI002029331,fail_block,8,33,0,0,1,1.0,0,short_ok,1,scan_doc,1
KCI_FI002029330,fail_block,0,33,0,0,1,1.0,0,short_ok,1,scan_doc,1
KCI_FI002029330,fail_block,1,33,0,0,1,1.0,0,short_ok,1,scan_doc,1
KCI_FI002029330,fail_block,2,33,0,0,1,1.0,0,short_ok,1,scan_doc,1
KCI_FI002029330,fail_block,3,33,0,0,1,1.0,0,short_ok,1,scan_doc,1
KCI_FI002029330,fail_block,4,33,0,0,1,1.0,0,short_ok,1,scan_doc,1
KCI_FI002029330,fail_block,5,33,0,0,1,1.0,0,short_ok,1,scan_doc,1
KCI_FI002029330,fail_block,6,33,0,0,1,1.0,0,short_ok,1,scan_doc,1
KCI_FI002029330,fail_block,7,33,0,0,1,1.0,0,short_ok,1,scan_doc,1
KCI_FI002029330,fail_block,8,33,0,0,1,1.0,0,short_ok,1,scan_doc,1
KCI_FI002029330,fail_block,9,33,0,0,1,1.0,0,short_ok,1,scan_doc,1
KCI_FI002029330,fail_block,10,33,0,0,1,1.0,0,short_ok,1,scan_doc,1
KCI_FI002029330,fail_block,11,33,0,0,1,1.0,0,short_ok,1,scan_doc,1
KCI_FI002029330,fail_block,12,33,0,0,1,1.0,0,short_ok,1,scan_doc,1
KCI_FI002029326,fail_block,0,33,0,0,1,1.0,0,short_ok,1,scan_doc,1
KCI_FI002029326,fail_block,1,33,0,0,1,1.0,0,short_ok,1,scan_doc,1
KCI_FI002029326,fail_block,2,33,0,0,1,1.0,0,short_ok,1,scan_doc,1
KCI_FI002029326,fail_block,3,33,0,0,1,1.0,0,short_ok,1,scan_doc,1
KCI_FI002029326,fail_block,4,33,0,0,1,1.0,0,short_ok,1,scan_doc,1
KCI_FI002029326,fail_block,5,33,0,0,1,1.0,0,short_ok,1,scan_doc,1
KCI_FI002029326,fail_block,6,33,0,0,1,1.0,0,short_ok,1,scan_doc,1
KCI_FI002029326,fail_block,7,33,0,0,1,1.0,0,short_ok,1,scan_doc,1
KCI_FI002029326,fail_block,8,33,0,0,1,1.0,0,short_ok,1,scan_doc,1
KCI_FI002029326,fail_block,9,33,0,0,1,1.0,0,short_ok,1,scan_doc,1
KCI_FI002029326,fail_block,10,33,0,0,1,1.0,0,short_ok,1,scan_doc,1
KCI_FI002029326,fail_block,11,33,0,0,1,1.0,0,short_ok,1,scan_doc,1
KCI_FI002029326,fail_block,12,33,0,0,1,1.0,0,short_ok,1,scan_doc,1
KCI_FI002029326,fail_block,13,33,0,0,1,1.0,0,short_ok,1,scan_doc,1
KCI_FI002029359,fail_block,0,33,0,0,1,1.0,0,short_ok,1,scan_doc,1
KCI_FI002029359,fail_block,1,33,0,0,1,1.0,0,short_ok,1,scan_doc,1
KCI_FI002029359,fail_block,2,33,0,0,1,1.0,0,short_ok,1,scan_doc,1
KCI_FI002029359,fail_block,3,33,0,0,1,1.0,0,short_ok,1,scan_doc,1
KCI_FI002029359,fail_block,4,33,0,0,1,1.0,0,short_ok,1,scan_doc,1
KCI_FI002029359,fail_block,5,33,0,0,1,1.0,0,short_ok,1,scan_doc,1
KCI_FI002029359,fail_block,6,33,0,0,1,1.0,0,short_ok,1,scan_doc,1
KCI_FI002029359,fail_block,7,33,0,0,1,1.0,0,short_ok,1,scan_doc,1
KCI_FI002029359,fail_block,8,33,0,0,1,1.0,0,short_ok,1,scan_doc,1
KCI_FI002029359,fail_block,9,33,0,0,1,1.0,0,short_ok,1,scan_doc,1
KCI_FI002029359,fail_block,10,33,0,0,1,1.0,0,short_ok,1,scan_doc,1
KCI_FI002029359,fail_block,11,33,0,0,1,1.0,0,short_ok,1,scan_doc,1
KCI_FI002029359,fail_block,12,33,0,0,1,1.0,0,short_ok,1,scan_doc,1
KCI_FI002029359,fail_block,13,33,0,0,1,1.0,0,short_ok,1,scan_doc,1
KCI_FI002029359,fail_block,14,33,0,0,1,1.0,0,short_ok,1,scan_doc,1
KCI_FI002029359,fail_block,15,33,0,0,1,1.0,0,short_ok,1,scan_doc,1
KCI_FI002029359,fail_block,16,33,0,0,1,1.0,0,short_ok,1,scan_doc,1
KCI_FI002029359,fail_block,17,33,0,0,1,1.0,0,short_ok,1,scan_doc,1
KCI_FI002029336,fail_block,0,33,0,0,1,1.0,0,short_ok,1,scan_doc,1
KCI_FI002029336,fail_block,1,33,0,0,1,1.0,0,short_ok,1,scan_doc,1
KCI_FI002029336,fail_block,2,33,0,0,1,1.0,0,short_ok,1,scan_doc,1
KCI_FI002029336,fail_block,3,33,0,0,1,1.0,0,short_ok,1,scan_doc,1
KCI_FI002029336,fail_block,4,33,0,0,1,1.0,0,short_ok,1,scan_doc,1
KCI_FI002029336,fail_block,5,33,0,0,1,1.0,0,short_ok,1,scan_doc,1
KCI_FI002029336,fail_block,6,33,0,0,1,1.0,0,short_ok,1,scan_doc,1
KCI_FI002029336,fail_block,7,33,0,0,1,1.0,0,short_ok,1,scan_doc,1
KCI_FI002029336,fail_block,8,33,0,0,1,1.0,0,short_ok,1,scan_doc,1
KCI_FI002029336,fail_block,9,33,0,0,1,1.0,0,short_ok,1,scan_doc,1
KCI_FI002029336,fail_block,10,33,0,0,1,1.0,0,short_ok,1,scan_doc,1
KCI_FI002029336,fail_block,11,33,0,0,1,1.0,0,short_ok,1,scan_doc,1
KCI_FI002029336,fail_block,12,33,0,0,1,1.0,0,short_ok,1,scan_doc,1
KCI_FI002029336,fail_block,13,33,0,0,1,1.0,0,short_ok,1,scan_doc,1
KCI_FI002029336,fail_block,14,33,0,0,1,1.0,0,short_ok,1,scan_doc,1
KCI_FI002029336,fail_block,15,33,0,0,1,1.0,0,short_ok,1,scan_doc,1
KCI_FI002029336,fail_block,16,33,0,0,1,1.0,0,short_ok,1,scan_doc,1
KCI_FI002029336,fail_block,17,33,0,0,1,1.0,0,short_ok,1,scan_doc,1
KCI_FI002029324,fail_block,0,33,0,0,1,1.0,0,short_ok,1,scan_doc,1
KCI_FI002029324,fail_block,1,33,0,0,1,1.0,0,short_ok,1,scan_doc,1
KCI_FI002029324,fail_block,2,33,0,0,1,1.0,0,short_ok,1,scan_doc,1
KCI_FI002029324,fail_block,3,33,0,0,1,1.0,0,short_ok,1,scan_doc,1
KCI_FI002029324,fail_block,4,33,0,0,1,1.0,0,short_ok,1,scan_doc,1
KCI_FI002029324,fail_block,5,33,0,0,1,1.0,0,short_ok,1,scan_doc,1
KCI_FI002029324,fail_block,6,33,0,0,1,1.0,0,short_ok,1,scan_doc,1
KCI_FI002029324,fail_block,7,33,0,0,1,1.0,0,short_ok,1,scan_doc,1
KCI_FI002029324,fail_block,8,33,0,0,1,1.0,0,short_ok,1,scan_doc,1
KCI_FI002029324,fail_block,9,33,0,0,1,1.0,0,short_ok,1,scan_doc,1
KCI_FI002029324,fail_block,10,33,0,0,1,1.0,0,short_ok,1,scan_doc,1
KCI_FI002029324,fail_block,11,33,0,0,1,1.0,0,short_ok,1,scan_doc,1
KCI_FI002029324,fail_block,12,33,0,0,1,1.0,0,short_ok,1,scan_doc,1
KCI_FI002029324,fail_block,13,33,0,0,1,1.0,0,short_ok,1,scan_doc,1
KCI_FI002029324,fail_block,14,33,0,0,1,1.0,0,short_ok,1,scan_doc,1
KCI_FI002029324,fail_block,15,33,0,0,1,1.0,0,short_ok,1,scan_doc,1
KCI_FI002029324,fail_block,16,33,0,0,1,1.0,0,short_ok,1,scan_doc,1
KCI_FI002029324,fail_block,17,33,0,0,1,1.0,0,short_ok,1,scan_doc,1
KCI_FI002029324,fail_block,18,33,0,0,1,1.0,0,short_ok,1,scan_doc,1
KCI_FI002029324,fail_block,19,33,0,0,1,1.0,0,short_ok,1,scan_doc,1
KCI_FI002029324,fail_block,20,33,0,0,1,1.0,0,short_ok,1,scan_doc,1
KCI_FI002029324,fail_block,21,33,0,0,1,1.0,0,short_ok,1,scan_doc,1
KCI_FI002029310,fail_block,0,33,0,0,1,1.0,0,short_ok,1,scan_doc,1
KCI_FI002029310,fail_block,1,33,0,0,1,1.0,0,short_ok,1,scan_doc,1
KCI_FI002029310,fail_block,2,33,0,0,1,1.0,0,short_ok,1,scan_doc,1
KCI_FI002029310,fail_block,3,33,0,0,1,1.0,0,short_ok,1,scan_doc,1
KCI_FI002029310,fail_block,4,33,0,0,1,1.0,0,short_ok,1,scan_doc,1
KCI_FI002029310,fail_block,5,33,0,0,1,1.0,0,short_ok,1,scan_doc,1
KCI_FI002029310,fail_block,6,33,0,0,1,1.0,0,short_ok,1,scan_doc,1
KCI_FI002029310,fail_block,7,33,0,0,1,1.0,0,short_ok,1,scan_doc,1
KCI_FI002029310,fail_block,8,33,0,0,1,1.0,0,short_ok,1,scan_doc,1
KCI_FI002029310,fail_block,9,33,0,0,1,1.0,0,short_ok,1,scan_doc,1
KCI_FI002029310,fail_block,10,33,0,0,1,1.0,0,short_ok,1,scan_doc,1
KCI_FI002029310,fail_block,11,33,0,0,1,1.0,0,short_ok,1,scan_doc,1
KCI_FI002029310,fail_block,12,33,0,0,1,1.0,0,short_ok,1,scan_doc,1
KCI_FI002029310,fail_block,13,33,0,0,1,1.0,0,short_ok,1,scan_doc,1
KCI_FI002029310,fail_block,14,33,0,0,1,1.0,0,short_ok,1,scan_doc,1
KCI_FI002029310,fail_block,15,33,0,0,1,1.0,0,short_ok,1,scan_doc,1
KCI_FI002029310,fail_block,16,33,0,0,1,1.0,0,short_ok,1,scan_doc,1
KCI_FI002029310,fail_block,17,33,0,0,1,1.0,0,short_ok,1,scan_doc,1
KCI_FI002029310,fail_block,18,33,0,0,1,1.0,0,short_ok,1,scan_doc,1
KCI_FI002029310,fail_block,19,33,0,0,1,1.0,0,short_ok,1,scan_doc,1
KCI_FI002029310,fail_block,20,33,0,0,1,1.0,0,short_ok,1,scan_doc,1
KCI_FI002029310,fail_block,21,33,0,0,1,1.0,0,short_ok,1,scan_doc,1
KCI_FI002029310,fail_block,22,33,0,0,1,1.0,0,short_ok,1,scan_doc,1
KCI_FI002029310,fail_block,23,33,0,0,1,1.0,0,short_ok,1,scan_doc,1
KCI_FI002029310,fail_block,24,33,0,0,1,1.0,0,short_ok,1,scan_doc,1
KCI_FI002029314,fail_block,0,33,0,0,1,1.0,0,short_ok,1,scan_doc,1
KCI_FI002029314,fail_block,1,33,0,0,1,1.0,0,short_ok,1,scan_doc,1
KCI_FI002029314,fail_block,2,33,0,0,1,1.0,0,short_ok,1,scan_doc,1
KCI_FI002029314,fail_block,3,33,0,0,1,1.0,0,short_ok,1,scan_doc,1
KCI_FI002029314,fail_block,4,33,0,0,1,1.0,0,short_ok,1,scan_doc,1
KCI_FI002029314,fail_block,5,33,0,0,1,1.0,0,short_ok,1,scan_doc,1
KCI_FI002029314,fail_block,6,33,0,0,1,1.0,0,short_ok,1,scan_doc,1
KCI_FI002029314,fail_block,7,33,0,0,1,1.0,0,short_ok,1,scan_doc,1
KCI_FI002029314,fail_block,8,33,0,0,1,1.0,0,short_ok,1,scan_doc,1
KCI_FI002029314,fail_block,9,33,0,0,1,1.0,0,short_ok,1,scan_doc,1
KCI_FI002029314,fail_block,10,33,0,0,1,1.0,0,short_ok,1,scan_doc,1
KCI_FI002029314,fail_block,11,33,0,0,1,1.0,0,short_ok,1,scan_doc,1
KCI_FI002029314,fail_block,12,33,0,0,1,1.0,0,short_ok,1,scan_doc,1
KCI_FI002029314,fail_block,13,33,0,0,1,1.0,0,short_ok,1,scan_doc,1
KCI_FI002029314,fail_block,14,33,0,0,1,1.0,0,short_ok,1,scan_doc,1
KCI_FI002029314,fail_block,15,33,0,0,1,1.0,0,short_ok,1,scan_doc,1
KCI_FI002029314,fail_block,16,33,0,0,1,1.0,0,short_ok,1,scan_doc,1
KCI_FI002029314,fail_block,17,33,0,0,1,1.0,0,short_ok,1,scan_doc,1
KCI_FI002029314,fail_block,18,33,0,0,1,1.0,0,short_ok,1,scan_doc,1
KCI_FI002029314,fail_block,19,33,0,0,1,1.0,0,short_ok,1,scan_doc,1
KCI_FI002029314,fail_block,20,33,0,0,1,1.0,0,short_ok,1,scan_doc,1
KCI_FI002029314,fail_block,21,33,0,0,1,1.0,0,short_ok,1,scan_doc,1
KCI_FI002029314,fail_block,22,33,0,0,1,1.0,0,short_ok,1,scan_doc,1
KCI_FI002029314,fail_block,23,33,0,0,1,1.0,0,short_ok,1,scan_doc,1
KCI_FI002029314,fail_block,24,33,0,0,1,1.0,0,short_ok,1,scan_doc,1
KCI_FI002029314,fail_block,25,33,0,0,1,1.0,0,short_ok,1,scan_doc,1
KCI_FI002029314,fail_block,26,33,0,0,1,1.0,0,short_ok,1,scan_doc,1
KCI_FI002029314,fail_block,27,33,0,0,1,1.0,0,short_ok,1,scan_doc,1
KCI_FI002029314,fail_block,28,33,0,0,1,1.0,0,short_ok,1,scan_doc,1
KCI_FI002029314,fail_block,29,33,0,0,1,1.0,0,short_ok,1,scan_doc,1
KCI_FI002029314,fail_block,30,33,0,0,1,1.0,0,short_ok,1,scan_doc,1
KCI_FI002029314,fail_block,31,33,0,0,1,1.0,0,short_ok,1,scan_doc,1
KCI_FI002029314,fail_block,32,33,0,0,1,1.0,0,short_ok,1,scan_doc,1
KCI_FI002029314,fail_block,33,33,0,0,1,1.0,0,short_ok,1,scan_doc,1
KCI_FI002029314,fail_block,34,33,0,0,1,1.0,0,short_ok,1,scan_doc,1
KCI_FI002029314,fail_block,35,33,0,0,1,1.0,0,short_ok,1,scan_doc,1
KCI_FI002029314,fail_block,36,33,0,0,1,1.0,0,short_ok,1,scan_doc,1
KCI_FI002029314,fail_block,37,33,0,0,1,1.0,0,short_ok,1,scan_doc,1
KCI_FI002029314,fail_block,38,33,0,0,1,1.0,0,short_ok,1,scan_doc,1
KCI_FI002029314,fail_block,39,33,0,0,1,1.0,0,short_ok,1,scan_doc,1
KCI_FI002029317,fail_block,0,33,0,0,1,1.0,0,short_ok,1,scan_doc,1
KCI_FI002029317,fail_block,1,33,0,0,1,1.0,0,short_ok,1,scan_doc,1
KCI_FI002029317,fail_block,2,33,0,0,1,1.0,0,short_ok,1,scan_doc,1
KCI_FI002029317,fail_block,3,33,0,0,1,1.0,0,short_ok,1,scan_doc,1
KCI_FI002029317,fail_block,4,33,0,0,1,1.0,0,short_ok,1,scan_doc,1
KCI_FI002029317,fail_block,5,33,0,0,1,1.0,0,short_ok,1,scan_doc,1
KCI_FI002029317,fail_block,6,33,0,0,1,1.0,0,short_ok,1,scan_doc,1
KCI_FI002029317,fail_block,7,33,0,0,1,1.0,0,short_ok,1,scan_doc,1
KCI_FI002029317,fail_block,8,33,0,0,1,1.0,0,short_ok,1,scan_doc,1
KCI_FI002029317,fail_block,9,33,0,0,1,1.0,0,short_ok,1,scan_doc,1
KCI_FI002029317,fail_block,10,33,0,0,1,1.0,0,short_ok,1,scan_doc,1
KCI_FI002029317,fail_block,11,33,0,0,1,1.0,0,short_ok,1,scan_doc,1
KCI_FI002029317,fail_block,12,33,0,0,1,1.0,0,short_ok,1,scan_doc,1
KCI_FI002029317,fail_block,13,33,0,0,1,1.0,0,short_ok,1,scan_doc,1
KCI_FI002029317,fail_block,14,33,0,0,1,1.0,0,short_ok,1,scan_doc,1
KCI_FI002029317,fail_block,15,33,0,0,1,1.0,0,short_ok,1,scan_doc,1
KCI_FI002029317,fail_block,16,33,0,0,1,1.0,0,short_ok,1,scan_doc,1
KCI_FI002029317,fail_block,17,33,0,0,1,1.0,0,short_ok,1,scan_doc,1
KCI_FI002029317,fail_block,18,33,0,0,1,1.0,0,short_ok,1,scan_doc,1
KCI_FI002029317,fail_block,19,33,0,0,1,1.0,0,short_ok,1,scan_doc,1
KCI_FI002029317,fail_block,20,33,0,0,1,1.0,0,short_ok,1,scan_doc,1
KCI_FI002029311,fail_block,0,33,0,0,1,1.0,0,short_ok,1,scan_doc,1
KCI_FI002029311,fail_block,1,33,0,0,1,1.0,0,short_ok,1,scan_doc,1
KCI_FI002029311,fail_block,2,33,0,0,1,1.0,0,short_ok,1,scan_doc,1
KCI_FI002029311,fail_block,3,33,0,0,1,1.0,0,short_ok,1,scan_doc,1
KCI_FI002029311,fail_block,4,33,0,0,1,1.0,0,short_ok,1,scan_doc,1
KCI_FI002029311,fail_block,5,33,0,0,1,1.0,0,short_ok,1,scan_doc,1
KCI_FI002029311,fail_block,6,33,0,0,1,1.0,0,short_ok,1,scan_doc,1
KCI_FI002029311,fail_block,7,33,0,0,1,1.0,0,short_ok,1,scan_doc,1
KCI_FI002029311,fail_block,8,33,0,0,1,1.0,0,short_ok,1,scan_doc,1
KCI_FI002029311,fail_block,9,33,0,0,1,1.0,0,short_ok,1,scan_doc,1
KCI_FI002029311,fail_block,10,33,0,0,1,1.0,0,short_ok,1,scan_doc,1
KCI_FI002029311,fail_block,11,33,0,0,1,1.0,0,short_ok,1,scan_doc,1
KCI_FI002029311,fail_block,12,33,0,0,1,1.0,0,short_ok,1,scan_doc,1
KCI_FI002029311,fail_block,13,33,0,0,1,1.0,0,short_ok,1,scan_doc,1
KCI_FI002029311,fail_block,14,33,0,0,1,1.0,0,short_ok,1,scan_doc,1
KCI_FI002029311,fail_block,15,33,0,0,1,1.0,0,short_ok,1,scan_doc,1
KCI_FI002029311,fail_block,16,33,0,0,1,1.0,0,short_ok,1,scan_doc,1
KCI_FI002029311,fail_block,17,33,0,0,1,1.0,0,short_ok,1,scan_doc,1
KCI_FI002029311,fail_block,18,33,0,0,1,1.0,0,short_ok,1,scan_doc,1
KCI_FI002029313,fail_block,0,33,0,0,1,1.0,0,short_ok,1,scan_doc,1
KCI_FI002029313,fail_block,1,33,0,0,1,1.0,0,short_ok,1,scan_doc,1
KCI_FI002029313,fail_block,2,33,0,0,1,1.0,0,short_ok,1,scan_doc,1
KCI_FI002029313,fail_block,3,33,0,0,1,1.0,0,short_ok,1,scan_doc,1
KCI_FI002029313,fail_block,4,33,0,0,1,1.0,0,short_ok,1,scan_doc,1
KCI_FI002029313,fail_block,5,33,0,0,1,1.0,0,short_ok,1,scan_doc,1
KCI_FI002029313,fail_block,6,33,0,0,1,1.0,0,short_ok,1,scan_doc,1
KCI_FI002029313,fail_block,7,33,0,0,1,1.0,0,short_ok,1,scan_doc,1
KCI_FI002029313,fail_block,8,33,0,0,1,1.0,0,short_ok,1,scan_doc,1
KCI_FI002029313,fail_block,9,33,0,0,1,1.0,0,short_ok,1,scan_doc,1
KCI_FI002029313,fail_block,10,33,0,0,1,1.0,0,short_ok,1,scan_doc,1
KCI_FI002029313,fail_block,11,33,0,0,1,1.0,0,short_ok,1,scan_doc,1
KCI_FI002029313,fail_block,12,33,0,0,1,1.0,0,short_ok,1,scan_doc,1
KCI_FI002029313,fail_block,13,33,0,0,1,1.0,0,short_ok,1,scan_doc,1
KCI_FI002029313,fail_block,14,33,0,0,1,1.0,0,short_ok,1,scan_doc,1
KCI_FI002029313,fail_block,15,33,0,0,1,1.0,0,short_ok,1,scan_doc,1
KCI_FI002029313,fail_block,16,33,0,0,1,1.0,0,short_ok,1,scan_doc,1
KCI_FI002029313,fail_block,17,33,0,0,1,1.0,0,short_ok,1,scan_doc,1
KCI_FI002029313,fail_block,18,33,0,0,1,1.0,0,short_ok,1,scan_doc,1
KCI_FI002029313,fail_block,19,33,0,0,1,1.0,0,short_ok,1,scan_doc,1
KCI_FI002029313,fail_block,20,33,0,0,1,1.0,0,short_ok,1,scan_doc,1
KCI_FI002029319,fail_block,0,33,0,0,1,1.0,0,short_ok,1,scan_doc,1
KCI_FI002029319,fail_block,1,33,0,0,1,1.0,0,short_ok,1,scan_doc,1
KCI_FI002029319,fail_block,2,33,0,0,1,1.0,0,short_ok,1,scan_doc,1
KCI_FI002029319,fail_block,3,33,0,0,1,1.0,0,short_ok,1,scan_doc,1
KCI_FI002029319,fail_block,4,33,0,0,1,1.0,0,short_ok,1,scan_doc,1
KCI_FI002029319,fail_block,5,33,0,0,1,1.0,0,short_ok,1,scan_doc,1
KCI_FI002029319,fail_block,6,33,0,0,1,1.0,0,short_ok,1,scan_doc,1
KCI_FI002029319,fail_block,7,33,0,0,1,1.0,0,short_ok,1,scan_doc,1
KCI_FI002029319,fail_block,8,33,0,0,1,1.0,0,short_ok,1,scan_doc,1
KCI_FI002029319,fail_block,9,33,0,0,1,1.0,0,short_ok,1,scan_doc,1
KCI_FI002029319,fail_block,10,33,0,0,1,1.0,0,short_ok,1,scan_doc,1
KCI_FI002029319,fail_block,11,33,0,0,1,1.0,0,short_ok,1,scan_doc,1
KCI_FI002029319,fail_block,12,33,0,0,1,1.0,0,short_ok,1,scan_doc,1
KCI_FI002029319,fail_block,13,33,0,0,1,1.0,0,short_ok,1,scan_doc,1
KCI_FI002029319,fail_block,14,33,0,0,1,1.0,0,short_ok,1,scan_doc,1
KCI_FI002029319,fail_block,15,33,0,0,1,1.0,0,short_ok,1,scan_doc,1
KCI_FI002029312,fail_block,0,33,0,0,1,1.0,0,short_ok,1,scan_doc,1
KCI_FI002029312,fail_block,1,33,0,0,1,1.0,0,short_ok,1,scan_doc,1
KCI_FI002029312,fail_block,2,33,0,0,1,1.0,0,short_ok,1,scan_doc,1
KCI_FI002029312,fail_block,3,33,0,0,1,1.0,0,short_ok,1,scan_doc,1
KCI_FI002029312,fail_block,4,33,0,0,1,1.0,0,short_ok,1,scan_doc,1
KCI_FI002029312,fail_block,5,33,0,0,1,1.0,0,short_ok,1,scan_doc,1
KCI_FI002029312,fail_block,6,33,0,0,1,1.0,0,short_ok,1,scan_doc,1
KCI_FI002029312,fail_block,7,33,0,0,1,1.0,0,short_ok,1,scan_doc,1
KCI_FI002029312,fail_block,8,33,0,0,1,1.0,0,short_ok,1,scan_doc,1
KCI_FI002029312,fail_block,9,33,0,0,1,1.0,0,short_ok,1,scan_doc,1
KCI_FI002029312,fail_block,10,33,0,0,1,1.0,0,short_ok,1,scan_doc,1
KCI_FI002029312,fail_block,11,33,0,0,1,1.0,0,short_ok,1,scan_doc,1
KCI_FI002029312,fail_block,12,33,0,0,1,1.0,0,short_ok,1,scan_doc,1
KCI_FI002029312,fail_block,13,33,0,0,1,1.0,0,short_ok,1,scan_doc,1
KCI_FI002029312,fail_block,14,33,0,0,1,1.0,0,short_ok,1,scan_doc,1
KCI_FI002029312,fail_block,15,33,0,0,1,1.0,0,short_ok,1,scan_doc,1
KCI_FI002029312,fail_block,16,33,0,0,1,1.0,0,short_ok,1,scan_doc,1
KCI_FI002029312,fail_block,17,33,0,0,1,1.0,0,short_ok,1,scan_doc,1
KCI_FI002029312,fail_block,18,33,0,0,1,1.0,0,short_ok,1,scan_doc,1
KCI_FI002029312,fail_block,19,33,0,0,1,1.0,0,short_ok,1,scan_doc,1
KCI_FI002029312,fail_block,20,33,0,0,1,1.0,0,short_ok,1,scan_doc,1
KCI_FI002029312,fail_block,21,33,0,0,1,1.0,0,short_ok,1,scan_doc,1
KCI_FI002029312,fail_block,22,33,0,0,1,1.0,0,short_ok,1,scan_doc,1
KCI_FI002029312,fail_block,23,33,0,0,1,1.0,0,short_ok,1,scan_doc,1
KCI_FI002029312,fail_block,24,33,0,0,1,1.0,0,short_ok,1,scan_doc,1
KCI_FI002029312,fail_block,25,33,0,0,1,1.0,0,short_ok,1,scan_doc,1
KCI_FI002029312,fail_block,26,33,0,0,1,1.0,0,short_ok,1,scan_doc,1
KCI_FI002029312,fail_block,27,33,0,0,1,1.0,0,short_ok,1,scan_doc,1
KCI_FI002029318,fail_block,0,33,0,0,1,1.0,0,short_ok,1,scan_doc,1
KCI_FI002029318,fail_block,1,33,0,0,1,1.0,0,short_ok,1,scan_doc,1
KCI_FI002029318,fail_block,2,33,0,0,1,1.0,0,short_ok,1,scan_doc,1
KCI_FI002029318,fail_block,3,33,0,0,1,1.0,0,short_ok,1,scan_doc,1
KCI_FI002029318,fail_block,4,33,0,0,1,1.0,0,short_ok,1,scan_doc,1
KCI_FI002029318,fail_block,5,33,0,0,1,1.0,0,short_ok,1,scan_doc,1
KCI_FI002029318,fail_block,6,33,0,0,1,1.0,0,short_ok,1,scan_doc,1
KCI_FI002029318,fail_block,7,33,0,0,1,1.0,0,short_ok,1,scan_doc,1
KCI_FI002029318,fail_block,8,33,0,0,1,1.0,0,short_ok,1,scan_doc,1
KCI_FI002029318,fail_block,9,33,0,0,1,1.0,0,short_ok,1,scan_doc,1
KCI_FI002029318,fail_block,10,33,0,0,1,1.0,0,short_ok,1,scan_doc,1
KCI_FI002029318,fail_block,11,33,0,0,1,1.0,0,short_ok,1,scan_doc,1
KCI_FI002029318,fail_block,12,33,0,0,1,1.0,0,short_ok,1,scan_doc,1
KCI_FI002029318,fail_block,13,33,0,0,1,1.0,0,short_ok,1,scan_doc,1
KCI_FI002029318,fail_block,14,33,0,0,1,1.0,0,short_ok,1,scan_doc,1
KCI_FI002029318,fail_block,15,33,0,0,1,1.0,0,short_ok,1,scan_doc,1
KCI_FI002029318,fail_block,16,33,0,0,1,1.0,0,short_ok,1,scan_doc,1
KCI_FI002029318,fail_block,17,33,0,0,1,1.0,0,short_ok,1,scan_doc,1
KCI_FI002029321,fail_block,0,33,0,0,1,1.0,0,short_ok,1,scan_doc,1
KCI_FI002029321,fail_block,1,33,0,0,1,1.0,0,short_ok,1,scan_doc,1
KCI_FI002029321,fail_block,2,33,0,0,1,1.0,0,short_ok,1,scan_doc,1
KCI_FI002029321,fail_block,3,33,0,0,1,1.0,0,short_ok,1,scan_doc,1
KCI_FI002029321,fail_block,4,33,0,0,1,1.0,0,short_ok,1,scan_doc,1
KCI_FI002029321,fail_block,5,33,0,0,1,1.0,0,short_ok,1,scan_doc,1
KCI_FI002029321,fail_block,6,33,0,0,1,1.0,0,short_ok,1,scan_doc,1
KCI_FI002029321,fail_block,7,33,0,0,1,1.0,0,short_ok,1,scan_doc,1
KCI_FI002029321,fail_block,8,33,0,0,1,1.0,0,short_ok,1,scan_doc,1
KCI_FI002029321,fail_block,9,33,0,0,1,1.0,0,short_ok,1,scan_doc,1
KCI_FI002029321,fail_block,10,33,0,0,1,1.0,0,short_ok,1,scan_doc,1
KCI_FI002029321,fail_block,11,33,0,0,1,1.0,0,short_ok,1,scan_doc,1
KCI_FI002029321,fail_block,12,33,0,0,1,1.0,0,short_ok,1,scan_doc,1
KCI_FI002029321,fail_block,13,33,0,0,1,1.0,0,short_ok,1,scan_doc,1
KCI_FI002029321,fail_block,14,33,0,0,1,1.0,0,short_ok,1,scan_doc,1
KCI_FI002029321,fail_block,15,33,0,0,1,1.0,0,short_ok,1,scan_doc,1
KCI_FI002029321,fail_block,16,33,0,0,1,1.0,0,short_ok,1,scan_doc,1
KCI_FI002029321,fail_block,17,33,0,0,1,1.0,0,short_ok,1,scan_doc,1
KCI_FI002029321,fail_block,18,33,0,0,1,1.0,0,short_ok,1,scan_doc,1
KCI_FI002029321,fail_block,19,33,0,0,1,1.0,0,short_ok,1,scan_doc,1
KCI_FI002029321,fail_block,20,33,0,0,1,1.0,0,short_ok,1,scan_doc,1
KCI_FI002029321,fail_block,21,33,0,0,1,1.0,0,short_ok,1,scan_doc,1
KCI_FI002029321,fail_block,22,33,0,0,1,1.0,0,short_ok,1,scan_doc,1
KCI_FI002029323,fail_block,0,33,0,0,1,1.0,0,short_ok,1,scan_doc,1
KCI_FI002029323,fail_block,1,33,0,0,1,1.0,0,short_ok,1,scan_doc,1
KCI_FI002029323,fail_block,2,33,0,0,1,1.0,0,short_ok,1,scan_doc,1
KCI_FI002029323,fail_block,3,33,0,0,1,1.0,0,short_ok,1,scan_doc,1
KCI_FI002029323,fail_block,4,33,0,0,1,1.0,0,short_ok,1,scan_doc,1
KCI_FI002029323,fail_block,5,33,0,0,1,1.0,0,short_ok,1,scan_doc,1
KCI_FI002029323,fail_block,6,33,0,0,1,1.0,0,short_ok,1,scan_doc,1
KCI_FI002029323,fail_block,7,33,0,0,1,1.0,0,short_ok,1,scan_doc,1
KCI_FI002029323,fail_block,8,33,0,0,1,1.0,0,short_ok,1,scan_doc,1
KCI_FI002029323,fail_block,9,33,0,0,1,1.0,0,short_ok,1,scan_doc,1
KCI_FI002029323,fail_block,10,33,0,0,1,1.0,0,short_ok,1,scan_doc,1
KCI_FI002029323,fail_block,11,33,0,0,1,1.0,0,short_ok,1,scan_doc,1
KCI_FI002029323,fail_block,12,33,0,0,1,1.0,0,short_ok,1,scan_doc,1
KCI_FI002029323,fail_block,13,33,0,0,1,1.0,0,short_ok,1,scan_doc,1
KCI_FI002029323,fail_block,14,33,0,0,1,1.0,0,short_ok,1,scan_doc,1
KCI_FI002029323,fail_block,15,33,0,0,1,1.0,0,short_ok,1,scan_doc,1
KCI_FI002029323,fail_block,16,33,0,0,1,1.0,0,short_ok,1,scan_doc,1
KCI_FI002029315,fail_block,0,33,0,0,1,1.0,0,short_ok,1,scan_doc,1
KCI_FI002029315,fail_block,1,33,0,0,1,1.0,0,short_ok,1,scan_doc,1
KCI_FI002029315,fail_block,2,33,0,0,1,1.0,0,short_ok,1,scan_doc,1
KCI_FI002029315,fail_block,3,33,0,0,1,1.0,0,short_ok,1,scan_doc,1
KCI_FI002029315,fail_block,4,33,0,0,1,1.0,0,short_ok,1,scan_doc,1
KCI_FI002029315,fail_block,5,33,0,0,1,1.0,0,short_ok,1,scan_doc,1
KCI_FI002029315,fail_block,6,33,0,0,1,1.0,0,short_ok,1,scan_doc,1
KCI_FI002029315,fail_block,7,33,0,0,1,1.0,0,short_ok,1,scan_doc,1
KCI_FI002029315,fail_block,8,33,0,0,1,1.0,0,short_ok,1,scan_doc,1
KCI_FI002029315,fail_block,9,33,0,0,1,1.0,0,short_ok,1,scan_doc,1
KCI_FI002029315,fail_block,10,33,0,0,1,1.0,0,short_ok,1,scan_doc,1
KCI_FI002029315,fail_block,11,33,0,0,1,1.0,0,short_ok,1,scan_doc,1
KCI_FI002029315,fail_block,12,33,0,0,1,1.0,0,short_ok,1,scan_doc,1
KCI_FI002029315,fail_block,13,33,0,0,1,1.0,0,short_ok,1,scan_doc,1
KCI_FI002029315,fail_block,14,33,0,0,1,1.0,0,short_ok,1,scan_doc,1
KCI_FI002029315,fail_block,15,33,0,0,1,1.0,0,short_ok,1,scan_doc,1
KCI_FI002029315,fail_block,16,33,0,0,1,1.0,0,short_ok,1,scan_doc,1
KCI_FI002029315,fail_block,17,33,0,0,1,1.0,0,short_ok,1,scan_doc,1
KCI_FI002029315,fail_block,18,33,0,0,1,1.0,0,short_ok,1,scan_doc,1
KCI_FI002029315,fail_block,19,33,0,0,1,1.0,0,short_ok,1,scan_doc,1
KCI_FI002029315,fail_block,20,33,0,0,1,1.0,0,short_ok,1,scan_doc,1
KCI_FI002029315,fail_block,21,33,0,0,1,1.0,0,short_ok,1,scan_doc,1
KCI_FI002029315,fail_block,22,33,0,0,1,1.0,0,short_ok,1,scan_doc,1
KCI_FI002029315,fail_block,23,33,0,0,1,1.0,0,short_ok,1,scan_doc,1
KCI_FI002029315,fail_block,24,33,0,0,1,1.0,0,short_ok,1,scan_doc,1
KCI_FI002029320,fail_block,0,33,0,0,1,1.0,0,short_ok,1,scan_doc,1
KCI_FI002029320,fail_block,1,33,0,0,1,1.0,0,short_ok,1,scan_doc,1
KCI_FI002029320,fail_block,2,33,0,0,1,1.0,0,short_ok,1,scan_doc,1
KCI_FI002029320,fail_block,3,33,0,0,1,1.0,0,short_ok,1,scan_doc,1
KCI_FI002029320,fail_block,4,33,0,0,1,1.0,0,short_ok,1,scan_doc,1
KCI_FI002029320,fail_block,5,33,0,0,1,1.0,0,short_ok,1,scan_doc,1
KCI_FI002029320,fail_block,6,33,0,0,1,1.0,0,short_ok,1,scan_doc,1
KCI_FI002029320,fail_block,7,33,0,0,1,1.0,0,short_ok,1,scan_doc,1
KCI_FI002029320,fail_block,8,33,0,0,1,1.0,0,short_ok,1,scan_doc,1
KCI_FI002029320,fail_block,9,33,0,0,1,1.0,0,short_ok,1,scan_doc,1
KCI_FI002029320,fail_block,10,33,0,0,1,1.0,0,short_ok,1,scan_doc,1
KCI_FI002029320,fail_block,11,33,0,0,1,1.0,0,short_ok,1,scan_doc,1
KCI_FI002029320,fail_block,12,33,0,0,1,1.0,0,short_ok,1,scan_doc,1
KCI_FI002029320,fail_block,13,33,0,0,1,1.0,0,short_ok,1,scan_doc,1
KCI_FI002029320,fail_block,14,33,0,0,1,1.0,0,short_ok,1,scan_doc,1
KCI_FI002029320,fail_block,15,33,0,0,1,1.0,0,short_ok,1,scan_doc,1
KCI_FI002029320,fail_block,16,33,0,0,1,1.0,0,short_ok,1,scan_doc,1
KCI_FI002029320,fail_block,17,33,0,0,1,1.0,0,short_ok,1,scan_doc,1
KCI_FI002029320,fail_block,18,33,0,0,1,1.0,0,short_ok,1,scan_doc,1
KCI_FI002029320,fail_block,19,33,0,0,1,1.0,0,short_ok,1,scan_doc,1
KCI_FI002029320,fail_block,20,33,0,0,1,1.0,0,short_ok,1,scan_doc,1
KCI_FI002029320,fail_block,21,33,0,0,1,1.0,0,short_ok,1,scan_doc,1
KCI_FI002029208,fail_block,0,33,0,0,1,1.0,0,short_ok,1,scan_doc,1
KCI_FI002029208,fail_block,1,33,0,0,1,1.0,0,short_ok,1,scan_doc,1
KCI_FI002029208,fail_block,2,33,0,0,1,1.0,0,short_ok,1,scan_doc,1
KCI_FI002029208,fail_block,3,33,0,0,1,1.0,0,short_ok,1,scan_doc,1
KCI_FI002029208,fail_block,4,33,0,0,1,1.0,0,short_ok,1,scan_doc,1
KCI_FI002029208,fail_block,5,33,0,0,1,1.0,0,short_ok,1,scan_doc,1
KCI_FI002029208,fail_block,6,33,0,0,1,1.0,0,short_ok,1,scan_doc,1
KCI_FI002029208,fail_block,7,33,0,0,1,1.0,0,short_ok,1,scan_doc,1
KCI_FI002029208,fail_block,8,33,0,0,1,1.0,0,short_ok,1,scan_doc,1
KCI_FI002029208,fail_block,9,33,0,0,1,1.0,0,short_ok,1,scan_doc,1
KCI_FI002029208,fail_block,10,33,0,0,1,1.0,0,short_ok,1,scan_doc,1
KCI_FI002029208,fail_block,11,33,0,0,1,1.0,0,short_ok,1,scan_doc,1
KCI_FI002029208,fail_block,12,33,0,0,1,1.0,0,short_ok,1,scan_doc,1
KCI_FI002029208,fail_block,13,33,0,0,1,1.0,0,short_ok,1,scan_doc,1
KCI_FI002029208,fail_block,14,33,0,0,1,1.0,0,short_ok,1,scan_doc,1
KCI_FI002029208,fail_block,15,33,0,0,1,1.0,0,short_ok,1,scan_doc,1
KCI_FI002029208,fail_block,16,33,0,0,1,1.0,0,short_ok,1,scan_doc,1
KCI_FI002029208,fail_block,17,33,0,0,1,1.0,0,short_ok,1,scan_doc,1
KCI_FI002029208,fail_block,18,33,0,0,1,1.0,0,short_ok,1,scan_doc,1
KCI_FI002029208,fail_block,19,33,0,0,1,1.0,0,short_ok,1,scan_doc,1
KCI_FI002029208,fail_block,20,33,0,0,1,1.0,0,short_ok,1,scan_doc,1
KCI_FI002029208,fail_block,21,33,0,0,1,1.0,0,short_ok,1,scan_doc,1
KCI_FI002029208,fail_block,22,33,0,0,1,1.0,0,short_ok,1,scan_doc,1
KCI_FI002029206,fail_block,0,33,0,0,1,1.0,0,short_ok,1,scan_doc,1
KCI_FI002029206,fail_block,1,33,0,0,1,1.0,0,short_ok,1,scan_doc,1
KCI_FI002029206,fail_block,2,33,0,0,1,1.0,0,short_ok,1,scan_doc,1
KCI_FI002029206,fail_block,3,33,0,0,1,1.0,0,short_ok,1,scan_doc,1
KCI_FI002029206,fail_block,4,33,0,0,1,1.0,0,short_ok,1,scan_doc,1
KCI_FI002029206,fail_block,5,33,0,0,1,1.0,0,short_ok,1,scan_doc,1
KCI_FI002029206,fail_block,6,33,0,0,1,1.0,0,short_ok,1,scan_doc,1
KCI_FI002029206,fail_block,7,33,0,0,1,1.0,0,short_ok,1,scan_doc,1
KCI_FI002029206,fail_block,8,33,0,0,1,1.0,0,short_ok,1,scan_doc,1
KCI_FI002029206,fail_block,9,33,0,0,1,1.0,0,short_ok,1,scan_doc,1
KCI_FI002029206,fail_block,10,33,0,0,1,1.0,0,short_ok,1,scan_doc,1
KCI_FI002029206,fail_block,11,33,0,0,1,1.0,0,short_ok,1,scan_doc,1
KCI_FI002029206,fail_block,12,33,0,0,1,1.0,0,short_ok,1,scan_doc,1
KCI_FI002029206,fail_block,13,33,0,0,1,1.0,0,short_ok,1,scan_doc,1
KCI_FI002029206,fail_block,14,33,0,0,1,1.0,0,short_ok,1,scan_doc,1
KCI_FI002029206,fail_block,15,33,0,0,1,1.0,0,short_ok,1,scan_doc,1
KCI_FI002029206,fail_block,16,33,0,0,1,1.0,0,short_ok,1,scan_doc,1
KCI_FI002029206,fail_block,17,33,0,0,1,1.0,0,short_ok,1,scan_doc,1
KCI_FI002029206,fail_block,18,33,0,0,1,1.0,0,short_ok,1,scan_doc,1
KCI_FI002029206,fail_block,19,33,0,0,1,1.0,0,short_ok,1,scan_doc,1
KCI_FI002029206,fail_block,20,33,0,0,1,1.0,0,short_ok,1,scan_doc,1
KCI_FI002029206,fail_block,21,33,0,0,1,1.0,0,short_ok,1,scan_doc,1
KCI_FI002029206,fail_block,22,33,0,0,1,1.0,0,short_ok,1,scan_doc,1
KCI_FI002029206,fail_block,23,33,0,0,1,1.0,0,short_ok,1,scan_doc,1
KCI_FI002029206,fail_block,24,33,0,0,1,1.0,0,short_ok,1,scan_doc,1
KCI_FI002029206,fail_block,25,33,0,0,1,1.0,0,short_ok,1,scan_doc,1
KCI_FI002029206,fail_block,26,33,0,0,1,1.0,0,short_ok,1,scan_doc,1
KCI_FI002029206,fail_block,27,33,0,0,1,1.0,0,short_ok,1,scan_doc,1
KCI_FI002029206,fail_block,28,33,0,0,1,1.0,0,short_ok,1,scan_doc,1
KCI_FI002029206,fail_block,29,33,0,0,1,1.0,0,short_ok,1,scan_doc,1
KCI_FI002029206,fail_block,30,33,0,0,1,1.0,0,short_ok,1,scan_doc,1
KCI_FI002029206,fail_block,31,33,0,0,1,1.0,0,short_ok,1,scan_doc,1
KCI_FI002029206,fail_block,32,33,0,0,1,1.0,0,short_ok,1,scan_doc,1
KCI_FI002029206,fail_block,33,33,0,0,1,1.0,0,short_ok,1,scan_doc,1
KCI_FI002029206,fail_block,34,33,0,0,1,1.0,0,short_ok,1,scan_doc,1
KCI_FI002029206,fail_block,35,33,0,0,1,1.0,0,short_ok,1,scan_doc,1
KCI_FI002029206,fail_block,36,33,0,0,1,1.0,0,short_ok,1,scan_doc,1
KCI_FI002029206,fail_block,37,33,0,0,1,1.0,0,short_ok,1,scan_doc,1
KCI_FI002029211,fail_block,0,33,0,0,1,1.0,0,short_ok,1,scan_doc,1
KCI_FI002029211,fail_block,1,33,0,0,1,1.0,0,short_ok,1,scan_doc,1
KCI_FI002029211,fail_block,2,33,0,0,1,1.0,0,short_ok,1,scan_doc,1
KCI_FI002029211,fail_block,3,33,0,0,1,1.0,0,short_ok,1,scan_doc,1
KCI_FI002029211,fail_block,4,33,0,0,1,1.0,0,short_ok,1,scan_doc,1
KCI_FI002029211,fail_block,5,33,0,0,1,1.0,0,short_ok,1,scan_doc,1
KCI_FI002029211,fail_block,6,33,0,0,1,1.0,0,short_ok,1,scan_doc,1
KCI_FI002029211,fail_block,7,33,0,0,1,1.0,0,short_ok,1,scan_doc,1
KCI_FI002029211,fail_block,8,33,0,0,1,1.0,0,short_ok,1,scan_doc,1
KCI_FI002029211,fail_block,9,33,0,0,1,1.0,0,short_ok,1,scan_doc,1
KCI_FI002029211,fail_block,10,33,0,0,1,1.0,0,short_ok,1,scan_doc,1
KCI_FI002029211,fail_block,11,33,0,0,1,1.0,0,short_ok,1,scan_doc,1
KCI_FI002029211,fail_block,12,33,0,0,1,1.0,0,short_ok,1,scan_doc,1
KCI_FI002029211,fail_block,13,33,0,0,1,1.0,0,short_ok,1,scan_doc,1
KCI_FI002029211,fail_block,14,33,0,0,1,1.0,0,short_ok,1,scan_doc,1
KCI_FI002029211,fail_block,15,33,0,0,1,1.0,0,short_ok,1,scan_doc,1
KCI_FI002029211,fail_block,16,33,0,0,1,1.0,0,short_ok,1,scan_doc,1
KCI_FI002029211,fail_block,17,33,0,0,1,1.0,0,short_ok,1,scan_doc,1
KCI_FI002029211,fail_block,18,33,0,0,1,1.0,0,short_ok,1,scan_doc,1
KCI_FI002029211,fail_block,19,33,0,0,1,1.0,0,short_ok,1,scan_doc,1
KCI_FI002029211,fail_block,20,33,0,0,1,1.0,0,short_ok,1,scan_doc,1
KCI_FI002029210,fail_block,0,33,0,0,1,1.0,0,short_ok,1,scan_doc,1
KCI_FI002029210,fail_block,1,33,0,0,1,1.0,0,short_ok,1,scan_doc,1
KCI_FI002029210,fail_block,2,33,0,0,1,1.0,0,short_ok,1,scan_doc,1
KCI_FI002029210,fail_block,3,33,0,0,1,1.0,0,short_ok,1,scan_doc,1
KCI_FI002029210,fail_block,4,33,0,0,1,1.0,0,short_ok,1,scan_doc,1
KCI_FI002029210,fail_block,5,33,0,0,1,1.0,0,short_ok,1,scan_doc,1
KCI_FI002029210,fail_block,6,33,0,0,1,1.0,0,short_ok,1,scan_doc,1
KCI_FI002029210,fail_block,7,33,0,0,1,1.0,0,short_ok,1,scan_doc,1
KCI_FI002029210,fail_block,8,33,0,0,1,1.0,0,short_ok,1,scan_doc,1
KCI_FI002029210,fail_block,9,33,0,0,1,1.0,0,short_ok,1,scan_doc,1
KCI_FI002029210,fail_block,10,33,0,0,1,1.0,0,short_ok,1,scan_doc,1
KCI_FI002029210,fail_block,11,33,0,0,1,1.0,0,short_ok,1,scan_doc,1
KCI_FI002029210,fail_block,12,33,0,0,1,1.0,0,short_ok,1,scan_doc,1
KCI_FI002029210,fail_block,13,33,0,0,1,1.0,0,short_ok,1,scan_doc,1
KCI_FI002029210,fail_block,14,33,0,0,1,1.0,0,short_ok,1,scan_doc,1
KCI_FI002029210,fail_block,15,33,0,0,1,1.0,0,short_ok,1,scan_doc,1
KCI_FI002029210,fail_block,16,33,0,0,1,1.0,0,short_ok,1,scan_doc,1
KCI_FI002029210,fail_block,17,33,0,0,1,1.0,0,short_ok,1,scan_doc,1
KCI_FI002029210,fail_block,18,33,0,0,1,1.0,0,short_ok,1,scan_doc,1
KCI_FI002029210,fail_block,19,33,0,0,1,1.0,0,short_ok,1,scan_doc,1
KCI_FI002029210,fail_block,20,33,0,0,1,1.0,0,short_ok,1,scan_doc,1
KCI_FI002029210,fail_block,21,33,0,0,1,1.0,0,short_ok,1,scan_doc,1
KCI_FI002029210,fail_block,22,33,0,0,1,1.0,0,short_ok,1,scan_doc,1
KCI_FI002029210,fail_block,23,33,0,0,1,1.0,0,short_ok,1,scan_doc,1
KCI_FI002029210,fail_block,24,33,0,0,1,1.0,0,short_ok,1,scan_doc,1
KCI_FI002029210,fail_block,25,33,0,0,1,1.0,0,short_ok,1,scan_doc,1
KCI_FI002029210,fail_block,26,33,0,0,1,1.0,0,short_ok,1,scan_doc,1
KCI_FI002029210,fail_block,27,33,0,0,1,1.0,0,short_ok,1,scan_doc,1
KCI_FI002029210,fail_block,28,33,0,0,1,1.0,0,short_ok,1,scan_doc,1
KCI_FI002029210,fail_block,29,33,0,0,1,1.0,0,short_ok,1,scan_doc,1
KCI_FI002029210,fail_block,30,33,0,0,1,1.0,0,short_ok,1,scan_doc,1
KCI_FI002029218,fail_block,0,33,0,0,1,1.0,0,short_ok,1,scan_doc,1
KCI_FI002029218,fail_block,1,33,0,0,1,1.0,0,short_ok,1,scan_doc,1
KCI_FI002029218,fail_block,2,33,0,0,1,1.0,0,short_ok,1,scan_doc,1
KCI_FI002029218,fail_block,3,33,0,0,1,1.0,0,short_ok,1,scan_doc,1
KCI_FI002029218,fail_block,4,33,0,0,1,1.0,0,short_ok,1,scan_doc,1
KCI_FI002029218,fail_block,5,33,0,0,1,1.0,0,short_ok,1,scan_doc,1
KCI_FI002029218,fail_block,6,33,0,0,1,1.0,0,short_ok,1,scan_doc,1
KCI_FI002029218,fail_block,7,33,0,0,1,1.0,0,short_ok,1,scan_doc,1
KCI_FI002029218,fail_block,8,33,0,0,1,1.0,0,short_ok,1,scan_doc,1
KCI_FI002029218,fail_block,9,33,0,0,1,1.0,0,short_ok,1,scan_doc,1
KCI_FI002029218,fail_block,10,33,0,0,1,1.0,0,short_ok,1,scan_doc,1
KCI_FI002029218,fail_block,11,33,0,0,1,1.0,0,short_ok,1,scan_doc,1
KCI_FI002029218,fail_block,12,33,0,0,1,1.0,0,short_ok,1,scan_doc,1
KCI_FI002029218,fail_block,13,33,0,0,1,1.0,0,short_ok,1,scan_doc,1
KCI_FI002029218,fail_block,14,33,0,0,1,1.0,0,short_ok,1,scan_doc,1
KCI_FI002029218,fail_block,15,33,0,0,1,1.0,0,short_ok,1,scan_doc,1
KCI_FI002029218,fail_block,16,33,0,0,1,1.0,0,short_ok,1,scan_doc,1
KCI_FI002029218,fail_block,17,33,0,0,1,1.0,0,short_ok,1,scan_doc,1
KCI_FI002029218,fail_block,18,33,0,0,1,1.0,0,short_ok,1,scan_doc,1
KCI_FI002029218,fail_block,19,33,0,0,1,1.0,0,short_ok,1,scan_doc,1
KCI_FI002029205,fail_block,0,33,0,0,1,1.0,0,short_ok,1,scan_doc,1
KCI_FI002029205,fail_block,1,33,0,0,1,1.0,0,short_ok,1,scan_doc,1
KCI_FI002029205,fail_block,2,33,0,0,1,1.0,0,short_ok,1,scan_doc,1
KCI_FI002029205,fail_block,3,33,0,0,1,1.0,0,short_ok,1,scan_doc,1
KCI_FI002029205,fail_block,4,33,0,0,1,1.0,0,short_ok,1,scan_doc,1
KCI_FI002029205,fail_block,5,33,0,0,1,1.0,0,short_ok,1,scan_doc,1
KCI_FI002029205,fail_block,6,33,0,0,1,1.0,0,short_ok,1,scan_doc,1
KCI_FI002029205,fail_block,7,33,0,0,1,1.0,0,short_ok,1,scan_doc,1
KCI_FI002029205,fail_block,8,33,0,0,1,1.0,0,short_ok,1,scan_doc,1
KCI_FI002029205,fail_block,9,33,0,0,1,1.0,0,short_ok,1,scan_doc,1
KCI_FI002029205,fail_block,10,33,0,0,1,1.0,0,short_ok,1,scan_doc,1
KCI_FI002029205,fail_block,11,33,0,0,1,1.0,0,short_ok,1,scan_doc,1
KCI_FI002029205,fail_block,12,33,0,0,1,1.0,0,short_ok,1,scan_doc,1
KCI_FI002029205,fail_block,13,33,0,0,1,1.0,0,short_ok,1,scan_doc,1
KCI_FI002029205,fail_block,14,33,0,0,1,1.0,0,short_ok,1,scan_doc,1
KCI_FI002029205,fail_block,15,33,0,0,1,1.0,0,short_ok,1,scan_doc,1
KCI_FI002029205,fail_block,16,33,0,0,1,1.0,0,short_ok,1,scan_doc,1
KCI_FI002029205,fail_block,17,33,0,0,1,1.0,0,short_ok,1,scan_doc,1
KCI_FI002029205,fail_block,18,33,0,0,1,1.0,0,short_ok,1,scan_doc,1
KCI_FI002029205,fail_block,19,33,0,0,1,1.0,0,short_ok,1,scan_doc,1
KCI_FI002029205,fail_block,20,33,0,0,1,1.0,0,short_ok,1,scan_doc,1
KCI_FI002029205,fail_block,21,33,0,0,1,1.0,0,short_ok,1,scan_doc,1
KCI_FI002029205,fail_block,22,33,0,0,1,1.0,0,short_ok,1,scan_doc,1
KCI_FI002029217,fail_block,0,33,0,0,1,1.0,0,short_ok,1,scan_doc,1
KCI_FI002029217,fail_block,1,33,0,0,1,1.0,0,short_ok,1,scan_doc,1
KCI_FI002029217,fail_block,2,33,0,0,1,1.0,0,short_ok,1,scan_doc,1
KCI_FI002029217,fail_block,3,33,0,0,1,1.0,0,short_ok,1,scan_doc,1
KCI_FI002029217,fail_block,4,33,0,0,1,1.0,0,short_ok,1,scan_doc,1
KCI_FI002029217,fail_block,5,33,0,0,1,1.0,0,short_ok,1,scan_doc,1
KCI_FI002029217,fail_block,6,33,0,0,1,1.0,0,short_ok,1,scan_doc,1
KCI_FI002029217,fail_block,7,33,0,0,1,1.0,0,short_ok,1,scan_doc,1
KCI_FI002029217,fail_block,8,33,0,0,1,1.0,0,short_ok,1,scan_doc,1
KCI_FI002029217,fail_block,9,33,0,0,1,1.0,0,short_ok,1,scan_doc,1
KCI_FI002029217,fail_block,10,33,0,0,1,1.0,0,short_ok,1,scan_doc,1
KCI_FI002029217,fail_block,11,33,0,0,1,1.0,0,short_ok,1,scan_doc,1
KCI_FI002029217,fail_block,12,33,0,0,1,1.0,0,short_ok,1,scan_doc,1
KCI_FI002029217,fail_block,13,33,0,0,1,1.0,0,short_ok,1,scan_doc,1
KCI_FI002029217,fail_block,14,33,0,0,1,1.0,0,short_ok,1,scan_doc,1
KCI_FI002029217,fail_block,15,33,0,0,1,1.0,0,short_ok,1,scan_doc,1
KCI_FI002029217,fail_block,16,33,0,0,1,1.0,0,short_ok,1,scan_doc,1
KCI_FI002029217,fail_block,17,33,0,0,1,1.0,0,short_ok,1,scan_doc,1
KCI_FI002029217,fail_block,18,33,0,0,1,1.0,0,short_ok,1,scan_doc,1
KCI_FI002029217,fail_block,19,33,0,0,1,1.0,0,short_ok,1,scan_doc,1
KCI_FI002029217,fail_block,20,33,0,0,1,1.0,0,short_ok,1,scan_doc,1
KCI_FI002029217,fail_block,21,33,0,0,1,1.0,0,short_ok,1,scan_doc,1
KCI_FI002029217,fail_block,22,33,0,0,1,1.0,0,short_ok,1,scan_doc,1
KCI_FI002029217,fail_block,23,33,0,0,1,1.0,0,short_ok,1,scan_doc,1
KCI_FI002029217,fail_block,24,33,0,0,1,1.0,0,short_ok,1,scan_doc,1
KCI_FI002029217,fail_block,25,33,0,0,1,1.0,0,short_ok,1,scan_doc,1
KCI_FI002029217,fail_block,26,33,0,0,1,1.0,0,short_ok,1,scan_doc,1
KCI_FI002029217,fail_block,27,33,0,0,1,1.0,0,short_ok,1,scan_doc,1
KCI_FI002029217,fail_block,28,33,0,0,1,1.0,0,short_ok,1,scan_doc,1
KCI_FI002029217,fail_block,29,33,0,0,1,1.0,0,short_ok,1,scan_doc,1
KCI_FI002029217,fail_block,30,33,0,0,1,1.0,0,short_ok,1,scan_doc,1
KCI_FI002029217,fail_block,31,33,0,0,1,1.0,0,short_ok,1,scan_doc,1
KCI_FI002029217,fail_block,32,33,0,0,1,1.0,0,short_ok,1,scan_doc,1
KCI_FI002029217,fail_block,33,33,0,0,1,1.0,0,short_ok,1,scan_doc,1
KCI_FI002029217,fail_block,34,33,0,0,1,1.0,0,short_ok,1,scan_doc,1
KCI_FI002029217,fail_block,35,33,0,0,1,1.0,0,short_ok,1,scan_doc,1
KCI_FI002029217,fail_block,36,33,0,0,1,1.0,0,short_ok,1,scan_doc,1
KCI_FI002029217,fail_block,37,33,0,0,1,1.0,0,short_ok,1,scan_doc,1
KCI_FI002029217,fail_block,38,33,0,0,1,1.0,0,short_ok,1,scan_doc,1
KCI_FI002029217,fail_block,39,33,0,0,1,1.0,0,short_ok,1,scan_doc,1
KCI_FI002029217,fail_block,40,33,0,0,1,1.0,0,short_ok,1,scan_doc,1
KCI_FI002029217,fail_block,41,33,0,0,1,1.0,0,short_ok,1,scan_doc,1
KCI_FI002029217,fail_block,42,33,0,0,1,1.0,0,short_ok,1,scan_doc,1
KCI_FI002029217,fail_block,43,33,0,0,1,1.0,0,short_ok,1,scan_doc,1
KCI_FI002029217,fail_block,44,33,0,0,1,1.0,0,short_ok,1,scan_doc,1
KCI_FI002029215,fail_block,0,33,0,0,1,1.0,0,short_ok,1,scan_doc,1
KCI_FI002029215,fail_block,1,33,0,0,1,1.0,0,short_ok,1,scan_doc,1
KCI_FI002029215,fail_block,2,33,0,0,1,1.0,0,short_ok,1,scan_doc,1
KCI_FI002029215,fail_block,3,33,0,0,1,1.0,0,short_ok,1,scan_doc,1
KCI_FI002029215,fail_block,4,33,0,0,1,1.0,0,short_ok,1,scan_doc,1
KCI_FI002029215,fail_block,5,33,0,0,1,1.0,0,short_ok,1,scan_doc,1
KCI_FI002029215,fail_block,6,33,0,0,1,1.0,0,short_ok,1,scan_doc,1
KCI_FI002029215,fail_block,7,33,0,0,1,1.0,0,short_ok,1,scan_doc,1
KCI_FI002029215,fail_block,8,33,0,0,1,1.0,0,short_ok,1,scan_doc,1
KCI_FI002029215,fail_block,9,33,0,0,1,1.0,0,short_ok,1,scan_doc,1
KCI_FI002029215,fail_block,10,33,0,0,1,1.0,0,short_ok,1,scan_doc,1
KCI_FI002029215,fail_block,11,33,0,0,1,1.0,0,short_ok,1,scan_doc,1
KCI_FI002029215,fail_block,12,33,0,0,1,1.0,0,short_ok,1,scan_doc,1
KCI_FI002029215,fail_block,13,33,0,0,1,1.0,0,short_ok,1,scan_doc,1
KCI_FI002029215,fail_block,14,33,0,0,1,1.0,0,short_ok,1,scan_doc,1
KCI_FI002029215,fail_block,15,33,0,0,1,1.0,0,short_ok,1,scan_doc,1
KCI_FI002029215,fail_block,16,33,0,0,1,1.0,0,short_ok,1,scan_doc,1
KCI_FI002029215,fail_block,17,33,0,0,1,1.0,0,short_ok,1,scan_doc,1
KCI_FI002029215,fail_block,18,33,0,0,1,1.0,0,short_ok,1,scan_doc,1
KCI_FI002029215,fail_block,19,33,0,0,1,1.0,0,short_ok,1,scan_doc,1
KCI_FI002029215,fail_block,20,33,0,0,1,1.0,0,short_ok,1,scan_doc,1
KCI_FI002029215,fail_block,21,33,0,0,1,1.0,0,short_ok,1,scan_doc,1
KCI_FI002029215,fail_block,22,33,0,0,1,1.0,0,short_ok,1,scan_doc,1
KCI_FI002029215,fail_block,23,33,0,0,1,1.0,0,short_ok,1,scan_doc,1
KCI_FI002029215,fail_block,24,33,0,0,1,1.0,0,short_ok,1,scan_doc,1
KCI_FI002029219,fail_block,0,33,0,0,1,1.0,0,short_ok,1,scan_doc,1
KCI_FI002029219,fail_block,1,33,0,0,1,1.0,0,short_ok,1,scan_doc,1
KCI_FI002029219,fail_block,2,33,0,0,1,1.0,0,short_ok,1,scan_doc,1
KCI_FI002029219,fail_block,3,33,0,0,1,1.0,0,short_ok,1,scan_doc,1
KCI_FI002029219,fail_block,4,33,0,0,1,1.0,0,short_ok,1,scan_doc,1
KCI_FI002029219,fail_block,5,33,0,0,1,1.0,0,short_ok,1,scan_doc,1
KCI_FI002029219,fail_block,6,33,0,0,1,1.0,0,short_ok,1,scan_doc,1
KCI_FI002029219,fail_block,7,33,0,0,1,1.0,0,short_ok,1,scan_doc,1
KCI_FI002029219,fail_block,8,33,0,0,1,1.0,0,short_ok,1,scan_doc,1
KCI_FI002029212,fail_block,0,33,0,0,1,1.0,0,short_ok,1,scan_doc,1
KCI_FI002029212,fail_block,1,33,0,0,1,1.0,0,short_ok,1,scan_doc,1
KCI_FI002029212,fail_block,2,33,0,0,1,1.0,0,short_ok,1,scan_doc,1
KCI_FI002029212,fail_block,3,33,0,0,1,1.0,0,short_ok,1,scan_doc,1
KCI_FI002029212,fail_block,4,33,0,0,1,1.0,0,short_ok,1,scan_doc,1
KCI_FI002029212,fail_block,5,33,0,0,1,1.0,0,short_ok,1,scan_doc,1
KCI_FI002029212,fail_block,6,33,0,0,1,1.0,0,short_ok,1,scan_doc,1
KCI_FI002029212,fail_block,7,33,0,0,1,1.0,0,short_ok,1,scan_doc,1
KCI_FI002029212,fail_block,8,33,0,0,1,1.0,0,short_ok,1,scan_doc,1
KCI_FI002029212,fail_block,9,33,0,0,1,1.0,0,short_ok,1,scan_doc,1
KCI_FI002029212,fail_block,10,33,0,0,1,1.0,0,short_ok,1,scan_doc,1
KCI_FI002029212,fail_block,11,33,0,0,1,1.0,0,short_ok,1,scan_doc,1
KCI_FI002029212,fail_block,12,33,0,0,1,1.0,0,short_ok,1,scan_doc,1
KCI_FI002029212,fail_block,13,33,0,0,1,1.0,0,short_ok,1,scan_doc,1
KCI_FI002029212,fail_block,14,33,0,0,1,1.0,0,short_ok,1,scan_doc,1
KCI_FI002029212,fail_block,15,33,0,0,1,1.0,0,short_ok,1,scan_doc,1
KCI_FI002029212,fail_block,16,33,0,0,1,1.0,0,short_ok,1,scan_doc,1
KCI_FI002029212,fail_block,17,33,0,0,1,1.0,0,short_ok,1,scan_doc,1
KCI_FI002029212,fail_block,18,33,0,0,1,1.0,0,short_ok,1,scan_doc,1
KCI_FI002029212,fail_block,19,33,0,0,1,1.0,0,short_ok,1,scan_doc,1
KCI_FI002029216,fail_block,0,33,0,0,1,1.0,0,short_ok,1,scan_doc,1
KCI_FI002029216,fail_block,1,33,0,0,1,1.0,0,short_ok,1,scan_doc,1
KCI_FI002029216,fail_block,2,33,0,0,1,1.0,0,short_ok,1,scan_doc,1
KCI_FI002029216,fail_block,3,33,0,0,1,1.0,0,short_ok,1,scan_doc,1
KCI_FI002029216,fail_block,4,33,0,0,1,1.0,0,short_ok,1,scan_doc,1
KCI_FI002029216,fail_block,5,33,0,0,1,1.0,0,short_ok,1,scan_doc,1
KCI_FI002029216,fail_block,6,33,0,0,1,1.0,0,short_ok,1,scan_doc,1
KCI_FI002029216,fail_block,7,33,0,0,1,1.0,0,short_ok,1,scan_doc,1
KCI_FI002029216,fail_block,8,33,0,0,1,1.0,0,short_ok,1,scan_doc,1
KCI_FI002029216,fail_block,9,33,0,0,1,1.0,0,short_ok,1,scan_doc,1
KCI_FI002029216,fail_block,10,33,0,0,1,1.0,0,short_ok,1,scan_doc,1
KCI_FI002029216,fail_block,11,33,0,0,1,1.0,0,short_ok,1,scan_doc,1
KCI_FI002029216,fail_block,12,33,0,0,1,1.0,0,short_ok,1,scan_doc,1
KCI_FI002029216,fail_block,13,33,0,0,1,1.0,0,short_ok,1,scan_doc,1
KCI_FI002029216,fail_block,14,33,0,0,1,1.0,0,short_ok,1,scan_doc,1
KCI_FI002029216,fail_block,15,33,0,0,1,1.0,0,short_ok,1,scan_doc,1
KCI_FI002029216,fail_block,16,33,0,0,1,1.0,0,short_ok,1,scan_doc,1
KCI_FI002029216,fail_block,17,33,0,0,1,1.0,0,short_ok,1,scan_doc,1
KCI_FI002029216,fail_block,18,33,0,0,1,1.0,0,short_ok,1,scan_doc,1
KCI_FI002029216,fail_block,19,33,0,0,1,1.0,0,short_ok,1,scan_doc,1
KCI_FI002029216,fail_block,20,33,0,0,1,1.0,0,short_ok,1,scan_doc,1
KCI_FI002029216,fail_block,21,33,0,0,1,1.0,0,short_ok,1,scan_doc,1
KCI_FI002029207,fail_block,0,33,0,0,1,1.0,0,short_ok,1,scan_doc,1
KCI_FI002029207,fail_block,1,33,0,0,1,1.0,0,short_ok,1,scan_doc,1
KCI_FI002029207,fail_block,2,33,0,0,1,1.0,0,short_ok,1,scan_doc,1
KCI_FI002029207,fail_block,3,33,0,0,1,1.0,0,short_ok,1,scan_doc,1
KCI_FI002029207,fail_block,4,33,0,0,1,1.0,0,short_ok,1,scan_doc,1
KCI_FI002029207,fail_block,5,33,0,0,1,1.0,0,short_ok,1,scan_doc,1
KCI_FI002029207,fail_block,6,33,0,0,1,1.0,0,short_ok,1,scan_doc,1
KCI_FI002029207,fail_block,7,33,0,0,1,1.0,0,short_ok,1,scan_doc,1
KCI_FI002029207,fail_block,8,33,0,0,1,1.0,0,short_ok,1,scan_doc,1
KCI_FI002029207,fail_block,9,33,0,0,1,1.0,0,short_ok,1,scan_doc,1
KCI_FI002029207,fail_block,10,33,0,0,1,1.0,0,short_ok,1,scan_doc,1
KCI_FI002029207,fail_block,11,33,0,0,1,1.0,0,short_ok,1,scan_doc,1
KCI_FI002029207,fail_block,12,33,0,0,1,1.0,0,short_ok,1,scan_doc,1
KCI_FI002029207,fail_block,13,33,0,0,1,1.0,0,short_ok,1,scan_doc,1
KCI_FI002029207,fail_block,14,33,0,0,1,1.0,0,short_ok,1,scan_doc,1
KCI_FI002029207,fail_block,15,33,0,0,1,1.0,0,short_ok,1,scan_doc,1
KCI_FI002029207,fail_block,16,33,0,0,1,1.0,0,short_ok,1,scan_doc,1
KCI_FI002029207,fail_block,17,33,0,0,1,1.0,0,short_ok,1,scan_doc,1
KCI_FI002029207,fail_block,18,33,0,0,1,1.0,0,short_ok,1,scan_doc,1
KCI_FI002029207,fail_block,19,33,0,0,1,1.0,0,short_ok,1,scan_doc,1
KCI_FI002029207,fail_block,20,33,0,0,1,1.0,0,short_ok,1,scan_doc,1
KCI_FI002029207,fail_block,21,33,0,0,1,1.0,0,short_ok,1,scan_doc,1
KCI_FI002029209,fail_block,0,33,0,0,1,1.0,0,short_ok,1,scan_doc,1
KCI_FI002029209,fail_block,1,33,0,0,1,1.0,0,short_ok,1,scan_doc,1
KCI_FI002029209,fail_block,2,33,0,0,1,1.0,0,short_ok,1,scan_doc,1
KCI_FI002029209,fail_block,3,33,0,0,1,1.0,0,short_ok,1,scan_doc,1
KCI_FI002029209,fail_block,4,33,0,0,1,1.0,0,short_ok,1,scan_doc,1
KCI_FI002029209,fail_block,5,33,0,0,1,1.0,0,short_ok,1,scan_doc,1
KCI_FI002029209,fail_block,6,33,0,0,1,1.0,0,short_ok,1,scan_doc,1
KCI_FI002029209,fail_block,7,33,0,0,1,1.0,0,short_ok,1,scan_doc,1
KCI_FI002029209,fail_block,8,33,0,0,1,1.0,0,short_ok,1,scan_doc,1
KCI_FI002029209,fail_block,9,33,0,0,1,1.0,0,short_ok,1,scan_doc,1
KCI_FI002029209,fail_block,10,33,0,0,1,1.0,0,short_ok,1,scan_doc,1
KCI_FI002029209,fail_block,11,33,0,0,1,1.0,0,short_ok,1,scan_doc,1
KCI_FI002029209,fail_block,12,33,0,0,1,1.0,0,short_ok,1,scan_doc,1
KCI_FI002029209,fail_block,13,33,0,0,1,1.0,0,short_ok,1,scan_doc,1
KCI_FI002029209,fail_block,14,33,0,0,1,1.0,0,short_ok,1,scan_doc,1
KCI_FI002029209,fail_block,15,33,0,0,1,1.0,0,short_ok,1,scan_doc,1
KCI_FI002029213,fail_block,0,33,0,0,1,1.0,0,short_ok,1,scan_doc,1
KCI_FI002029213,fail_block,1,33,0,0,1,1.0,0,short_ok,1,scan_doc,1
KCI_FI002029213,fail_block,2,33,0,0,1,1.0,0,short_ok,1,scan_doc,1
KCI_FI002029213,fail_block,3,33,0,0,1,1.0,0,short_ok,1,scan_doc,1
KCI_FI002029213,fail_block,4,33,0,0,1,1.0,0,short_ok,1,scan_doc,1
KCI_FI002029213,fail_block,5,33,0,0,1,1.0,0,short_ok,1,scan_doc,1
KCI_FI002029213,fail_block,6,33,0,0,1,1.0,0,short_ok,1,scan_doc,1
KCI_FI002029213,fail_block,7,33,0,0,1,1.0,0,short_ok,1,scan_doc,1
KCI_FI002029213,fail_block,8,33,0,0,1,1.0,0,short_ok,1,scan_doc,1
KCI_FI002029213,fail_block,9,33,0,0,1,1.0,0,short_ok,1,scan_doc,1
KCI_FI002029213,fail_block,10,33,0,0,1,1.0,0,short_ok,1,scan_doc,1
KCI_FI002029213,fail_block,11,33,0,0,1,1.0,0,short_ok,1,scan_doc,1
KCI_FI002029213,fail_block,12,33,0,0,1,1.0,0,short_ok,1,scan_doc,1
KCI_FI002029213,fail_block,13,33,0,0,1,1.0,0,short_ok,1,scan_doc,1
KCI_FI002029213,fail_block,14,33,0,0,1,1.0,0,short_ok,1,scan_doc,1
KCI_FI002029213,fail_block,15,33,0,0,1,1.0,0,short_ok,1,scan_doc,1
KCI_FI002029213,fail_block,16,33,0,0,1,1.0,0,short_ok,1,scan_doc,1
KCI_FI002029213,fail_block,17,33,0,0,1,1.0,0,short_ok,1,scan_doc,1
KCI_FI002029213,fail_block,18,33,0,0,1,1.0,0,short_ok,1,scan_doc,1
KCI_FI002029213,fail_block,19,33,0,0,1,1.0,0,short_ok,1,scan_doc,1
KCI_FI002029214,fail_block,0,33,0,0,1,1.0,0,short_ok,1,scan_doc,1
KCI_FI002029214,fail_block,1,33,0,0,1,1.0,0,short_ok,1,scan_doc,1
KCI_FI002029214,fail_block,2,33,0,0,1,1.0,0,short_ok,1,scan_doc,1
KCI_FI002029214,fail_block,3,33,0,0,1,1.0,0,short_ok,1,scan_doc,1
KCI_FI002029214,fail_block,4,33,0,0,1,1.0,0,short_ok,1,scan_doc,1
KCI_FI002029214,fail_block,5,33,0,0,1,1.0,0,short_ok,1,scan_doc,1
KCI_FI002029214,fail_block,6,33,0,0,1,1.0,0,short_ok,1,scan_doc,1
KCI_FI002029214,fail_block,7,33,0,0,1,1.0,0,short_ok,1,scan_doc,1
KCI_FI002029214,fail_block,8,33,0,0,1,1.0,0,short_ok,1,scan_doc,1
KCI_FI002029214,fail_block,9,33,0,0,1,1.0,0,short_ok,1,scan_doc,1
KCI_FI002029214,fail_block,10,33,0,0,1,1.0,0,short_ok,1,scan_doc,1
KCI_FI002029214,fail_block,11,33,0,0,1,1.0,0,short_ok,1,scan_doc,1
KCI_FI002029214,fail_block,12,33,0,0,1,1.0,0,short_ok,1,scan_doc,1
KCI_FI002029214,fail_block,13,33,0,0,1,1.0,0,short_ok,1,scan_doc,1
KCI_FI002029214,fail_block,14,33,0,0,1,1.0,0,short_ok,1,scan_doc,1
KCI_FI002029214,fail_block,15,33,0,0,1,1.0,0,short_ok,1,scan_doc,1
KCI_FI002029214,fail_block,16,33,0,0,1,1.0,0,short_ok,1,scan_doc,1
KCI_FI002029214,fail_block,17,33,0,0,1,1.0,0,short_ok,1,scan_doc,1
KCI_FI002029214,fail_block,18,33,0,0,1,1.0,0,short_ok,1,scan_doc,1
KCI_FI002029214,fail_block,19,33,0,0,1,1.0,0,short_ok,1,scan_doc,1
KCI_FI002029202,fail_block,0,33,0,0,1,1.0,0,short_ok,1,scan_doc,1
KCI_FI002029202,fail_block,1,33,0,0,1,1.0,0,short_ok,1,scan_doc,1
KCI_FI002029202,fail_block,2,33,0,0,1,1.0,0,short_ok,1,scan_doc,1
KCI_FI002029202,fail_block,3,33,0,0,1,1.0,0,short_ok,1,scan_doc,1
KCI_FI002029202,fail_block,4,33,0,0,1,1.0,0,short_ok,1,scan_doc,1
KCI_FI002029202,fail_block,5,33,0,0,1,1.0,0,short_ok,1,scan_doc,1
KCI_FI002029202,fail_block,6,33,0,0,1,1.0,0,short_ok,1,scan_doc,1
KCI_FI002029202,fail_block,7,33,0,0,1,1.0,0,short_ok,1,scan_doc,1
KCI_FI002029202,fail_block,8,33,0,0,1,1.0,0,short_ok,1,scan_doc,1
KCI_FI002029202,fail_block,9,33,0,0,1,1.0,0,short_ok,1,scan_doc,1
KCI_FI002029202,fail_block,10,33,0,0,1,1.0,0,short_ok,1,scan_doc,1
KCI_FI002029202,fail_block,11,33,0,0,1,1.0,0,short_ok,1,scan_doc,1
KCI_FI002029202,fail_block,12,33,0,0,1,1.0,0,short_ok,1,scan_doc,1
KCI_FI002029202,fail_block,13,33,0,0,1,1.0,0,short_ok,1,scan_doc,1
KCI_FI002029202,fail_block,14,33,0,0,1,1.0,0,short_ok,1,scan_doc,1
KCI_FI002029202,fail_block,15,33,0,0,1,1.0,0,short_ok,1,scan_doc,1
KCI_FI002029202,fail_block,16,33,0,0,1,1.0,0,short_ok,1,scan_doc,1
KCI_FI002029202,fail_block,17,33,0,0,1,1.0,0,short_ok,1,scan_doc,1
KCI_FI002029202,fail_block,18,33,0,0,1,1.0,0,short_ok,1,scan_doc,1
KCI_FI002029202,fail_block,19,33,0,0,1,1.0,0,short_ok,1,scan_doc,1
KCI_FI002029202,fail_block,20,33,0,0,1,1.0,0,short_ok,1,scan_doc,1
KCI_FI002029202,fail_block,21,33,0,0,1,1.0,0,short_ok,1,scan_doc,1
KCI_FI002029202,fail_block,22,33,0,0,1,1.0,0,short_ok,1,scan_doc,1
KCI_FI002029202,fail_block,23,33,0,0,1,1.0,0,short_ok,1,scan_doc,1
KCI_FI002029201,fail_block,0,33,0,0,1,1.0,0,short_ok,1,scan_doc,1
KCI_FI002029201,fail_block,1,33,0,0,1,1.0,0,short_ok,1,scan_doc,1
KCI_FI002029201,fail_block,2,33,0,0,1,1.0,0,short_ok,1,scan_doc,1
KCI_FI002029201,fail_block,3,33,0,0,1,1.0,0,short_ok,1,scan_doc,1
KCI_FI002029201,fail_block,4,33,0,0,1,1.0,0,short_ok,1,scan_doc,1
KCI_FI002029201,fail_block,5,33,0,0,1,1.0,0,short_ok,1,scan_doc,1
KCI_FI002029201,fail_block,6,33,0,0,1,1.0,0,short_ok,1,scan_doc,1
KCI_FI002029201,fail_block,7,33,0,0,1,1.0,0,short_ok,1,scan_doc,1
KCI_FI002029201,fail_block,8,33,0,0,1,1.0,0,short_ok,1,scan_doc,1
KCI_FI002029201,fail_block,9,33,0,0,1,1.0,0,short_ok,1,scan_doc,1
KCI_FI002029201,fail_block,10,33,0,0,1,1.0,0,short_ok,1,scan_doc,1
KCI_FI002029201,fail_block,11,33,0,0,1,1.0,0,short_ok,1,scan_doc,1
KCI_FI002029201,fail_block,12,33,0,0,1,1.0,0,short_ok,1,scan_doc,1
KCI_FI002029201,fail_block,13,33,0,0,1,1.0,0,short_ok,1,scan_doc,1
KCI_FI002029201,fail_block,14,33,0,0,1,1.0,0,short_ok,1,scan_doc,1
KCI_FI002029201,fail_block,15,33,0,0,1,1.0,0,short_ok,1,scan_doc,1
KCI_FI002029201,fail_block,16,33,0,0,1,1.0,0,short_ok,1,scan_doc,1
KCI_FI002029201,fail_block,17,33,0,0,1,1.0,0,short_ok,1,scan_doc,1
KCI_FI002029203,fail_block,0,33,0,0,1,1.0,0,short_ok,1,scan_doc,1
KCI_FI002029203,fail_block,1,33,0,0,1,1.0,0,short_ok,1,scan_doc,1
KCI_FI002029203,fail_block,2,33,0,0,1,1.0,0,short_ok,1,scan_doc,1
KCI_FI002029203,fail_block,3,33,0,0,1,1.0,0,short_ok,1,scan_doc,1
KCI_FI002029203,fail_block,4,33,0,0,1,1.0,0,short_ok,1,scan_doc,1
KCI_FI002029203,fail_block,5,33,0,0,1,1.0,0,short_ok,1,scan_doc,1
KCI_FI002029203,fail_block,6,33,0,0,1,1.0,0,short_ok,1,scan_doc,1
KCI_FI002029203,fail_block,7,33,0,0,1,1.0,0,short_ok,1,scan_doc,1
KCI_FI002029203,fail_block,8,33,0,0,1,1.0,0,short_ok,1,scan_doc,1
KCI_FI002029203,fail_block,9,33,0,0,1,1.0,0,short_ok,1,scan_doc,1
KCI_FI002029203,fail_block,10,33,0,0,1,1.0,0,short_ok,1,scan_doc,1
KCI_FI002029203,fail_block,11,33,0,0,1,1.0,0,short_ok,1,scan_doc,1
KCI_FI002029203,fail_block,12,33,0,0,1,1.0,0,short_ok,1,scan_doc,1
KCI_FI002029203,fail_block,13,33,0,0,1,1.0,0,short_ok,1,scan_doc,1
KCI_FI002029203,fail_block,14,33,0,0,1,1.0,0,short_ok,1,scan_doc,1
KCI_FI002029203,fail_block,15,33,0,0,1,1.0,0,short_ok,1,scan_doc,1
KCI_FI002029203,fail_block,16,33,0,0,1,1.0,0,short_ok,1,scan_doc,1
KCI_FI002029203,fail_block,17,33,0,0,1,1.0,0,short_ok,1,scan_doc,1
KCI_FI002029203,fail_block,18,33,0,0,1,1.0,0,short_ok,1,scan_doc,1
KCI_FI002029203,fail_block,19,33,0,0,1,1.0,0,short_ok,1,scan_doc,1
KCI_FI002029196,fail_block,0,33,0,0,1,1.0,0,short_ok,1,scan_doc,1
KCI_FI002029196,fail_block,1,33,0,0,1,1.0,0,short_ok,1,scan_doc,1
KCI_FI002029196,fail_block,2,33,0,0,1,1.0,0,short_ok,1,scan_doc,1
KCI_FI002029196,fail_block,3,33,0,0,1,1.0,0,short_ok,1,scan_doc,1
KCI_FI002029196,fail_block,4,33,0,0,1,1.0,0,short_ok,1,scan_doc,1
KCI_FI002029196,fail_block,5,33,0,0,1,1.0,0,short_ok,1,scan_doc,1
KCI_FI002029196,fail_block,6,33,0,0,1,1.0,0,short_ok,1,scan_doc,1
KCI_FI002029196,fail_block,7,33,0,0,1,1.0,0,short_ok,1,scan_doc,1
KCI_FI002029196,fail_block,8,33,0,0,1,1.0,0,short_ok,1,scan_doc,1
KCI_FI002029196,fail_block,9,33,0,0,1,1.0,0,short_ok,1,scan_doc,1
KCI_FI002029196,fail_block,10,33,0,0,1,1.0,0,short_ok,1,scan_doc,1
KCI_FI002029196,fail_block,11,33,0,0,1,1.0,0,short_ok,1,scan_doc,1
KCI_FI002029196,fail_block,12,33,0,0,1,1.0,0,short_ok,1,scan_doc,1
KCI_FI002029196,fail_block,13,33,0,0,1,1.0,0,short_ok,1,scan_doc,1
KCI_FI002029196,fail_block,14,33,0,0,1,1.0,0,short_ok,1,scan_doc,1
KCI_FI002029196,fail_block,15,33,0,0,1,1.0,0,short_ok,1,scan_doc,1
KCI_FI002029196,fail_block,16,33,0,0,1,1.0,0,short_ok,1,scan_doc,1
KCI_FI002029196,fail_block,17,33,0,0,1,1.0,0,short_ok,1,scan_doc,1
KCI_FI002029196,fail_block,18,33,0,0,1,1.0,0,short_ok,1,scan_doc,1
KCI_FI002029196,fail_block,19,33,0,0,1,1.0,0,short_ok,1,scan_doc,1
KCI_FI002029196,fail_block,20,33,0,0,1,1.0,0,short_ok,1,scan_doc,1
KCI_FI002029196,fail_block,21,33,0,0,1,1.0,0,short_ok,1,scan_doc,1
KCI_FI002029196,fail_block,22,33,0,0,1,1.0,0,short_ok,1,scan_doc,1
KCI_FI002029196,fail_block,23,33,0,0,1,1.0,0,short_ok,1,scan_doc,1
KCI_FI002029196,fail_block,24,33,0,0,1,1.0,0,short_ok,1,scan_doc,1
KCI_FI002029196,fail_block,25,33,0,0,1,1.0,0,short_ok,1,scan_doc,1
KCI_FI002029196,fail_block,26,33,0,0,1,1.0,0,short_ok,1,scan_doc,1
KCI_FI002029196,fail_block,27,33,0,0,1,1.0,0,short_ok,1,scan_doc,1
KCI_FI002029196,fail_block,28,33,0,0,1,1.0,0,short_ok,1,scan_doc,1
KCI_FI002029198,fail_block,0,33,0,0,1,1.0,0,short_ok,1,scan_doc,1
KCI_FI002029198,fail_block,1,33,0,0,1,1.0,0,short_ok,1,scan_doc,1
KCI_FI002029198,fail_block,2,33,0,0,1,1.0,0,short_ok,1,scan_doc,1
KCI_FI002029198,fail_block,3,33,0,0,1,1.0,0,short_ok,1,scan_doc,1
KCI_FI002029198,fail_block,4,33,0,0,1,1.0,0,short_ok,1,scan_doc,1
KCI_FI002029198,fail_block,5,33,0,0,1,1.0,0,short_ok,1,scan_doc,1
KCI_FI002029198,fail_block,6,33,0,0,1,1.0,0,short_ok,1,scan_doc,1
KCI_FI002029198,fail_block,7,33,0,0,1,1.0,0,short_ok,1,scan_doc,1
KCI_FI002029198,fail_block,8,33,0,0,1,1.0,0,short_ok,1,scan_doc,1
KCI_FI002029198,fail_block,9,33,0,0,1,1.0,0,short_ok,1,scan_doc,1
KCI_FI002029198,fail_block,10,33,0,0,1,1.0,0,short_ok,1,scan_doc,1
KCI_FI002029198,fail_block,11,33,0,0,1,1.0,0,short_ok,1,scan_doc,1
KCI_FI002029198,fail_block,12,33,0,0,1,1.0,0,short_ok,1,scan_doc,1
KCI_FI002029198,fail_block,13,33,0,0,1,1.0,0,short_ok,1,scan_doc,1
KCI_FI002029198,fail_block,14,33,0,0,1,1.0,0,short_ok,1,scan_doc,1
KCI_FI002029198,fail_block,15,33,0,0,1,1.0,0,short_ok,1,scan_doc,1
KCI_FI002029198,fail_block,16,33,0,0,1,1.0,0,short_ok,1,scan_doc,1
KCI_FI002029198,fail_block,17,33,0,0,1,1.0,0,short_ok,1,scan_doc,1
KCI_FI002029199,fail_block,0,33,0,0,1,1.0,0,short_ok,1,scan_doc,1
KCI_FI002029199,fail_block,1,33,0,0,1,1.0,0,short_ok,1,scan_doc,1
KCI_FI002029199,fail_block,2,33,0,0,1,1.0,0,short_ok,1,scan_doc,1
KCI_FI002029199,fail_block,3,33,0,0,1,1.0,0,short_ok,1,scan_doc,1
KCI_FI002029199,fail_block,4,33,0,0,1,1.0,0,short_ok,1,scan_doc,1
KCI_FI002029199,fail_block,5,33,0,0,1,1.0,0,short_ok,1,scan_doc,1
KCI_FI002029199,fail_block,6,33,0,0,1,1.0,0,short_ok,1,scan_doc,1
KCI_FI002029199,fail_block,7,33,0,0,1,1.0,0,short_ok,1,scan_doc,1
KCI_FI002029199,fail_block,8,33,0,0,1,1.0,0,short_ok,1,scan_doc,1
KCI_FI002029199,fail_block,9,33,0,0,1,1.0,0,short_ok,1,scan_doc,1
KCI_FI002029199,fail_block,10,33,0,0,1,1.0,0,short_ok,1,scan_doc,1
KCI_FI002029199,fail_block,11,33,0,0,1,1.0,0,short_ok,1,scan_doc,1
KCI_FI002029199,fail_block,12,33,0,0,1,1.0,0,short_ok,1,scan_doc,1
KCI_FI002029199,fail_block,13,33,0,0,1,1.0,0,short_ok,1,scan_doc,1
KCI_FI002029199,fail_block,14,33,0,0,1,1.0,0,short_ok,1,scan_doc,1
KCI_FI002029199,fail_block,15,33,0,0,1,1.0,0,short_ok,1,scan_doc,1
KCI_FI002029199,fail_block,16,33,0,0,1,1.0,0,short_ok,1,scan_doc,1
KCI_FI002029199,fail_block,17,33,0,0,1,1.0,0,short_ok,1,scan_doc,1
KCI_FI002029194,fail_block,0,33,0,0,1,1.0,0,short_ok,1,scan_doc,1
KCI_FI002029194,fail_block,1,33,0,0,1,1.0,0,short_ok,1,scan_doc,1
KCI_FI002029194,fail_block,2,33,0,0,1,1.0,0,short_ok,1,scan_doc,1
KCI_FI002029194,fail_block,3,33,0,0,1,1.0,0,short_ok,1,scan_doc,1
KCI_FI002029194,fail_block,4,33,0,0,1,1.0,0,short_ok,1,scan_doc,1
KCI_FI002029194,fail_block,5,33,0,0,1,1.0,0,short_ok,1,scan_doc,1
KCI_FI002029194,fail_block,6,33,0,0,1,1.0,0,short_ok,1,scan_doc,1
KCI_FI002029194,fail_block,7,33,0,0,1,1.0,0,short_ok,1,scan_doc,1
KCI_FI002029194,fail_block,8,33,0,0,1,1.0,0,short_ok,1,scan_doc,1
KCI_FI002029194,fail_block,9,33,0,0,1,1.0,0,short_ok,1,scan_doc,1
KCI_FI002029194,fail_block,10,33,0,0,1,1.0,0,short_ok,1,scan_doc,1
KCI_FI002029194,fail_block,11,33,0,0,1,1.0,0,short_ok,1,scan_doc,1
KCI_FI002029194,fail_block,12,33,0,0,1,1.0,0,short_ok,1,scan_doc,1
KCI_FI002029194,fail_block,13,33,0,0,1,1.0,0,short_ok,1,scan_doc,1
KCI_FI002029194,fail_block,14,33,0,0,1,1.0,0,short_ok,1,scan_doc,1
KCI_FI002029195,fail_block,0,33,0,0,1,1.0,0,short_ok,1,scan_doc,1
KCI_FI002029195,fail_block,1,33,0,0,1,1.0,0,short_ok,1,scan_doc,1
KCI_FI002029195,fail_block,2,33,0,0,1,1.0,0,short_ok,1,scan_doc,1
KCI_FI002029195,fail_block,3,33,0,0,1,1.0,0,short_ok,1,scan_doc,1
KCI_FI002029195,fail_block,4,33,0,0,1,1.0,0,short_ok,1,scan_doc,1
KCI_FI002029195,fail_block,5,33,0,0,1,1.0,0,short_ok,1,scan_doc,1
KCI_FI002029195,fail_block,6,33,0,0,1,1.0,0,short_ok,1,scan_doc,1
KCI_FI002029195,fail_block,7,33,0,0,1,1.0,0,short_ok,1,scan_doc,1
KCI_FI002029195,fail_block,8,33,0,0,1,1.0,0,short_ok,1,scan_doc,1
KCI_FI002029195,fail_block,9,33,0,0,1,1.0,0,short_ok,1,scan_doc,1
KCI_FI002029195,fail_block,10,33,0,0,1,1.0,0,short_ok,1,scan_doc,1
KCI_FI002029195,fail_block,11,33,0,0,1,1.0,0,short_ok,1,scan_doc,1
KCI_FI002029195,fail_block,12,33,0,0,1,1.0,0,short_ok,1,scan_doc,1
KCI_FI002029195,fail_block,13,33,0,0,1,1.0,0,short_ok,1,scan_doc,1
KCI_FI002029195,fail_block,14,33,0,0,1,1.0,0,short_ok,1,scan_doc,1
KCI_FI002029195,fail_block,15,33,0,0,1,1.0,0,short_ok,1,scan_doc,1
KCI_FI002029195,fail_block,16,33,0,0,1,1.0,0,short_ok,1,scan_doc,1
KCI_FI002029197,fail_block,0,33,0,0,1,1.0,0,short_ok,1,scan_doc,1
KCI_FI002029197,fail_block,1,33,0,0,1,1.0,0,short_ok,1,scan_doc,1
KCI_FI002029197,fail_block,2,33,0,0,1,1.0,0,short_ok,1,scan_doc,1
KCI_FI002029197,fail_block,3,33,0,0,1,1.0,0,short_ok,1,scan_doc,1
KCI_FI002029197,fail_block,4,33,0,0,1,1.0,0,short_ok,1,scan_doc,1
KCI_FI002029197,fail_block,5,33,0,0,1,1.0,0,short_ok,1,scan_doc,1
KCI_FI002029197,fail_block,6,33,0,0,1,1.0,0,short_ok,1,scan_doc,1
KCI_FI002029197,fail_block,7,33,0,0,1,1.0,0,short_ok,1,scan_doc,1
KCI_FI002029197,fail_block,8,33,0,0,1,1.0,0,short_ok,1,scan_doc,1
KCI_FI002029197,fail_block,9,33,0,0,1,1.0,0,short_ok,1,scan_doc,1
KCI_FI002029197,fail_block,10,33,0,0,1,1.0,0,short_ok,1,scan_doc,1
KCI_FI002029197,fail_block,11,33,0,0,1,1.0,0,short_ok,1,scan_doc,1
KCI_FI002029197,fail_block,12,33,0,0,1,1.0,0,short_ok,1,scan_doc,1
KCI_FI002029197,fail_block,13,33,0,0,1,1.0,0,short_ok,1,scan_doc,1
KCI_FI002029197,fail_block,14,33,0,0,1,1.0,0,short_ok,1,scan_doc,1
KCI_FI002029197,fail_block,15,33,0,0,1,1.0,0,short_ok,1,scan_doc,1
KCI_FI002029197,fail_block,16,33,0,0,1,1.0,0,short_ok,1,scan_doc,1
KCI_FI002029197,fail_block,17,33,0,0,1,1.0,0,short_ok,1,scan_doc,1
KCI_FI002029197,fail_block,18,33,0,0,1,1.0,0,short_ok,1,scan_doc,1
KCI_FI002029197,fail_block,19,33,0,0,1,1.0,0,short_ok,1,scan_doc,1
KCI_FI002029197,fail_block,20,33,0,0,1,1.0,0,short_ok,1,scan_doc,1
KCI_FI002029197,fail_block,21,33,0,0,1,1.0,0,short_ok,1,scan_doc,1
KCI_FI002029197,fail_block,22,33,0,0,1,1.0,0,short_ok,1,scan_doc,1
KCI_FI002029197,fail_block,23,33,0,0,1,1.0,0,short_ok,1,scan_doc,1
KCI_FI002029197,fail_block,24,33,0,0,1,1.0,0,short_ok,1,scan_doc,1
KCI_FI002029197,fail_block,25,33,0,0,1,1.0,0,short_ok,1,scan_doc,1
KCI_FI002029197,fail_block,26,33,0,0,1,1.0,0,short_ok,1,scan_doc,1
KCI_FI002029197,fail_block,27,33,0,0,1,1.0,0,short_ok,1,scan_doc,1
KCI_FI002029197,fail_block,28,33,0,0,1,1.0,0,short_ok,1,scan_doc,1
KCI_FI002029197,fail_block,29,33,0,0,1,1.0,0,short_ok,1,scan_doc,1
KCI_FI002029197,fail_block,30,33,0,0,1,1.0,0,short_ok,1,scan_doc,1
KCI_FI002029197,fail_block,31,33,0,0,1,1.0,0,short_ok,1,scan_doc,1
KCI_FI002029200,fail_block,0,33,0,0,1,1.0,0,short_ok,1,scan_doc,1
KCI_FI002029200,fail_block,1,33,0,0,1,1.0,0,short_ok,1,scan_doc,1
KCI_FI002029200,fail_block,2,33,0,0,1,1.0,0,short_ok,1,scan_doc,1
KCI_FI002029200,fail_block,3,33,0,0,1,1.0,0,short_ok,1,scan_doc,1
KCI_FI002029200,fail_block,4,33,0,0,1,1.0,0,short_ok,1,scan_doc,1
KCI_FI002029200,fail_block,5,33,0,0,1,1.0,0,short_ok,1,scan_doc,1
KCI_FI002029200,fail_block,6,33,0,0,1,1.0,0,short_ok,1,scan_doc,1
KCI_FI002029200,fail_block,7,33,0,0,1,1.0,0,short_ok,1,scan_doc,1
KCI_FI002029200,fail_block,8,33,0,0,1,1.0,0,short_ok,1,scan_doc,1
KCI_FI002029200,fail_block,9,33,0,0,1,1.0,0,short_ok,1,scan_doc,1
KCI_FI002029200,fail_block,10,33,0,0,1,1.0,0,short_ok,1,scan_doc,1
KCI_FI002029200,fail_block,11,33,0,0,1,1.0,0,short_ok,1,scan_doc,1
KCI_FI002029200,fail_block,12,33,0,0,1,1.0,0,short_ok,1,scan_doc,1
KCI_FI002029200,fail_block,13,33,0,0,1,1.0,0,short_ok,1,scan_doc,1
KCI_FI002029200,fail_block,14,33,0,0,1,1.0,0,short_ok,1,scan_doc,1
KCI_FI002029200,fail_block,15,33,0,0,1,1.0,0,short_ok,1,scan_doc,1
KCI_FI002029200,fail_block,16,33,0,0,1,1.0,0,short_ok,1,scan_doc,1
KCI_FI002029204,fail_block,0,33,0,0,1,1.0,0,short_ok,1,scan_doc,1
KCI_FI002029204,fail_block,1,33,0,0,1,1.0,0,short_ok,1,scan_doc,1
KCI_FI002029204,fail_block,2,33,0,0,1,1.0,0,short_ok,1,scan_doc,1
KCI_FI002029204,fail_block,3,33,0,0,1,1.0,0,short_ok,1,scan_doc,1
KCI_FI002029204,fail_block,4,33,0,0,1,1.0,0,short_ok,1,scan_doc,1
KCI_FI002029204,fail_block,5,33,0,0,1,1.0,0,short_ok,1,scan_doc,1
KCI_FI002029204,fail_block,6,33,0,0,1,1.0,0,short_ok,1,scan_doc,1
KCI_FI002029204,fail_block,7,33,0,0,1,1.0,0,short_ok,1,scan_doc,1
KCI_FI002029204,fail_block,8,33,0,0,1,1.0,0,short_ok,1,scan_doc,1
KCI_FI002029204,fail_block,9,33,0,0,1,1.0,0,short_ok,1,scan_doc,1
KCI_FI002029204,fail_block,10,33,0,0,1,1.0,0,short_ok,1,scan_doc,1
KCI_FI002029204,fail_block,11,33,0,0,1,1.0,0,short_ok,1,scan_doc,1
KCI_FI002029204,fail_block,12,33,0,0,1,1.0,0,short_ok,1,scan_doc,1
KCI_FI002029204,fail_block,13,33,0,0,1,1.0,0,short_ok,1,scan_doc,1
KCI_FI002029204,fail_block,14,33,0,0,1,1.0,0,short_ok,1,scan_doc,1
KCI_FI002029204,fail_block,15,33,0,0,1,1.0,0,short_ok,1,scan_doc,1
KCI_FI002029204,fail_block,16,33,0,0,1,1.0,0,short_ok,1,scan_doc,1
KCI_FI002029204,fail_block,17,33,0,0,1,1.0,0,short_ok,1,scan_doc,1
KCI_FI002029204,fail_block,18,33,0,0,1,1.0,0,short_ok,1,scan_doc,1
KCI_FI002029204,fail_block,19,33,0,0,1,1.0,0,short_ok,1,scan_doc,1
KCI_FI002029204,fail_block,20,33,0,0,1,1.0,0,short_ok,1,scan_doc,1
KCI_FI002029204,fail_block,21,33,0,0,1,1.0,0,short_ok,1,scan_doc,1
KCI_FI002029204,fail_block,22,33,0,0,1,1.0,0,short_ok,1,scan_doc,1
KCI_FI002029204,fail_block,23,33,0,0,1,1.0,0,short_ok,1,scan_doc,1
KCI_FI002028879,fail_block,0,33,0,0,1,1.0,0,short_ok,1,scan_doc,1
KCI_FI002028879,fail_block,1,33,0,0,1,1.0,0,short_ok,1,scan_doc,1
KCI_FI002028879,fail_block,2,33,0,0,1,1.0,0,short_ok,1,scan_doc,1
KCI_FI002028879,fail_block,3,33,0,0,1,1.0,0,short_ok,1,scan_doc,1
KCI_FI002028879,fail_block,4,33,0,0,1,1.0,0,short_ok,1,scan_doc,1
KCI_FI002028879,fail_block,5,33,0,0,1,1.0,0,short_ok,1,scan_doc,1
KCI_FI002028879,fail_block,6,33,0,0,1,1.0,0,short_ok,1,scan_doc,1
KCI_FI002028879,fail_block,7,33,0,0,1,1.0,0,short_ok,1,scan_doc,1
KCI_FI002028879,fail_block,8,33,0,0,1,1.0,0,short_ok,1,scan_doc,1
KCI_FI002028879,fail_block,9,33,0,0,1,1.0,0,short_ok,1,scan_doc,1
KCI_FI002028879,fail_block,10,33,0,0,1,1.0,0,short_ok,1,scan_doc,1
KCI_FI002028879,fail_block,11,33,0,0,1,1.0,0,short_ok,1,scan_doc,1
KCI_FI002028879,fail_block,12,33,0,0,1,1.0,0,short_ok,1,scan_doc,1
KCI_FI002028879,fail_block,13,33,0,0,1,1.0,0,short_ok,1,scan_doc,1
KCI_FI002028879,fail_block,14,33,0,0,1,1.0,0,short_ok,1,scan_doc,1
KCI_FI002028879,fail_block,15,33,0,0,1,1.0,0,short_ok,1,scan_doc,1
KCI_FI002028879,fail_block,16,33,0,0,1,1.0,0,short_ok,1,scan_doc,1
KCI_FI002028879,fail_block,17,33,0,0,1,1.0,0,short_ok,1,scan_doc,1
KCI_FI002028879,fail_block,18,33,0,0,1,1.0,0,short_ok,1,scan_doc,1
KCI_FI002028879,fail_block,19,33,0,0,1,1.0,0,short_ok,1,scan_doc,1
KCI_FI002028879,fail_block,20,33,0,0,1,1.0,0,short_ok,1,scan_doc,1
KCI_FI002028879,fail_block,21,33,0,0,1,1.0,0,short_ok,1,scan_doc,1
KCI_FI002028879,fail_block,22,33,0,0,1,1.0,0,short_ok,1,scan_doc,1
KCI_FI002028879,fail_block,23,33,0,0,1,1.0,0,short_ok,1,scan_doc,1
KCI_FI002028879,fail_block,24,33,0,0,1,1.0,0,short_ok,1,scan_doc,1
KCI_FI002028879,fail_block,25,33,0,0,1,1.0,0,short_ok,1,scan_doc,1
KCI_FI002028879,fail_block,26,33,0,0,1,1.0,0,short_ok,1,scan_doc,1
KCI_FI002028879,fail_block,27,33,0,0,1,1.0,0,short_ok,1,scan_doc,1
KCI_FI002028879,fail_block,28,33,0,0,1,1.0,0,short_ok,1,scan_doc,1
KCI_FI002028879,fail_block,29,33,0,0,1,1.0,0,short_ok,1,scan_doc,1
KCI_FI002028879,fail_block,30,33,0,0,1,1.0,0,short_ok,1,scan_doc,1
KCI_FI002028879,fail_block,31,33,0,0,1,1.0,0,short_ok,1,scan_doc,1
KCI_FI002028879,fail_block,32,33,0,0,1,1.0,0,short_ok,1,scan_doc,1
KCI_FI002028879,fail_block,33,33,0,0,1,1.0,0,short_ok,1,scan_doc,1
KCI_FI002028879,fail_block,34,33,0,0,1,1.0,0,short_ok,1,scan_doc,1
KCI_FI002028879,fail_block,35,33,0,0,1,1.0,0,short_ok,1,scan_doc,1
KCI_FI002028879,fail_block,36,33,0,0,1,1.0,0,short_ok,1,scan_doc,1
KCI_FI002028879,fail_block,37,33,0,0,1,1.0,0,short_ok,1,scan_doc,1
KCI_FI002028879,fail_block,38,33,0,0,1,1.0,0,short_ok,1,scan_doc,1
KCI_FI002028879,fail_block,39,33,0,0,1,1.0,0,short_ok,1,scan_doc,1
KCI_FI002028879,fail_block,40,33,0,0,1,1.0,0,short_ok,1,scan_doc,1
KCI_FI002028879,fail_block,41,33,0,0,1,1.0,0,short_ok,1,scan_doc,1
KCI_FI002028879,fail_block,42,33,0,0,1,1.0,0,short_ok,1,scan_doc,1
KCI_FI002028885,fail_block,0,33,0,0,1,1.0,0,short_ok,1,scan_doc,1
KCI_FI002028885,fail_block,1,33,0,0,1,1.0,0,short_ok,1,scan_doc,1
KCI_FI002028885,fail_block,2,33,0,0,1,1.0,0,short_ok,1,scan_doc,1
KCI_FI002028885,fail_block,3,33,0,0,1,1.0,0,short_ok,1,scan_doc,1
KCI_FI002028885,fail_block,4,33,0,0,1,1.0,0,short_ok,1,scan_doc,1
KCI_FI002028885,fail_block,5,33,0,0,1,1.0,0,short_ok,1,scan_doc,1
KCI_FI002028885,fail_block,6,33,0,0,1,1.0,0,short_ok,1,scan_doc,1
KCI_FI002028885,fail_block,7,33,0,0,1,1.0,0,short_ok,1,scan_doc,1
KCI_FI002028885,fail_block,8,33,0,0,1,1.0,0,short_ok,1,scan_doc,1
KCI_FI002028885,fail_block,9,33,0,0,1,1.0,0,short_ok,1,scan_doc,1
KCI_FI002028885,fail_block,10,33,0,0,1,1.0,0,short_ok,1,scan_doc,1
KCI_FI002028885,fail_block,11,33,0,0,1,1.0,0,short_ok,1,scan_doc,1
KCI_FI002028885,fail_block,12,33,0,0,1,1.0,0,short_ok,1,scan_doc,1
KCI_FI002028885,fail_block,13,33,0,0,1,1.0,0,short_ok,1,scan_doc,1
KCI_FI002028885,fail_block,14,33,0,0,1,1.0,0,short_ok,1,scan_doc,1
KCI_FI002028885,fail_block,15,33,0,0,1,1.0,0,short_ok,1,scan_doc,1
KCI_FI002028885,fail_block,16,33,0,0,1,1.0,0,short_ok,1,scan_doc,1
KCI_FI002028885,fail_block,17,33,0,0,1,1.0,0,short_ok,1,scan_doc,1
KCI_FI002028885,fail_block,18,33,0,0,1,1.0,0,short_ok,1,scan_doc,1
KCI_FI002028885,fail_block,19,33,0,0,1,1.0,0,short_ok,1,scan_doc,1
KCI_FI002028885,fail_block,20,33,0,0,1,1.0,0,short_ok,1,scan_doc,1
KCI_FI002028885,fail_block,21,33,0,0,1,1.0,0,short_ok,1,scan_doc,1
KCI_FI002028885,fail_block,22,33,0,0,1,1.0,0,short_ok,1,scan_doc,1
KCI_FI002028885,fail_block,23,33,0,0,1,1.0,0,short_ok,1,scan_doc,1
KCI_FI002028885,fail_block,24,33,0,0,1,1.0,0,short_ok,1,scan_doc,1
KCI_FI002028885,fail_block,25,33,0,0,1,1.0,0,short_ok,1,scan_doc,1
KCI_FI002028885,fail_block,26,33,0,0,1,1.0,0,short_ok,1,scan_doc,1
KCI_FI002028885,fail_block,27,33,0,0,1,1.0,0,short_ok,1,scan_doc,1
KCI_FI002028885,fail_block,28,33,0,0,1,1.0,0,short_ok,1,scan_doc,1
KCI_FI002028885,fail_block,29,33,0,0,1,1.0,0,short_ok,1,scan_doc,1
KCI_FI002028885,fail_block,30,33,0,0,1,1.0,0,short_ok,1,scan_doc,1
KCI_FI002028885,fail_block,31,33,0,0,1,1.0,0,short_ok,1,scan_doc,1
KCI_FI002028885,fail_block,32,33,0,0,1,1.0,0,short_ok,1,scan_doc,1
KCI_FI002028885,fail_block,33,33,0,0,1,1.0,0,short_ok,1,scan_doc,1
KCI_FI002028885,fail_block,34,33,0,0,1,1.0,0,short_ok,1,scan_doc,1
KCI_FI002028885,fail_block,35,33,0,0,1,1.0,0,short_ok,1,scan_doc,1
KCI_FI002028880,fail_block,0,33,0,0,1,1.0,0,short_ok,1,scan_doc,1
KCI_FI002028880,fail_block,1,33,0,0,1,1.0,0,short_ok,1,scan_doc,1
KCI_FI002028880,fail_block,2,33,0,0,1,1.0,0,short_ok,1,scan_doc,1
KCI_FI002028880,fail_block,3,33,0,0,1,1.0,0,short_ok,1,scan_doc,1
KCI_FI002028880,fail_block,4,33,0,0,1,1.0,0,short_ok,1,scan_doc,1
KCI_FI002028880,fail_block,5,33,0,0,1,1.0,0,short_ok,1,scan_doc,1
KCI_FI002028880,fail_block,6,33,0,0,1,1.0,0,short_ok,1,scan_doc,1
KCI_FI002028880,fail_block,7,33,0,0,1,1.0,0,short_ok,1,scan_doc,1
KCI_FI002028880,fail_block,8,33,0,0,1,1.0,0,short_ok,1,scan_doc,1
KCI_FI002028880,fail_block,9,33,0,0,1,1.0,0,short_ok,1,scan_doc,1
KCI_FI002028880,fail_block,10,33,0,0,1,1.0,0,short_ok,1,scan_doc,1
KCI_FI002028880,fail_block,11,33,0,0,1,1.0,0,short_ok,1,scan_doc,1
KCI_FI002028880,fail_block,12,33,0,0,1,1.0,0,short_ok,1,scan_doc,1
KCI_FI002028880,fail_block,13,33,0,0,1,1.0,0,short_ok,1,scan_doc,1
KCI_FI002028880,fail_block,14,33,0,0,1,1.0,0,short_ok,1,scan_doc,1
KCI_FI002028904,fail_block,0,33,0,0,1,1.0,0,short_ok,1,scan_doc,1
KCI_FI002028904,fail_block,1,33,0,0,1,1.0,0,short_ok,1,scan_doc,1
KCI_FI002028904,fail_block,2,33,0,0,1,1.0,0,short_ok,1,scan_doc,1
KCI_FI002028904,fail_block,3,33,0,0,1,1.0,0,short_ok,1,scan_doc,1
KCI_FI002028904,fail_block,4,33,0,0,1,1.0,0,short_ok,1,scan_doc,1
KCI_FI002028904,fail_block,5,33,0,0,1,1.0,0,short_ok,1,scan_doc,1
KCI_FI002028904,fail_block,6,33,0,0,1,1.0,0,short_ok,1,scan_doc,1
KCI_FI002028904,fail_block,7,33,0,0,1,1.0,0,short_ok,1,scan_doc,1
KCI_FI002028904,fail_block,8,33,0,0,1,1.0,0,short_ok,1,scan_doc,1
KCI_FI002028904,fail_block,9,33,0,0,1,1.0,0,short_ok,1,scan_doc,1
KCI_FI002028904,fail_block,10,33,0,0,1,1.0,0,short_ok,1,scan_doc,1
KCI_FI002028904,fail_block,11,33,0,0,1,1.0,0,short_ok,1,scan_doc,1
KCI_FI002028904,fail_block,12,33,0,0,1,1.0,0,short_ok,1,scan_doc,1
KCI_FI002028904,fail_block,13,33,0,0,1,1.0,0,short_ok,1,scan_doc,1
KCI_FI002028904,fail_block,14,33,0,0,1,1.0,0,short_ok,1,scan_doc,1
KCI_FI002028904,fail_block,15,33,0,0,1,1.0,0,short_ok,1,scan_doc,1
KCI_FI002028904,fail_block,16,33,0,0,1,1.0,0,short_ok,1,scan_doc,1
KCI_FI002028904,fail_block,17,33,0,0,1,1.0,0,short_ok,1,scan_doc,1
KCI_FI002028904,fail_block,18,33,0,0,1,1.0,0,short_ok,1,scan_doc,1
KCI_FI002028904,fail_block,19,33,0,0,1,1.0,0,short_ok,1,scan_doc,1
KCI_FI002028904,fail_block,20,33,0,0,1,1.0,0,short_ok,1,scan_doc,1
KCI_FI002028904,fail_block,21,33,0,0,1,1.0,0,short_ok,1,scan_doc,1
KCI_FI002028904,fail_block,22,33,0,0,1,1.0,0,short_ok,1,scan_doc,1
KCI_FI002028868,fail_block,0,33,0,0,1,1.0,0,short_ok,1,scan_doc,1
KCI_FI002028868,fail_block,1,33,0,0,1,1.0,0,short_ok,1,scan_doc,1
KCI_FI002028868,fail_block,2,33,0,0,1,1.0,0,short_ok,1,scan_doc,1
KCI_FI002028868,fail_block,3,33,0,0,1,1.0,0,short_ok,1,scan_doc,1
KCI_FI002028868,fail_block,4,33,0,0,1,1.0,0,short_ok,1,scan_doc,1
KCI_FI002028868,fail_block,5,33,0,0,1,1.0,0,short_ok,1,scan_doc,1
KCI_FI002028868,fail_block,6,33,0,0,1,1.0,0,short_ok,1,scan_doc,1
KCI_FI002028868,fail_block,7,33,0,0,1,1.0,0,short_ok,1,scan_doc,1
KCI_FI002028868,fail_block,8,33,0,0,1,1.0,0,short_ok,1,scan_doc,1
KCI_FI002028868,fail_block,9,33,0,0,1,1.0,0,short_ok,1,scan_doc,1
KCI_FI002028868,fail_block,10,33,0,0,1,1.0,0,short_ok,1,scan_doc,1
KCI_FI002028868,fail_block,11,33,0,0,1,1.0,0,short_ok,1,scan_doc,1
KCI_FI002028868,fail_block,12,33,0,0,1,1.0,0,short_ok,1,scan_doc,1
KCI_FI002028868,fail_block,13,33,0,0,1,1.0,0,short_ok,1,scan_doc,1
KCI_FI002028868,fail_block,14,33,0,0,1,1.0,0,short_ok,1,scan_doc,1
KCI_FI002028868,fail_block,15,33,0,0,1,1.0,0,short_ok,1,scan_doc,1
KCI_FI002028868,fail_block,16,33,0,0,1,1.0,0,short_ok,1,scan_doc,1
KCI_FI002028868,fail_block,17,33,0,0,1,1.0,0,short_ok,1,scan_doc,1
KCI_FI002028868,fail_block,18,33,0,0,1,1.0,0,short_ok,1,scan_doc,1
KCI_FI002028868,fail_block,19,33,0,0,1,1.0,0,short_ok,1,scan_doc,1
KCI_FI002028868,fail_block,20,33,0,0,1,1.0,0,short_ok,1,scan_doc,1
KCI_FI002028868,fail_block,21,33,0,0,1,1.0,0,short_ok,1,scan_doc,1
KCI_FI002028868,fail_block,22,33,0,0,1,1.0,0,short_ok,1,scan_doc,1
KCI_FI002028868,fail_block,23,33,0,0,1,1.0,0,short_ok,1,scan_doc,1
KCI_FI002028868,fail_block,24,33,0,0,1,1.0,0,short_ok,1,scan_doc,1
KCI_FI002028868,fail_block,25,33,0,0,1,1.0,0,short_ok,1,scan_doc,1
KCI_FI002028868,fail_block,26,33,0,0,1,1.0,0,short_ok,1,scan_doc,1
KCI_FI002028868,fail_block,27,33,0,0,1,1.0,0,short_ok,1,scan_doc,1
KCI_FI002028868,fail_block,28,33,0,0,1,1.0,0,short_ok,1,scan_doc,1
KCI_FI002028890,fail_block,0,33,0,0,1,1.0,0,short_ok,1,scan_doc,1
KCI_FI002028890,fail_block,1,33,0,0,1,1.0,0,short_ok,1,scan_doc,1
KCI_FI002028890,fail_block,2,33,0,0,1,1.0,0,short_ok,1,scan_doc,1
KCI_FI002028890,fail_block,3,33,0,0,1,1.0,0,short_ok,1,scan_doc,1
KCI_FI002028890,fail_block,4,33,0,0,1,1.0,0,short_ok,1,scan_doc,1
KCI_FI002028890,fail_block,5,33,0,0,1,1.0,0,short_ok,1,scan_doc,1
KCI_FI002028890,fail_block,6,33,0,0,1,1.0,0,short_ok,1,scan_doc,1
KCI_FI002028890,fail_block,7,33,0,0,1,1.0,0,short_ok,1,scan_doc,1
KCI_FI002028890,fail_block,8,33,0,0,1,1.0,0,short_ok,1,scan_doc,1
KCI_FI002028890,fail_block,9,33,0,0,1,1.0,0,short_ok,1,scan_doc,1
KCI_FI002028890,fail_block,10,33,0,0,1,1.0,0,short_ok,1,scan_doc,1
KCI_FI002028890,fail_block,11,33,0,0,1,1.0,0,short_ok,1,scan_doc,1
KCI_FI002028890,fail_block,12,33,0,0,1,1.0,0,short_ok,1,scan_doc,1
KCI_FI002028890,fail_block,13,33,0,0,1,1.0,0,short_ok,1,scan_doc,1
KCI_FI002028890,fail_block,14,33,0,0,1,1.0,0,short_ok,1,scan_doc,1
KCI_FI002028884,fail_block,0,33,0,0,1,1.0,0,short_ok,1,scan_doc,1
KCI_FI002028884,fail_block,1,33,0,0,1,1.0,0,short_ok,1,scan_doc,1
KCI_FI002028884,fail_block,2,33,0,0,1,1.0,0,short_ok,1,scan_doc,1
KCI_FI002028884,fail_block,3,33,0,0,1,1.0,0,short_ok,1,scan_doc,1
KCI_FI002028884,fail_block,4,33,0,0,1,1.0,0,short_ok,1,scan_doc,1
KCI_FI002028884,fail_block,5,33,0,0,1,1.0,0,short_ok,1,scan_doc,1
KCI_FI002028884,fail_block,6,33,0,0,1,1.0,0,short_ok,1,scan_doc,1
KCI_FI002028884,fail_block,7,33,0,0,1,1.0,0,short_ok,1,scan_doc,1
KCI_FI002028884,fail_block,8,33,0,0,1,1.0,0,short_ok,1,scan_doc,1
KCI_FI002028884,fail_block,9,33,0,0,1,1.0,0,short_ok,1,scan_doc,1
KCI_FI002028884,fail_block,10,33,0,0,1,1.0,0,short_ok,1,scan_doc,1
KCI_FI002028884,fail_block,11,33,0,0,1,1.0,0,short_ok,1,scan_doc,1
KCI_FI002028884,fail_block,12,33,0,0,1,1.0,0,short_ok,1,scan_doc,1
KCI_FI002028884,fail_block,13,33,0,0,1,1.0,0,short_ok,1,scan_doc,1
KCI_FI002028884,fail_block,14,33,0,0,1,1.0,0,short_ok,1,scan_doc,1
KCI_FI002028884,fail_block,15,33,0,0,1,1.0,0,short_ok,1,scan_doc,1
KCI_FI002028884,fail_block,16,33,0,0,1,1.0,0,short_ok,1,scan_doc,1
KCI_FI002028893,fail_block,0,33,0,0,1,1.0,0,short_ok,1,scan_doc,1
KCI_FI002028893,fail_block,1,33,0,0,1,1.0,0,short_ok,1,scan_doc,1
KCI_FI002028893,fail_block,2,33,0,0,1,1.0,0,short_ok,1,scan_doc,1
KCI_FI002028893,fail_block,3,33,0,0,1,1.0,0,short_ok,1,scan_doc,1
KCI_FI002028893,fail_block,4,33,0,0,1,1.0,0,short_ok,1,scan_doc,1
KCI_FI002028893,fail_block,5,33,0,0,1,1.0,0,short_ok,1,scan_doc,1
KCI_FI002028893,fail_block,6,33,0,0,1,1.0,0,short_ok,1,scan_doc,1
KCI_FI002028893,fail_block,7,33,0,0,1,1.0,0,short_ok,1,scan_doc,1
KCI_FI002028893,fail_block,8,33,0,0,1,1.0,0,short_ok,1,scan_doc,1
KCI_FI002028893,fail_block,9,33,0,0,1,1.0,0,short_ok,1,scan_doc,1
KCI_FI002028893,fail_block,10,33,0,0,1,1.0,0,short_ok,1,scan_doc,1
KCI_FI002028893,fail_block,11,33,0,0,1,1.0,0,short_ok,1,scan_doc,1
KCI_FI002028893,fail_block,12,33,0,0,1,1.0,0,short_ok,1,scan_doc,1
KCI_FI002028893,fail_block,13,33,0,0,1,1.0,0,short_ok,1,scan_doc,1
KCI_FI002028893,fail_block,14,33,0,0,1,1.0,0,short_ok,1,scan_doc,1
KCI_FI002028893,fail_block,15,33,0,0,1,1.0,0,short_ok,1,scan_doc,1
KCI_FI002028893,fail_block,16,33,0,0,1,1.0,0,short_ok,1,scan_doc,1
KCI_FI002028888,fail_block,0,33,0,0,1,1.0,0,short_ok,1,scan_doc,1
KCI_FI002028888,fail_block,1,33,0,0,1,1.0,0,short_ok,1,scan_doc,1
KCI_FI002028888,fail_block,2,33,0,0,1,1.0,0,short_ok,1,scan_doc,1
KCI_FI002028888,fail_block,3,33,0,0,1,1.0,0,short_ok,1,scan_doc,1
KCI_FI002028888,fail_block,4,33,0,0,1,1.0,0,short_ok,1,scan_doc,1
KCI_FI002028888,fail_block,5,33,0,0,1,1.0,0,short_ok,1,scan_doc,1
KCI_FI002028888,fail_block,6,33,0,0,1,1.0,0,short_ok,1,scan_doc,1
KCI_FI002028888,fail_block,7,33,0,0,1,1.0,0,short_ok,1,scan_doc,1
KCI_FI002028888,fail_block,8,33,0,0,1,1.0,0,short_ok,1,scan_doc,1
KCI_FI002028888,fail_block,9,33,0,0,1,1.0,0,short_ok,1,scan_doc,1
KCI_FI002028888,fail_block,10,33,0,0,1,1.0,0,short_ok,1,scan_doc,1
KCI_FI002028888,fail_block,11,33,0,0,1,1.0,0,short_ok,1,scan_doc,1
KCI_FI002028888,fail_block,12,33,0,0,1,1.0,0,short_ok,1,scan_doc,1
KCI_FI002028888,fail_block,13,33,0,0,1,1.0,0,short_ok,1,scan_doc,1
KCI_FI002028888,fail_block,14,33,0,0,1,1.0,0,short_ok,1,scan_doc,1
KCI_FI002028888,fail_block,15,33,0,0,1,1.0,0,short_ok,1,scan_doc,1
KCI_FI002028888,fail_block,16,33,0,0,1,1.0,0,short_ok,1,scan_doc,1
KCI_FI002028888,fail_block,17,33,0,0,1,1.0,0,short_ok,1,scan_doc,1
KCI_FI002028888,fail_block,18,33,0,0,1,1.0,0,short_ok,1,scan_doc,1
KCI_FI002028888,fail_block,19,33,0,0,1,1.0,0,short_ok,1,scan_doc,1
KCI_FI002028888,fail_block,20,33,0,0,1,1.0,0,short_ok,1,scan_doc,1
KCI_FI002028878,fail_block,0,33,0,0,1,1.0,0,short_ok,1,scan_doc,1
KCI_FI002028878,fail_block,1,33,0,0,1,1.0,0,short_ok,1,scan_doc,1
KCI_FI002028878,fail_block,2,33,0,0,1,1.0,0,short_ok,1,scan_doc,1
KCI_FI002028878,fail_block,3,33,0,0,1,1.0,0,short_ok,1,scan_doc,1
KCI_FI002028878,fail_block,4,33,0,0,1,1.0,0,short_ok,1,scan_doc,1
KCI_FI002028878,fail_block,5,33,0,0,1,1.0,0,short_ok,1,scan_doc,1
KCI_FI002028878,fail_block,6,33,0,0,1,1.0,0,short_ok,1,scan_doc,1
KCI_FI002028878,fail_block,7,33,0,0,1,1.0,0,short_ok,1,scan_doc,1
KCI_FI002028878,fail_block,8,33,0,0,1,1.0,0,short_ok,1,scan_doc,1
KCI_FI002028878,fail_block,9,33,0,0,1,1.0,0,short_ok,1,scan_doc,1
KCI_FI002028878,fail_block,10,33,0,0,1,1.0,0,short_ok,1,scan_doc,1
KCI_FI002028878,fail_block,11,33,0,0,1,1.0,0,short_ok,1,scan_doc,1
KCI_FI002028878,fail_block,12,33,0,0,1,1.0,0,short_ok,1,scan_doc,1
KCI_FI002028878,fail_block,13,33,0,0,1,1.0,0,short_ok,1,scan_doc,1
KCI_FI002028878,fail_block,14,33,0,0,1,1.0,0,short_ok,1,scan_doc,1
KCI_FI002028878,fail_block,15,33,0,0,1,1.0,0,short_ok,1,scan_doc,1
KCI_FI002028878,fail_block,16,33,0,0,1,1.0,0,short_ok,1,scan_doc,1
KCI_FI002028878,fail_block,17,33,0,0,1,1.0,0,short_ok,1,scan_doc,1
KCI_FI002028899,fail_block,0,33,0,0,1,1.0,0,short_ok,1,scan_doc,1
KCI_FI002028899,fail_block,1,33,0,0,1,1.0,0,short_ok,1,scan_doc,1
KCI_FI002028899,fail_block,2,33,0,0,1,1.0,0,short_ok,1,scan_doc,1
KCI_FI002028899,fail_block,3,33,0,0,1,1.0,0,short_ok,1,scan_doc,1
KCI_FI002028899,fail_block,4,33,0,0,1,1.0,0,short_ok,1,scan_doc,1
KCI_FI002028899,fail_block,5,33,0,0,1,1.0,0,short_ok,1,scan_doc,1
KCI_FI002028899,fail_block,6,33,0,0,1,1.0,0,short_ok,1,scan_doc,1
KCI_FI002028899,fail_block,7,33,0,0,1,1.0,0,short_ok,1,scan_doc,1
KCI_FI002028899,fail_block,8,33,0,0,1,1.0,0,short_ok,1,scan_doc,1
KCI_FI002028899,fail_block,9,33,0,0,1,1.0,0,short_ok,1,scan_doc,1
KCI_FI002028899,fail_block,10,33,0,0,1,1.0,0,short_ok,1,scan_doc,1
KCI_FI002028899,fail_block,11,33,0,0,1,1.0,0,short_ok,1,scan_doc,1
KCI_FI002028899,fail_block,12,33,0,0,1,1.0,0,short_ok,1,scan_doc,1
KCI_FI002028899,fail_block,13,33,0,0,1,1.0,0,short_ok,1,scan_doc,1
KCI_FI002028899,fail_block,14,33,0,0,1,1.0,0,short_ok,1,scan_doc,1
KCI_FI002028899,fail_block,15,33,0,0,1,1.0,0,short_ok,1,scan_doc,1
KCI_FI002028899,fail_block,16,33,0,0,1,1.0,0,short_ok,1,scan_doc,1
KCI_FI002028899,fail_block,17,33,0,0,1,1.0,0,short_ok,1,scan_doc,1
KCI_FI002028899,fail_block,18,33,0,0,1,1.0,0,short_ok,1,scan_doc,1
KCI_FI002028899,fail_block,19,33,0,0,1,1.0,0,short_ok,1,scan_doc,1
KCI_FI002028899,fail_block,20,33,0,0,1,1.0,0,short_ok,1,scan_doc,1
KCI_FI002028899,fail_block,21,33,0,0,1,1.0,0,short_ok,1,scan_doc,1
KCI_FI002028899,fail_block,22,33,0,0,1,1.0,0,short_ok,1,scan_doc,1
KCI_FI002028896,fail_block,0,33,0,0,1,1.0,0,short_ok,1,scan_doc,1
KCI_FI002028896,fail_block,1,33,0,0,1,1.0,0,short_ok,1,scan_doc,1
KCI_FI002028896,fail_block,2,33,0,0,1,1.0,0,short_ok,1,scan_doc,1
KCI_FI002028896,fail_block,3,33,0,0,1,1.0,0,short_ok,1,scan_doc,1
KCI_FI002028896,fail_block,4,33,0,0,1,1.0,0,short_ok,1,scan_doc,1
KCI_FI002028896,fail_block,5,33,0,0,1,1.0,0,short_ok,1,scan_doc,1
KCI_FI002028896,fail_block,6,33,0,0,1,1.0,0,short_ok,1,scan_doc,1
KCI_FI002028896,fail_block,7,33,0,0,1,1.0,0,short_ok,1,scan_doc,1
KCI_FI002028896,fail_block,8,33,0,0,1,1.0,0,short_ok,1,scan_doc,1
KCI_FI002028896,fail_block,9,33,0,0,1,1.0,0,short_ok,1,scan_doc,1
KCI_FI002028896,fail_block,10,33,0,0,1,1.0,0,short_ok,1,scan_doc,1
KCI_FI002028896,fail_block,11,33,0,0,1,1.0,0,short_ok,1,scan_doc,1
KCI_FI002028896,fail_block,12,33,0,0,1,1.0,0,short_ok,1,scan_doc,1
KCI_FI002028896,fail_block,13,33,0,0,1,1.0,0,short_ok,1,scan_doc,1
KCI_FI002028896,fail_block,14,33,0,0,1,1.0,0,short_ok,1,scan_doc,1
KCI_FI002028896,fail_block,15,33,0,0,1,1.0,0,short_ok,1,scan_doc,1
KCI_FI002028896,fail_block,16,33,0,0,1,1.0,0,short_ok,1,scan_doc,1
KCI_FI002028896,fail_block,17,33,0,0,1,1.0,0,short_ok,1,scan_doc,1
KCI_FI002028851,fail_block,0,33,0,0,1,1.0,0,short_ok,1,scan_doc,1
KCI_FI002028851,fail_block,1,33,0,0,1,1.0,0,short_ok,1,scan_doc,1
KCI_FI002028851,fail_block,2,33,0,0,1,1.0,0,short_ok,1,scan_doc,1
KCI_FI002028851,fail_block,3,33,0,0,1,1.0,0,short_ok,1,scan_doc,1
KCI_FI002028851,fail_block,4,33,0,0,1,1.0,0,short_ok,1,scan_doc,1
KCI_FI002028851,fail_block,5,33,0,0,1,1.0,0,short_ok,1,scan_doc,1
KCI_FI002028851,fail_block,6,33,0,0,1,1.0,0,short_ok,1,scan_doc,1
KCI_FI002028851,fail_block,7,33,0,0,1,1.0,0,short_ok,1,scan_doc,1
KCI_FI002028851,fail_block,8,33,0,0,1,1.0,0,short_ok,1,scan_doc,1
KCI_FI002028851,fail_block,9,33,0,0,1,1.0,0,short_ok,1,scan_doc,1
KCI_FI002028851,fail_block,10,33,0,0,1,1.0,0,short_ok,1,scan_doc,1
KCI_FI002028851,fail_block,11,33,0,0,1,1.0,0,short_ok,1,scan_doc,1
KCI_FI002028851,fail_block,12,33,0,0,1,1.0,0,short_ok,1,scan_doc,1
KCI_FI002028851,fail_block,13,33,0,0,1,1.0,0,short_ok,1,scan_doc,1
KCI_FI002028851,fail_block,14,33,0,0,1,1.0,0,short_ok,1,scan_doc,1
KCI_FI002028851,fail_block,15,33,0,0,1,1.0,0,short_ok,1,scan_doc,1
KCI_FI002028851,fail_block,16,33,0,0,1,1.0,0,short_ok,1,scan_doc,1
KCI_FI002028851,fail_block,17,33,0,0,1,1.0,0,short_ok,1,scan_doc,1
KCI_FI002028851,fail_block,18,33,0,0,1,1.0,0,short_ok,1,scan_doc,1
KCI_FI002028851,fail_block,19,33,0,0,1,1.0,0,short_ok,1,scan_doc,1
KCI_FI002028851,fail_block,20,33,0,0,1,1.0,0,short_ok,1,scan_doc,1
KCI_FI002028851,fail_block,21,33,0,0,1,1.0,0,short_ok,1,scan_doc,1
KCI_FI002028851,fail_block,22,33,0,0,1,1.0,0,short_ok,1,scan_doc,1
KCI_FI002028851,fail_block,23,33,0,0,1,1.0,0,short_ok,1,scan_doc,1
KCI_FI002028851,fail_block,24,33,0,0,1,1.0,0,short_ok,1,scan_doc,1
KCI_FI002028851,fail_block,25,33,0,0,1,1.0,0,short_ok,1,scan_doc,1
KCI_FI002028851,fail_block,26,33,0,0,1,1.0,0,short_ok,1,scan_doc,1
KCI_FI002028843,fail_block,0,33,0,0,1,1.0,0,short_ok,1,scan_doc,1
KCI_FI002028843,fail_block,1,33,0,0,1,1.0,0,short_ok,1,scan_doc,1
KCI_FI002028843,fail_block,2,33,0,0,1,1.0,0,short_ok,1,scan_doc,1
KCI_FI002028843,fail_block,3,33,0,0,1,1.0,0,short_ok,1,scan_doc,1
KCI_FI002028843,fail_block,4,33,0,0,1,1.0,0,short_ok,1,scan_doc,1
KCI_FI002028843,fail_block,5,33,0,0,1,1.0,0,short_ok,1,scan_doc,1
KCI_FI002028843,fail_block,6,33,0,0,1,1.0,0,short_ok,1,scan_doc,1
KCI_FI002028843,fail_block,7,33,0,0,1,1.0,0,short_ok,1,scan_doc,1
KCI_FI002028843,fail_block,8,33,0,0,1,1.0,0,short_ok,1,scan_doc,1
KCI_FI002028843,fail_block,9,33,0,0,1,1.0,0,short_ok,1,scan_doc,1
KCI_FI002028843,fail_block,10,33,0,0,1,1.0,0,short_ok,1,scan_doc,1
KCI_FI002028843,fail_block,11,33,0,0,1,1.0,0,short_ok,1,scan_doc,1
KCI_FI002028843,fail_block,12,33,0,0,1,1.0,0,short_ok,1,scan_doc,1
KCI_FI002028843,fail_block,13,33,0,0,1,1.0,0,short_ok,1,scan_doc,1
KCI_FI002028848,fail_block,0,33,0,0,1,1.0,0,short_ok,1,scan_doc,1
KCI_FI002028848,fail_block,1,33,0,0,1,1.0,0,short_ok,1,scan_doc,1
KCI_FI002028848,fail_block,2,33,0,0,1,1.0,0,short_ok,1,scan_doc,1
KCI_FI002028848,fail_block,3,33,0,0,1,1.0,0,short_ok,1,scan_doc,1
KCI_FI002028848,fail_block,4,33,0,0,1,1.0,0,short_ok,1,scan_doc,1
KCI_FI002028848,fail_block,5,33,0,0,1,1.0,0,short_ok,1,scan_doc,1
KCI_FI002028848,fail_block,6,33,0,0,1,1.0,0,short_ok,1,scan_doc,1
KCI_FI002028848,fail_block,7,33,0,0,1,1.0,0,short_ok,1,scan_doc,1
KCI_FI002028848,fail_block,8,33,0,0,1,1.0,0,short_ok,1,scan_doc,1
KCI_FI002028848,fail_block,9,33,0,0,1,1.0,0,short_ok,1,scan_doc,1
KCI_FI002028848,fail_block,10,33,0,0,1,1.0,0,short_ok,1,scan_doc,1
KCI_FI002028848,fail_block,11,33,0,0,1,1.0,0,short_ok,1,scan_doc,1
KCI_FI002028848,fail_block,12,33,0,0,1,1.0,0,short_ok,1,scan_doc,1
KCI_FI002028848,fail_block,13,33,0,0,1,1.0,0,short_ok,1,scan_doc,1
KCI_FI002028848,fail_block,14,33,0,0,1,1.0,0,short_ok,1,scan_doc,1
KCI_FI002028848,fail_block,15,33,0,0,1,1.0,0,short_ok,1,scan_doc,1
KCI_FI002028848,fail_block,16,33,0,0,1,1.0,0,short_ok,1,scan_doc,1
KCI_FI002028848,fail_block,17,33,0,0,1,1.0,0,short_ok,1,scan_doc,1
KCI_FI002028848,fail_block,18,33,0,0,1,1.0,0,short_ok,1,scan_doc,1
KCI_FI002028848,fail_block,19,33,0,0,1,1.0,0,short_ok,1,scan_doc,1
KCI_FI002028837,fail_block,0,33,0,0,1,1.0,0,short_ok,1,scan_doc,1
KCI_FI002028837,fail_block,1,33,0,0,1,1.0,0,short_ok,1,scan_doc,1
KCI_FI002028837,fail_block,2,33,0,0,1,1.0,0,short_ok,1,scan_doc,1
KCI_FI002028837,fail_block,3,33,0,0,1,1.0,0,short_ok,1,scan_doc,1
KCI_FI002028837,fail_block,4,33,0,0,1,1.0,0,short_ok,1,scan_doc,1
KCI_FI002028837,fail_block,5,33,0,0,1,1.0,0,short_ok,1,scan_doc,1
KCI_FI002028837,fail_block,6,33,0,0,1,1.0,0,short_ok,1,scan_doc,1
KCI_FI002028837,fail_block,7,33,0,0,1,1.0,0,short_ok,1,scan_doc,1
KCI_FI002028837,fail_block,8,33,0,0,1,1.0,0,short_ok,1,scan_doc,1
KCI_FI002028837,fail_block,9,33,0,0,1,1.0,0,short_ok,1,scan_doc,1
KCI_FI002028837,fail_block,10,33,0,0,1,1.0,0,short_ok,1,scan_doc,1
KCI_FI002028837,fail_block,11,33,0,0,1,1.0,0,short_ok,1,scan_doc,1
KCI_FI002028837,fail_block,12,33,0,0,1,1.0,0,short_ok,1,scan_doc,1
KCI_FI002028837,fail_block,13,33,0,0,1,1.0,0,short_ok,1,scan_doc,1
KCI_FI002028837,fail_block,14,33,0,0,1,1.0,0,short_ok,1,scan_doc,1
KCI_FI002028837,fail_block,15,33,0,0,1,1.0,0,short_ok,1,scan_doc,1
KCI_FI002028837,fail_block,16,33,0,0,1,1.0,0,short_ok,1,scan_doc,1
KCI_FI002028837,fail_block,17,33,0,0,1,1.0,0,short_ok,1,scan_doc,1
KCI_FI002028837,fail_block,18,33,0,0,1,1.0,0,short_ok,1,scan_doc,1
KCI_FI002028837,fail_block,19,33,0,0,1,1.0,0,short_ok,1,scan_doc,1
KCI_FI002028837,fail_block,20,33,0,0,1,1.0,0,short_ok,1,scan_doc,1
KCI_FI002028837,fail_block,21,33,0,0,1,1.0,0,short_ok,1,scan_doc,1
KCI_FI002028837,fail_block,22,33,0,0,1,1.0,0,short_ok,1,scan_doc,1
KCI_FI002028837,fail_block,23,33,0,0,1,1.0,0,short_ok,1,scan_doc,1
KCI_FI002028837,fail_block,24,33,0,0,1,1.0,0,short_ok,1,scan_doc,1
KCI_FI002028837,fail_block,25,33,0,0,1,1.0,0,short_ok,1,scan_doc,1
KCI_FI002028837,fail_block,26,33,0,0,1,1.0,0,short_ok,1,scan_doc,1
KCI_FI002028837,fail_block,27,33,0,0,1,1.0,0,short_ok,1,scan_doc,1
KCI_FI002028837,fail_block,28,33,0,0,1,1.0,0,short_ok,1,scan_doc,1
KCI_FI002028838,fail_block,0,33,0,0,1,1.0,0,short_ok,1,scan_doc,1
KCI_FI002028838,fail_block,1,33,0,0,1,1.0,0,short_ok,1,scan_doc,1
KCI_FI002028838,fail_block,2,33,0,0,1,1.0,0,short_ok,1,scan_doc,1
KCI_FI002028838,fail_block,3,33,0,0,1,1.0,0,short_ok,1,scan_doc,1
KCI_FI002028838,fail_block,4,33,0,0,1,1.0,0,short_ok,1,scan_doc,1
KCI_FI002028838,fail_block,5,33,0,0,1,1.0,0,short_ok,1,scan_doc,1
KCI_FI002028838,fail_block,6,33,0,0,1,1.0,0,short_ok,1,scan_doc,1
KCI_FI002028838,fail_block,7,33,0,0,1,1.0,0,short_ok,1,scan_doc,1
KCI_FI002028838,fail_block,8,33,0,0,1,1.0,0,short_ok,1,scan_doc,1
KCI_FI002028838,fail_block,9,33,0,0,1,1.0,0,short_ok,1,scan_doc,1
KCI_FI002028838,fail_block,10,33,0,0,1,1.0,0,short_ok,1,scan_doc,1
KCI_FI002028838,fail_block,11,33,0,0,1,1.0,0,short_ok,1,scan_doc,1
KCI_FI002028838,fail_block,12,33,0,0,1,1.0,0,short_ok,1,scan_doc,1
KCI_FI002028838,fail_block,13,33,0,0,1,1.0,0,short_ok,1,scan_doc,1
KCI_FI002028838,fail_block,14,33,0,0,1,1.0,0,short_ok,1,scan_doc,1
KCI_FI002028838,fail_block,15,33,0,0,1,1.0,0,short_ok,1,scan_doc,1
KCI_FI002028838,fail_block,16,33,0,0,1,1.0,0,short_ok,1,scan_doc,1
KCI_FI002028838,fail_block,17,33,0,0,1,1.0,0,short_ok,1,scan_doc,1
KCI_FI002028838,fail_block,18,33,0,0,1,1.0,0,short_ok,1,scan_doc,1
KCI_FI002028838,fail_block,19,33,0,0,1,1.0,0,short_ok,1,scan_doc,1
KCI_FI002028838,fail_block,20,33,0,0,1,1.0,0,short_ok,1,scan_doc,1
KCI_FI002028839,fail_block,0,33,0,0,1,1.0,0,short_ok,1,scan_doc,1
KCI_FI002028839,fail_block,1,33,0,0,1,1.0,0,short_ok,1,scan_doc,1
KCI_FI002028839,fail_block,2,33,0,0,1,1.0,0,short_ok,1,scan_doc,1
KCI_FI002028839,fail_block,3,33,0,0,1,1.0,0,short_ok,1,scan_doc,1
KCI_FI002028839,fail_block,4,33,0,0,1,1.0,0,short_ok,1,scan_doc,1
KCI_FI002028839,fail_block,5,33,0,0,1,1.0,0,short_ok,1,scan_doc,1
KCI_FI002028839,fail_block,6,33,0,0,1,1.0,0,short_ok,1,scan_doc,1
KCI_FI002028839,fail_block,7,33,0,0,1,1.0,0,short_ok,1,scan_doc,1
KCI_FI002028839,fail_block,8,33,0,0,1,1.0,0,short_ok,1,scan_doc,1
KCI_FI002028839,fail_block,9,33,0,0,1,1.0,0,short_ok,1,scan_doc,1
KCI_FI002028839,fail_block,10,33,0,0,1,1.0,0,short_ok,1,scan_doc,1
KCI_FI002028839,fail_block,11,33,0,0,1,1.0,0,short_ok,1,scan_doc,1
KCI_FI002028839,fail_block,12,33,0,0,1,1.0,0,short_ok,1,scan_doc,1
KCI_FI002028839,fail_block,13,33,0,0,1,1.0,0,short_ok,1,scan_doc,1
KCI_FI002028839,fail_block,14,33,0,0,1,1.0,0,short_ok,1,scan_doc,1
KCI_FI002028839,fail_block,15,33,0,0,1,1.0,0,short_ok,1,scan_doc,1
KCI_FI002028839,fail_block,16,33,0,0,1,1.0,0,short_ok,1,scan_doc,1
KCI_FI002028839,fail_block,17,33,0,0,1,1.0,0,short_ok,1,scan_doc,1
KCI_FI002028839,fail_block,18,33,0,0,1,1.0,0,short_ok,1,scan_doc,1
KCI_FI002028839,fail_block,19,33,0,0,1,1.0,0,short_ok,1,scan_doc,1
KCI_FI002028845,fail_block,0,33,0,0,1,1.0,0,short_ok,1,scan_doc,1
KCI_FI002028845,fail_block,1,33,0,0,1,1.0,0,short_ok,1,scan_doc,1
KCI_FI002028845,fail_block,2,33,0,0,1,1.0,0,short_ok,1,scan_doc,1
KCI_FI002028845,fail_block,3,33,0,0,1,1.0,0,short_ok,1,scan_doc,1
KCI_FI002028845,fail_block,4,33,0,0,1,1.0,0,short_ok,1,scan_doc,1
KCI_FI002028845,fail_block,5,33,0,0,1,1.0,0,short_ok,1,scan_doc,1
KCI_FI002028845,fail_block,6,33,0,0,1,1.0,0,short_ok,1,scan_doc,1
KCI_FI002028845,fail_block,7,33,0,0,1,1.0,0,short_ok,1,scan_doc,1
KCI_FI002028845,fail_block,8,33,0,0,1,1.0,0,short_ok,1,scan_doc,1
KCI_FI002028845,fail_block,9,33,0,0,1,1.0,0,short_ok,1,scan_doc,1
KCI_FI002028845,fail_block,10,33,0,0,1,1.0,0,short_ok,1,scan_doc,1
KCI_FI002028845,fail_block,11,33,0,0,1,1.0,0,short_ok,1,scan_doc,1
KCI_FI002028845,fail_block,12,33,0,0,1,1.0,0,short_ok,1,scan_doc,1
KCI_FI002028845,fail_block,13,33,0,0,1,1.0,0,short_ok,1,scan_doc,1
KCI_FI002028845,fail_block,14,33,0,0,1,1.0,0,short_ok,1,scan_doc,1
KCI_FI002028845,fail_block,15,33,0,0,1,1.0,0,short_ok,1,scan_doc,1
KCI_FI002028845,fail_block,16,33,0,0,1,1.0,0,short_ok,1,scan_doc,1
KCI_FI002028845,fail_block,17,33,0,0,1,1.0,0,short_ok,1,scan_doc,1
KCI_FI002028846,fail_block,0,33,0,0,1,1.0,0,short_ok,1,scan_doc,1
KCI_FI002028846,fail_block,1,33,0,0,1,1.0,0,short_ok,1,scan_doc,1
KCI_FI002028846,fail_block,2,33,0,0,1,1.0,0,short_ok,1,scan_doc,1
KCI_FI002028846,fail_block,3,33,0,0,1,1.0,0,short_ok,1,scan_doc,1
KCI_FI002028846,fail_block,4,33,0,0,1,1.0,0,short_ok,1,scan_doc,1
KCI_FI002028846,fail_block,5,33,0,0,1,1.0,0,short_ok,1,scan_doc,1
KCI_FI002028846,fail_block,6,33,0,0,1,1.0,0,short_ok,1,scan_doc,1
KCI_FI002028846,fail_block,7,33,0,0,1,1.0,0,short_ok,1,scan_doc,1
KCI_FI002028846,fail_block,8,33,0,0,1,1.0,0,short_ok,1,scan_doc,1
KCI_FI002028846,fail_block,9,33,0,0,1,1.0,0,short_ok,1,scan_doc,1
KCI_FI002028846,fail_block,10,33,0,0,1,1.0,0,short_ok,1,scan_doc,1
KCI_FI002028846,fail_block,11,33,0,0,1,1.0,0,short_ok,1,scan_doc,1
KCI_FI002028846,fail_block,12,33,0,0,1,1.0,0,short_ok,1,scan_doc,1
KCI_FI002028846,fail_block,13,33,0,0,1,1.0,0,short_ok,1,scan_doc,1
KCI_FI002028846,fail_block,14,33,0,0,1,1.0,0,short_ok,1,scan_doc,1
KCI_FI002028846,fail_block,15,33,0,0,1,1.0,0,short_ok,1,scan_doc,1
KCI_FI002028846,fail_block,16,33,0,0,1,1.0,0,short_ok,1,scan_doc,1
KCI_FI002028846,fail_block,17,33,0,0,1,1.0,0,short_ok,1,scan_doc,1
KCI_FI002028846,fail_block,18,33,0,0,1,1.0,0,short_ok,1,scan_doc,1
KCI_FI002028846,fail_block,19,33,0,0,1,1.0,0,short_ok,1,scan_doc,1
KCI_FI002028834,fail_block,0,33,0,0,1,1.0,0,short_ok,1,scan_doc,1
KCI_FI002028834,fail_block,1,33,0,0,1,1.0,0,short_ok,1,scan_doc,1
KCI_FI002028834,fail_block,2,33,0,0,1,1.0,0,short_ok,1,scan_doc,1
KCI_FI002028834,fail_block,3,33,0,0,1,1.0,0,short_ok,1,scan_doc,1
KCI_FI002028834,fail_block,4,33,0,0,1,1.0,0,short_ok,1,scan_doc,1
KCI_FI002028834,fail_block,5,33,0,0,1,1.0,0,short_ok,1,scan_doc,1
KCI_FI002028834,fail_block,6,33,0,0,1,1.0,0,short_ok,1,scan_doc,1
KCI_FI002028834,fail_block,7,33,0,0,1,1.0,0,short_ok,1,scan_doc,1
KCI_FI002028834,fail_block,8,33,0,0,1,1.0,0,short_ok,1,scan_doc,1
KCI_FI002028834,fail_block,9,33,0,0,1,1.0,0,short_ok,1,scan_doc,1
KCI_FI002028834,fail_block,10,33,0,0,1,1.0,0,short_ok,1,scan_doc,1
KCI_FI002028834,fail_block,11,33,0,0,1,1.0,0,short_ok,1,scan_doc,1
KCI_FI002028834,fail_block,12,33,0,0,1,1.0,0,short_ok,1,scan_doc,1
KCI_FI002028834,fail_block,13,33,0,0,1,1.0,0,short_ok,1,scan_doc,1
KCI_FI002028842,fail_block,0,33,0,0,1,1.0,0,short_ok,1,scan_doc,1
KCI_FI002028842,fail_block,1,33,0,0,1,1.0,0,short_ok,1,scan_doc,1
KCI_FI002028842,fail_block,2,33,0,0,1,1.0,0,short_ok,1,scan_doc,1
KCI_FI002028842,fail_block,3,33,0,0,1,1.0,0,short_ok,1,scan_doc,1
KCI_FI002028842,fail_block,4,33,0,0,1,1.0,0,short_ok,1,scan_doc,1
KCI_FI002028842,fail_block,5,33,0,0,1,1.0,0,short_ok,1,scan_doc,1
KCI_FI002028842,fail_block,6,33,0,0,1,1.0,0,short_ok,1,scan_doc,1
KCI_FI002028842,fail_block,7,33,0,0,1,1.0,0,short_ok,1,scan_doc,1
KCI_FI002028842,fail_block,8,33,0,0,1,1.0,0,short_ok,1,scan_doc,1
KCI_FI002028842,fail_block,9,33,0,0,1,1.0,0,short_ok,1,scan_doc,1
KCI_FI002028842,fail_block,10,33,0,0,1,1.0,0,short_ok,1,scan_doc,1
KCI_FI002028842,fail_block,11,33,0,0,1,1.0,0,short_ok,1,scan_doc,1
KCI_FI002028842,fail_block,12,33,0,0,1,1.0,0,short_ok,1,scan_doc,1
KCI_FI002028842,fail_block,13,33,0,0,1,1.0,0,short_ok,1,scan_doc,1
KCI_FI002028842,fail_block,14,33,0,0,1,1.0,0,short_ok,1,scan_doc,1
KCI_FI002028842,fail_block,15,33,0,0,1,1.0,0,short_ok,1,scan_doc,1
KCI_FI002028842,fail_block,16,33,0,0,1,1.0,0,short_ok,1,scan_doc,1
KCI_FI002028842,fail_block,17,33,0,0,1,1.0,0,short_ok,1,scan_doc,1
KCI_FI002028842,fail_block,18,33,0,0,1,1.0,0,short_ok,1,scan_doc,1
KCI_FI002028842,fail_block,19,33,0,0,1,1.0,0,short_ok,1,scan_doc,1
KCI_FI002028842,fail_block,20,33,0,0,1,1.0,0,short_ok,1,scan_doc,1
KCI_FI002028842,fail_block,21,33,0,0,1,1.0,0,short_ok,1,scan_doc,1
KCI_FI002028842,fail_block,22,33,0,0,1,1.0,0,short_ok,1,scan_doc,1
KCI_FI002028842,fail_block,23,33,0,0,1,1.0,0,short_ok,1,scan_doc,1
KCI_FI002028835,fail_block,0,33,0,0,1,1.0,0,short_ok,1,scan_doc,1
KCI_FI002028835,fail_block,1,33,0,0,1,1.0,0,short_ok,1,scan_doc,1
KCI_FI002028835,fail_block,2,33,0,0,1,1.0,0,short_ok,1,scan_doc,1
KCI_FI002028835,fail_block,3,33,0,0,1,1.0,0,short_ok,1,scan_doc,1
KCI_FI002028835,fail_block,4,33,0,0,1,1.0,0,short_ok,1,scan_doc,1
KCI_FI002028835,fail_block,5,33,0,0,1,1.0,0,short_ok,1,scan_doc,1
KCI_FI002028835,fail_block,6,33,0,0,1,1.0,0,short_ok,1,scan_doc,1
KCI_FI002028835,fail_block,7,33,0,0,1,1.0,0,short_ok,1,scan_doc,1
KCI_FI002028835,fail_block,8,33,0,0,1,1.0,0,short_ok,1,scan_doc,1
KCI_FI002028835,fail_block,9,33,0,0,1,1.0,0,short_ok,1,scan_doc,1
KCI_FI002028835,fail_block,10,33,0,0,1,1.0,0,short_ok,1,scan_doc,1
KCI_FI002028835,fail_block,11,33,0,0,1,1.0,0,short_ok,1,scan_doc,1
KCI_FI002028835,fail_block,12,33,0,0,1,1.0,0,short_ok,1,scan_doc,1
KCI_FI002028835,fail_block,13,33,0,0,1,1.0,0,short_ok,1,scan_doc,1
KCI_FI002028835,fail_block,14,33,0,0,1,1.0,0,short_ok,1,scan_doc,1
KCI_FI002028835,fail_block,15,33,0,0,1,1.0,0,short_ok,1,scan_doc,1
KCI_FI002028835,fail_block,16,33,0,0,1,1.0,0,short_ok,1,scan_doc,1
KCI_FI002028841,fail_block,0,33,0,0,1,1.0,0,short_ok,1,scan_doc,1
KCI_FI002028841,fail_block,1,33,0,0,1,1.0,0,short_ok,1,scan_doc,1
KCI_FI002028841,fail_block,2,33,0,0,1,1.0,0,short_ok,1,scan_doc,1
KCI_FI002028841,fail_block,3,33,0,0,1,1.0,0,short_ok,1,scan_doc,1
KCI_FI002028841,fail_block,4,33,0,0,1,1.0,0,short_ok,1,scan_doc,1
KCI_FI002028841,fail_block,5,33,0,0,1,1.0,0,short_ok,1,scan_doc,1
KCI_FI002028841,fail_block,6,33,0,0,1,1.0,0,short_ok,1,scan_doc,1
KCI_FI002028841,fail_block,7,33,0,0,1,1.0,0,short_ok,1,scan_doc,1
KCI_FI002028841,fail_block,8,33,0,0,1,1.0,0,short_ok,1,scan_doc,1
KCI_FI002028841,fail_block,9,33,0,0,1,1.0,0,short_ok,1,scan_doc,1
KCI_FI002028841,fail_block,10,33,0,0,1,1.0,0,short_ok,1,scan_doc,1
KCI_FI002028841,fail_block,11,33,0,0,1,1.0,0,short_ok,1,scan_doc,1
KCI_FI002028841,fail_block,12,33,0,0,1,1.0,0,short_ok,1,scan_doc,1
KCI_FI002028841,fail_block,13,33,0,0,1,1.0,0,short_ok,1,scan_doc,1
KCI_FI002028841,fail_block,14,33,0,0,1,1.0,0,short_ok,1,scan_doc,1
KCI_FI002028847,fail_block,0,33,0,0,1,1.0,0,short_ok,1,scan_doc,1
KCI_FI002028847,fail_block,1,33,0,0,1,1.0,0,short_ok,1,scan_doc,1
KCI_FI002028847,fail_block,2,33,0,0,1,1.0,0,short_ok,1,scan_doc,1
KCI_FI002028847,fail_block,3,33,0,0,1,1.0,0,short_ok,1,scan_doc,1
KCI_FI002028847,fail_block,4,33,0,0,1,1.0,0,short_ok,1,scan_doc,1
KCI_FI002028847,fail_block,5,33,0,0,1,1.0,0,short_ok,1,scan_doc,1
KCI_FI002028847,fail_block,6,33,0,0,1,1.0,0,short_ok,1,scan_doc,1
KCI_FI002028847,fail_block,7,33,0,0,1,1.0,0,short_ok,1,scan_doc,1
KCI_FI002028847,fail_block,8,33,0,0,1,1.0,0,short_ok,1,scan_doc,1
KCI_FI002028847,fail_block,9,33,0,0,1,1.0,0,short_ok,1,scan_doc,1
KCI_FI002028847,fail_block,10,33,0,0,1,1.0,0,short_ok,1,scan_doc,1
KCI_FI002028847,fail_block,11,33,0,0,1,1.0,0,short_ok,1,scan_doc,1
KCI_FI002028847,fail_block,12,33,0,0,1,1.0,0,short_ok,1,scan_doc,1
KCI_FI002028850,fail_block,0,33,0,0,1,1.0,0,short_ok,1,scan_doc,1
KCI_FI002028850,fail_block,1,33,0,0,1,1.0,0,short_ok,1,scan_doc,1
KCI_FI002028850,fail_block,2,33,0,0,1,1.0,0,short_ok,1,scan_doc,1
KCI_FI002028850,fail_block,3,33,0,0,1,1.0,0,short_ok,1,scan_doc,1
KCI_FI002028850,fail_block,4,33,0,0,1,1.0,0,short_ok,1,scan_doc,1
KCI_FI002028850,fail_block,5,33,0,0,1,1.0,0,short_ok,1,scan_doc,1
KCI_FI002028850,fail_block,6,33,0,0,1,1.0,0,short_ok,1,scan_doc,1
KCI_FI002028850,fail_block,7,33,0,0,1,1.0,0,short_ok,1,scan_doc,1
KCI_FI002028850,fail_block,8,33,0,0,1,1.0,0,short_ok,1,scan_doc,1
KCI_FI002028850,fail_block,9,33,0,0,1,1.0,0,short_ok,1,scan_doc,1
KCI_FI002028850,fail_block,10,33,0,0,1,1.0,0,short_ok,1,scan_doc,1
KCI_FI002028850,fail_block,11,33,0,0,1,1.0,0,short_ok,1,scan_doc,1
KCI_FI002028850,fail_block,12,33,0,0,1,1.0,0,short_ok,1,scan_doc,1
KCI_FI002028850,fail_block,13,33,0,0,1,1.0,0,short_ok,1,scan_doc,1
KCI_FI002028850,fail_block,14,33,0,0,1,1.0,0,short_ok,1,scan_doc,1
KCI_FI002028850,fail_block,15,33,0,0,1,1.0,0,short_ok,1,scan_doc,1
KCI_FI002028850,fail_block,16,33,0,0,1,1.0,0,short_ok,1,scan_doc,1
KCI_FI002028850,fail_block,17,33,0,0,1,1.0,0,short_ok,1,scan_doc,1
KCI_FI002028850,fail_block,18,33,0,0,1,1.0,0,short_ok,1,scan_doc,1
KCI_FI002028850,fail_block,19,33,0,0,1,1.0,0,short_ok,1,scan_doc,1
KCI_FI002028844,fail_block,0,33,0,0,1,1.0,0,short_ok,1,scan_doc,1
KCI_FI002028844,fail_block,1,33,0,0,1,1.0,0,short_ok,1,scan_doc,1
KCI_FI002028844,fail_block,2,33,0,0,1,1.0,0,short_ok,1,scan_doc,1
KCI_FI002028844,fail_block,3,33,0,0,1,1.0,0,short_ok,1,scan_doc,1
KCI_FI002028844,fail_block,4,33,0,0,1,1.0,0,short_ok,1,scan_doc,1
KCI_FI002028844,fail_block,5,33,0,0,1,1.0,0,short_ok,1,scan_doc,1
KCI_FI002028844,fail_block,6,33,0,0,1,1.0,0,short_ok,1,scan_doc,1
KCI_FI002028844,fail_block,7,33,0,0,1,1.0,0,short_ok,1,scan_doc,1
KCI_FI002028844,fail_block,8,33,0,0,1,1.0,0,short_ok,1,scan_doc,1
KCI_FI002028844,fail_block,9,33,0,0,1,1.0,0,short_ok,1,scan_doc,1
KCI_FI002028844,fail_block,10,33,0,0,1,1.0,0,short_ok,1,scan_doc,1
KCI_FI002028844,fail_block,11,33,0,0,1,1.0,0,short_ok,1,scan_doc,1
KCI_FI002028844,fail_block,12,33,0,0,1,1.0,0,short_ok,1,scan_doc,1
KCI_FI002028844,fail_block,13,33,0,0,1,1.0,0,short_ok,1,scan_doc,1
KCI_FI002028844,fail_block,14,33,0,0,1,1.0,0,short_ok,1,scan_doc,1
KCI_FI002028833,fail_block,0,33,0,0,1,1.0,0,short_ok,1,scan_doc,1
KCI_FI002028833,fail_block,1,33,0,0,1,1.0,0,short_ok,1,scan_doc,1
KCI_FI002028833,fail_block,2,33,0,0,1,1.0,0,short_ok,1,scan_doc,1
KCI_FI002028833,fail_block,3,33,0,0,1,1.0,0,short_ok,1,scan_doc,1
KCI_FI002028833,fail_block,4,33,0,0,1,1.0,0,short_ok,1,scan_doc,1
KCI_FI002028833,fail_block,5,33,0,0,1,1.0,0,short_ok,1,scan_doc,1
KCI_FI002028833,fail_block,6,33,0,0,1,1.0,0,short_ok,1,scan_doc,1
KCI_FI002028833,fail_block,7,33,0,0,1,1.0,0,short_ok,1,scan_doc,1
KCI_FI002028833,fail_block,8,33,0,0,1,1.0,0,short_ok,1,scan_doc,1
KCI_FI002028833,fail_block,9,33,0,0,1,1.0,0,short_ok,1,scan_doc,1
KCI_FI002028833,fail_block,10,33,0,0,1,1.0,0,short_ok,1,scan_doc,1
KCI_FI002028833,fail_block,11,33,0,0,1,1.0,0,short_ok,1,scan_doc,1
KCI_FI002028833,fail_block,12,33,0,0,1,1.0,0,short_ok,1,scan_doc,1
KCI_FI002028833,fail_block,13,33,0,0,1,1.0,0,short_ok,1,scan_doc,1
KCI_FI002028833,fail_block,14,33,0,0,1,1.0,0,short_ok,1,scan_doc,1
KCI_FI002028833,fail_block,15,33,0,0,1,1.0,0,short_ok,1,scan_doc,1
KCI_FI002028822,fail_block,0,33,0,0,1,1.0,0,short_ok,1,scan_doc,1
KCI_FI002028822,fail_block,1,33,0,0,1,1.0,0,short_ok,1,scan_doc,1
KCI_FI002028822,fail_block,2,33,0,0,1,1.0,0,short_ok,1,scan_doc,1
KCI_FI002028822,fail_block,3,33,0,0,1,1.0,0,short_ok,1,scan_doc,1
KCI_FI002028822,fail_block,4,33,0,0,1,1.0,0,short_ok,1,scan_doc,1
KCI_FI002028822,fail_block,5,33,0,0,1,1.0,0,short_ok,1,scan_doc,1
KCI_FI002028822,fail_block,6,33,0,0,1,1.0,0,short_ok,1,scan_doc,1
KCI_FI002028822,fail_block,7,33,0,0,1,1.0,0,short_ok,1,scan_doc,1
KCI_FI002028822,fail_block,8,33,0,0,1,1.0,0,short_ok,1,scan_doc,1
KCI_FI002028822,fail_block,9,33,0,0,1,1.0,0,short_ok,1,scan_doc,1
KCI_FI002028822,fail_block,10,33,0,0,1,1.0,0,short_ok,1,scan_doc,1
KCI_FI002028822,fail_block,11,33,0,0,1,1.0,0,short_ok,1,scan_doc,1
KCI_FI002028822,fail_block,12,33,0,0,1,1.0,0,short_ok,1,scan_doc,1
KCI_FI002028822,fail_block,13,33,0,0,1,1.0,0,short_ok,1,scan_doc,1
KCI_FI002028822,fail_block,14,33,0,0,1,1.0,0,short_ok,1,scan_doc,1
KCI_FI002028823,fail_block,0,33,0,0,1,1.0,0,short_ok,1,scan_doc,1
KCI_FI002028823,fail_block,1,33,0,0,1,1.0,0,short_ok,1,scan_doc,1
KCI_FI002028823,fail_block,2,33,0,0,1,1.0,0,short_ok,1,scan_doc,1
KCI_FI002028823,fail_block,3,33,0,0,1,1.0,0,short_ok,1,scan_doc,1
KCI_FI002028823,fail_block,4,33,0,0,1,1.0,0,short_ok,1,scan_doc,1
KCI_FI002028823,fail_block,5,33,0,0,1,1.0,0,short_ok,1,scan_doc,1
KCI_FI002028823,fail_block,6,33,0,0,1,1.0,0,short_ok,1,scan_doc,1
KCI_FI002028823,fail_block,7,33,0,0,1,1.0,0,short_ok,1,scan_doc,1
KCI_FI002028823,fail_block,8,33,0,0,1,1.0,0,short_ok,1,scan_doc,1
KCI_FI002028823,fail_block,9,33,0,0,1,1.0,0,short_ok,1,scan_doc,1
KCI_FI002028823,fail_block,10,33,0,0,1,1.0,0,short_ok,1,scan_doc,1
KCI_FI002028829,fail_block,0,33,0,0,1,1.0,0,short_ok,1,scan_doc,1
KCI_FI002028829,fail_block,1,33,0,0,1,1.0,0,short_ok,1,scan_doc,1
KCI_FI002028829,fail_block,2,33,0,0,1,1.0,0,short_ok,1,scan_doc,1
KCI_FI002028829,fail_block,3,33,0,0,1,1.0,0,short_ok,1,scan_doc,1
KCI_FI002028829,fail_block,4,33,0,0,1,1.0,0,short_ok,1,scan_doc,1
KCI_FI002028829,fail_block,5,33,0,0,1,1.0,0,short_ok,1,scan_doc,1
KCI_FI002028829,fail_block,6,33,0,0,1,1.0,0,short_ok,1,scan_doc,1
KCI_FI002028829,fail_block,7,33,0,0,1,1.0,0,short_ok,1,scan_doc,1
KCI_FI002028829,fail_block,8,33,0,0,1,1.0,0,short_ok,1,scan_doc,1
KCI_FI002028829,fail_block,9,33,0,0,1,1.0,0,short_ok,1,scan_doc,1
KCI_FI002028829,fail_block,10,33,0,0,1,1.0,0,short_ok,1,scan_doc,1
KCI_FI002028829,fail_block,11,33,0,0,1,1.0,0,short_ok,1,scan_doc,1
KCI_FI002028829,fail_block,12,33,0,0,1,1.0,0,short_ok,1,scan_doc,1
KCI_FI002028829,fail_block,13,33,0,0,1,1.0,0,short_ok,1,scan_doc,1
KCI_FI002028829,fail_block,14,33,0,0,1,1.0,0,short_ok,1,scan_doc,1
KCI_FI002028829,fail_block,15,33,0,0,1,1.0,0,short_ok,1,scan_doc,1
KCI_FI002028829,fail_block,16,33,0,0,1,1.0,0,short_ok,1,scan_doc,1
KCI_FI002028829,fail_block,17,33,0,0,1,1.0,0,short_ok,1,scan_doc,1
KCI_FI002028829,fail_block,18,33,0,0,1,1.0,0,short_ok,1,scan_doc,1
KCI_FI002028829,fail_block,19,33,0,0,1,1.0,0,short_ok,1,scan_doc,1
KCI_FI002028829,fail_block,20,33,0,0,1,1.0,0,short_ok,1,scan_doc,1
KCI_FI002028829,fail_block,21,33,0,0,1,1.0,0,short_ok,1,scan_doc,1
KCI_FI002028829,fail_block,22,33,0,0,1,1.0,0,short_ok,1,scan_doc,1
KCI_FI002028829,fail_block,23,33,0,0,1,1.0,0,short_ok,1,scan_doc,1
KCI_FI002028829,fail_block,24,33,0,0,1,1.0,0,short_ok,1,scan_doc,1
KCI_FI002028829,fail_block,25,33,0,0,1,1.0,0,short_ok,1,scan_doc,1
KCI_FI002028829,fail_block,26,33,0,0,1,1.0,0,short_ok,1,scan_doc,1
KCI_FI002028829,fail_block,27,33,0,0,1,1.0,0,short_ok,1,scan_doc,1
KCI_FI002028829,fail_block,28,33,0,0,1,1.0,0,short_ok,1,scan_doc,1
KCI_FI002028820,fail_block,0,33,0,0,1,1.0,0,short_ok,1,scan_doc,1
KCI_FI002028820,fail_block,1,33,0,0,1,1.0,0,short_ok,1,scan_doc,1
KCI_FI002028820,fail_block,2,33,0,0,1,1.0,0,short_ok,1,scan_doc,1
KCI_FI002028820,fail_block,3,33,0,0,1,1.0,0,short_ok,1,scan_doc,1
KCI_FI002028820,fail_block,4,33,0,0,1,1.0,0,short_ok,1,scan_doc,1
KCI_FI002028820,fail_block,5,33,0,0,1,1.0,0,short_ok,1,scan_doc,1
KCI_FI002028820,fail_block,6,33,0,0,1,1.0,0,short_ok,1,scan_doc,1
KCI_FI002028820,fail_block,7,33,0,0,1,1.0,0,short_ok,1,scan_doc,1
KCI_FI002028820,fail_block,8,33,0,0,1,1.0,0,short_ok,1,scan_doc,1
KCI_FI002028820,fail_block,9,33,0,0,1,1.0,0,short_ok,1,scan_doc,1
KCI_FI002028820,fail_block,10,33,0,0,1,1.0,0,short_ok,1,scan_doc,1
KCI_FI002028820,fail_block,11,33,0,0,1,1.0,0,short_ok,1,scan_doc,1
KCI_FI002028820,fail_block,12,33,0,0,1,1.0,0,short_ok,1,scan_doc,1
KCI_FI002028820,fail_block,13,33,0,0,1,1.0,0,short_ok,1,scan_doc,1
KCI_FI002028820,fail_block,14,33,0,0,1,1.0,0,short_ok,1,scan_doc,1
KCI_FI002028820,fail_block,15,33,0,0,1,1.0,0,short_ok,1,scan_doc,1
KCI_FI002028820,fail_block,16,33,0,0,1,1.0,0,short_ok,1,scan_doc,1
KCI_FI002028820,fail_block,17,33,0,0,1,1.0,0,short_ok,1,scan_doc,1
KCI_FI002028820,fail_block,18,33,0,0,1,1.0,0,short_ok,1,scan_doc,1
KCI_FI002028820,fail_block,19,33,0,0,1,1.0,0,short_ok,1,scan_doc,1
KCI_FI002028820,fail_block,20,33,0,0,1,1.0,0,short_ok,1,scan_doc,1
KCI_FI002028820,fail_block,21,33,0,0,1,1.0,0,short_ok,1,scan_doc,1
KCI_FI002028820,fail_block,22,33,0,0,1,1.0,0,short_ok,1,scan_doc,1
KCI_FI002028820,fail_block,23,33,0,0,1,1.0,0,short_ok,1,scan_doc,1
KCI_FI002028820,fail_block,24,33,0,0,1,1.0,0,short_ok,1,scan_doc,1
KCI_FI002028820,fail_block,25,33,0,0,1,1.0,0,short_ok,1,scan_doc,1
KCI_FI002028820,fail_block,26,33,0,0,1,1.0,0,short_ok,1,scan_doc,1
KCI_FI002028820,fail_block,27,33,0,0,1,1.0,0,short_ok,1,scan_doc,1
KCI_FI002028820,fail_block,28,33,0,0,1,1.0,0,short_ok,1,scan_doc,1
KCI_FI002028820,fail_block,29,33,0,0,1,1.0,0,short_ok,1,scan_doc,1
KCI_FI002028820,fail_block,30,33,0,0,1,1.0,0,short_ok,1,scan_doc,1
KCI_FI002028820,fail_block,31,33,0,0,1,1.0,0,short_ok,1,scan_doc,1
KCI_FI002028820,fail_block,32,33,0,0,1,1.0,0,short_ok,1,scan_doc,1
KCI_FI002028820,fail_block,33,33,0,0,1,1.0,0,short_ok,1,scan_doc,1
KCI_FI002028820,fail_block,34,33,0,0,1,1.0,0,short_ok,1,scan_doc,1
KCI_FI002028820,fail_block,35,33,0,0,1,1.0,0,short_ok,1,scan_doc,1
KCI_FI002028820,fail_block,36,33,0,0,1,1.0,0,short_ok,1,scan_doc,1
KCI_FI002028820,fail_block,37,33,0,0,1,1.0,0,short_ok,1,scan_doc,1
KCI_FI002028820,fail_block,38,33,0,0,1,1.0,0,short_ok,1,scan_doc,1
KCI_FI002028820,fail_block,39,33,0,0,1,1.0,0,short_ok,1,scan_doc,1
KCI_FI002028820,fail_block,40,33,0,0,1,1.0,0,short_ok,1,scan_doc,1
KCI_FI002028820,fail_block,41,33,0,0,1,1.0,0,short_ok,1,scan_doc,1
KCI_FI002028824,fail_block,0,33,0,0,1,1.0,0,short_ok,1,scan_doc,1
KCI_FI002028824,fail_block,1,33,0,0,1,1.0,0,short_ok,1,scan_doc,1
KCI_FI002028824,fail_block,2,33,0,0,1,1.0,0,short_ok,1,scan_doc,1
KCI_FI002028824,fail_block,3,33,0,0,1,1.0,0,short_ok,1,scan_doc,1
KCI_FI002028824,fail_block,4,33,0,0,1,1.0,0,short_ok,1,scan_doc,1
KCI_FI002028824,fail_block,5,33,0,0,1,1.0,0,short_ok,1,scan_doc,1
KCI_FI002028824,fail_block,6,33,0,0,1,1.0,0,short_ok,1,scan_doc,1
KCI_FI002028824,fail_block,7,33,0,0,1,1.0,0,short_ok,1,scan_doc,1
KCI_FI002028824,fail_block,8,33,0,0,1,1.0,0,short_ok,1,scan_doc,1
KCI_FI002028824,fail_block,9,33,0,0,1,1.0,0,short_ok,1,scan_doc,1
KCI_FI002028824,fail_block,10,33,0,0,1,1.0,0,short_ok,1,scan_doc,1
KCI_FI002028824,fail_block,11,33,0,0,1,1.0,0,short_ok,1,scan_doc,1
KCI_FI002028824,fail_block,12,33,0,0,1,1.0,0,short_ok,1,scan_doc,1
KCI_FI002028824,fail_block,13,33,0,0,1,1.0,0,short_ok,1,scan_doc,1
KCI_FI002028821,fail_block,0,33,0,0,1,1.0,0,short_ok,1,scan_doc,1
KCI_FI002028821,fail_block,1,33,0,0,1,1.0,0,short_ok,1,scan_doc,1
KCI_FI002028821,fail_block,2,33,0,0,1,1.0,0,short_ok,1,scan_doc,1
KCI_FI002028821,fail_block,3,33,0,0,1,1.0,0,short_ok,1,scan_doc,1
KCI_FI002028821,fail_block,4,33,0,0,1,1.0,0,short_ok,1,scan_doc,1
KCI_FI002028821,fail_block,5,33,0,0,1,1.0,0,short_ok,1,scan_doc,1
KCI_FI002028821,fail_block,6,33,0,0,1,1.0,0,short_ok,1,scan_doc,1
KCI_FI002028821,fail_block,7,33,0,0,1,1.0,0,short_ok,1,scan_doc,1
KCI_FI002028821,fail_block,8,33,0,0,1,1.0,0,short_ok,1,scan_doc,1
KCI_FI002028821,fail_block,9,33,0,0,1,1.0,0,short_ok,1,scan_doc,1
KCI_FI002028821,fail_block,10,33,0,0,1,1.0,0,short_ok,1,scan_doc,1
KCI_FI002028821,fail_block,11,33,0,0,1,1.0,0,short_ok,1,scan_doc,1
KCI_FI002028821,fail_block,12,33,0,0,1,1.0,0,short_ok,1,scan_doc,1
KCI_FI002028821,fail_block,13,33,0,0,1,1.0,0,short_ok,1,scan_doc,1
KCI_FI002028821,fail_block,14,33,0,0,1,1.0,0,short_ok,1,scan_doc,1
KCI_FI002028821,fail_block,15,33,0,0,1,1.0,0,short_ok,1,scan_doc,1
KCI_FI002028821,fail_block,16,33,0,0,1,1.0,0,short_ok,1,scan_doc,1
KCI_FI002028821,fail_block,17,33,0,0,1,1.0,0,short_ok,1,scan_doc,1
KCI_FI002028821,fail_block,18,33,0,0,1,1.0,0,short_ok,1,scan_doc,1
KCI_FI002028821,fail_block,19,33,0,0,1,1.0,0,short_ok,1,scan_doc,1
KCI_FI002028821,fail_block,20,33,0,0,1,1.0,0,short_ok,1,scan_doc,1
KCI_FI002028821,fail_block,21,33,0,0,1,1.0,0,short_ok,1,scan_doc,1
KCI_FI002028821,fail_block,22,33,0,0,1,1.0,0,short_ok,1,scan_doc,1
KCI_FI002028821,fail_block,23,33,0,0,1,1.0,0,short_ok,1,scan_doc,1
KCI_FI002028821,fail_block,24,33,0,0,1,1.0,0,short_ok,1,scan_doc,1
KCI_FI002028821,fail_block,25,33,0,0,1,1.0,0,short_ok,1,scan_doc,1
KCI_FI002028821,fail_block,26,33,0,0,1,1.0,0,short_ok,1,scan_doc,1
KCI_FI002028821,fail_block,27,33,0,0,1,1.0,0,short_ok,1,scan_doc,1
KCI_FI002028821,fail_block,28,33,0,0,1,1.0,0,short_ok,1,scan_doc,1
KCI_FI002028821,fail_block,29,33,0,0,1,1.0,0,short_ok,1,scan_doc,1
KCI_FI002028821,fail_block,30,33,0,0,1,1.0,0,short_ok,1,scan_doc,1
KCI_FI002028821,fail_block,31,33,0,0,1,1.0,0,short_ok,1,scan_doc,1
KCI_FI002028821,fail_block,32,33,0,0,1,1.0,0,short_ok,1,scan_doc,1
KCI_FI002028821,fail_block,33,33,0,0,1,1.0,0,short_ok,1,scan_doc,1
KCI_FI002028821,fail_block,34,33,0,0,1,1.0,0,short_ok,1,scan_doc,1
KCI_FI002028821,fail_block,35,33,0,0,1,1.0,0,short_ok,1,scan_doc,1
KCI_FI002028826,fail_block,0,33,0,0,1,1.0,0,short_ok,1,scan_doc,1
KCI_FI002028826,fail_block,1,33,0,0,1,1.0,0,short_ok,1,scan_doc,1
KCI_FI002028826,fail_block,2,33,0,0,1,1.0,0,short_ok,1,scan_doc,1
KCI_FI002028826,fail_block,3,33,0,0,1,1.0,0,short_ok,1,scan_doc,1
KCI_FI002028826,fail_block,4,33,0,0,1,1.0,0,short_ok,1,scan_doc,1
KCI_FI002028826,fail_block,5,33,0,0,1,1.0,0,short_ok,1,scan_doc,1
KCI_FI002028826,fail_block,6,33,0,0,1,1.0,0,short_ok,1,scan_doc,1
KCI_FI002028826,fail_block,7,33,0,0,1,1.0,0,short_ok,1,scan_doc,1
KCI_FI002028826,fail_block,8,33,0,0,1,1.0,0,short_ok,1,scan_doc,1
KCI_FI002028826,fail_block,9,33,0,0,1,1.0,0,short_ok,1,scan_doc,1
KCI_FI002028826,fail_block,10,33,0,0,1,1.0,0,short_ok,1,scan_doc,1
KCI_FI002028826,fail_block,11,33,0,0,1,1.0,0,short_ok,1,scan_doc,1
KCI_FI002028826,fail_block,12,33,0,0,1,1.0,0,short_ok,1,scan_doc,1
KCI_FI002028826,fail_block,13,33,0,0,1,1.0,0,short_ok,1,scan_doc,1
KCI_FI002028826,fail_block,14,33,0,0,1,1.0,0,short_ok,1,scan_doc,1
KCI_FI002028826,fail_block,15,33,0,0,1,1.0,0,short_ok,1,scan_doc,1
KCI_FI002028826,fail_block,16,33,0,0,1,1.0,0,short_ok,1,scan_doc,1
KCI_FI002028826,fail_block,17,33,0,0,1,1.0,0,short_ok,1,scan_doc,1
KCI_FI002028826,fail_block,18,33,0,0,1,1.0,0,short_ok,1,scan_doc,1
KCI_FI002028826,fail_block,19,33,0,0,1,1.0,0,short_ok,1,scan_doc,1
KCI_FI002028826,fail_block,20,33,0,0,1,1.0,0,short_ok,1,scan_doc,1
KCI_FI002028826,fail_block,21,33,0,0,1,1.0,0,short_ok,1,scan_doc,1
KCI_FI002028828,fail_block,0,33,0,0,1,1.0,0,short_ok,1,scan_doc,1
KCI_FI002028828,fail_block,1,33,0,0,1,1.0,0,short_ok,1,scan_doc,1
KCI_FI002028828,fail_block,2,33,0,0,1,1.0,0,short_ok,1,scan_doc,1
KCI_FI002028828,fail_block,3,33,0,0,1,1.0,0,short_ok,1,scan_doc,1
KCI_FI002028828,fail_block,4,33,0,0,1,1.0,0,short_ok,1,scan_doc,1
KCI_FI002028828,fail_block,5,33,0,0,1,1.0,0,short_ok,1,scan_doc,1
KCI_FI002028828,fail_block,6,33,0,0,1,1.0,0,short_ok,1,scan_doc,1
KCI_FI002028828,fail_block,7,33,0,0,1,1.0,0,short_ok,1,scan_doc,1
KCI_FI002028828,fail_block,8,33,0,0,1,1.0,0,short_ok,1,scan_doc,1
KCI_FI002028828,fail_block,9,33,0,0,1,1.0,0,short_ok,1,scan_doc,1
KCI_FI002028828,fail_block,10,33,0,0,1,1.0,0,short_ok,1,scan_doc,1
KCI_FI002028828,fail_block,11,33,0,0,1,1.0,0,short_ok,1,scan_doc,1
KCI_FI002028828,fail_block,12,33,0,0,1,1.0,0,short_ok,1,scan_doc,1
KCI_FI002028828,fail_block,13,33,0,0,1,1.0,0,short_ok,1,scan_doc,1
KCI_FI002028828,fail_block,14,33,0,0,1,1.0,0,short_ok,1,scan_doc,1
KCI_FI002028828,fail_block,15,33,0,0,1,1.0,0,short_ok,1,scan_doc,1
KCI_FI002028828,fail_block,16,33,0,0,1,1.0,0,short_ok,1,scan_doc,1
KCI_FI002028828,fail_block,17,33,0,0,1,1.0,0,short_ok,1,scan_doc,1
KCI_FI002028828,fail_block,18,33,0,0,1,1.0,0,short_ok,1,scan_doc,1
KCI_FI002028828,fail_block,19,33,0,0,1,1.0,0,short_ok,1,scan_doc,1
KCI_FI002028828,fail_block,20,33,0,0,1,1.0,0,short_ok,1,scan_doc,1
KCI_FI002028828,fail_block,21,33,0,0,1,1.0,0,short_ok,1,scan_doc,1
KCI_FI002028828,fail_block,22,33,0,0,1,1.0,0,short_ok,1,scan_doc,1
KCI_FI002028825,fail_block,0,33,0,0,1,1.0,0,short_ok,1,scan_doc,1
KCI_FI002028825,fail_block,1,33,0,0,1,1.0,0,short_ok,1,scan_doc,1
KCI_FI002028825,fail_block,2,33,0,0,1,1.0,0,short_ok,1,scan_doc,1
KCI_FI002028825,fail_block,3,33,0,0,1,1.0,0,short_ok,1,scan_doc,1
KCI_FI002028825,fail_block,4,33,0,0,1,1.0,0,short_ok,1,scan_doc,1
KCI_FI002028825,fail_block,5,33,0,0,1,1.0,0,short_ok,1,scan_doc,1
KCI_FI002028825,fail_block,6,33,0,0,1,1.0,0,short_ok,1,scan_doc,1
KCI_FI002028825,fail_block,7,33,0,0,1,1.0,0,short_ok,1,scan_doc,1
KCI_FI002028825,fail_block,8,33,0,0,1,1.0,0,short_ok,1,scan_doc,1
KCI_FI002028825,fail_block,9,33,0,0,1,1.0,0,short_ok,1,scan_doc,1
KCI_FI002028825,fail_block,10,33,0,0,1,1.0,0,short_ok,1,scan_doc,1
KCI_FI002028825,fail_block,11,33,0,0,1,1.0,0,short_ok,1,scan_doc,1
KCI_FI002028825,fail_block,12,33,0,0,1,1.0,0,short_ok,1,scan_doc,1
KCI_FI002028825,fail_block,13,33,0,0,1,1.0,0,short_ok,1,scan_doc,1
KCI_FI002028825,fail_block,14,33,0,0,1,1.0,0,short_ok,1,scan_doc,1
KCI_FI002028825,fail_block,15,33,0,0,1,1.0,0,short_ok,1,scan_doc,1
KCI_FI002028825,fail_block,16,33,0,0,1,1.0,0,short_ok,1,scan_doc,1
KCI_FI002028825,fail_block,17,33,0,0,1,1.0,0,short_ok,1,scan_doc,1
KCI_FI002028825,fail_block,18,33,0,0,1,1.0,0,short_ok,1,scan_doc,1
KCI_FI002028825,fail_block,19,33,0,0,1,1.0,0,short_ok,1,scan_doc,1
KCI_FI002028825,fail_block,20,33,0,0,1,1.0,0,short_ok,1,scan_doc,1
KCI_FI002028825,fail_block,21,33,0,0,1,1.0,0,short_ok,1,scan_doc,1
KCI_FI002028825,fail_block,22,33,0,0,1,1.0,0,short_ok,1,scan_doc,1
KCI_FI002028773,fail_block,0,33,0,0,1,1.0,0,short_ok,1,scan_doc,1
KCI_FI002028773,fail_block,1,33,0,0,1,1.0,0,short_ok,1,scan_doc,1
KCI_FI002028773,fail_block,2,33,0,0,1,1.0,0,short_ok,1,scan_doc,1
KCI_FI002028773,fail_block,3,33,0,0,1,1.0,0,short_ok,1,scan_doc,1
KCI_FI002028773,fail_block,4,33,0,0,1,1.0,0,short_ok,1,scan_doc,1
KCI_FI002028773,fail_block,5,33,0,0,1,1.0,0,short_ok,1,scan_doc,1
KCI_FI002028773,fail_block,6,33,0,0,1,1.0,0,short_ok,1,scan_doc,1
KCI_FI002028773,fail_block,7,33,0,0,1,1.0,0,short_ok,1,scan_doc,1
KCI_FI002028773,fail_block,8,33,0,0,1,1.0,0,short_ok,1,scan_doc,1
KCI_FI002028773,fail_block,9,33,0,0,1,1.0,0,short_ok,1,scan_doc,1
KCI_FI002028773,fail_block,10,33,0,0,1,1.0,0,short_ok,1,scan_doc,1
KCI_FI002028773,fail_block,11,33,0,0,1,1.0,0,short_ok,1,scan_doc,1
KCI_FI002028773,fail_block,12,33,0,0,1,1.0,0,short_ok,1,scan_doc,1
KCI_FI002028773,fail_block,13,33,0,0,1,1.0,0,short_ok,1,scan_doc,1
KCI_FI002028773,fail_block,14,33,0,0,1,1.0,0,short_ok,1,scan_doc,1
KCI_FI002028747,fail_block,0,33,0,0,1,1.0,0,short_ok,1,scan_doc,1
KCI_FI002028747,fail_block,1,33,0,0,1,1.0,0,short_ok,1,scan_doc,1
KCI_FI002028747,fail_block,2,33,0,0,1,1.0,0,short_ok,1,scan_doc,1
KCI_FI002028747,fail_block,3,33,0,0,1,1.0,0,short_ok,1,scan_doc,1
KCI_FI002028747,fail_block,4,33,0,0,1,1.0,0,short_ok,1,scan_doc,1
KCI_FI002028747,fail_block,5,33,0,0,1,1.0,0,short_ok,1,scan_doc,1
KCI_FI002028747,fail_block,6,33,0,0,1,1.0,0,short_ok,1,scan_doc,1
KCI_FI002028747,fail_block,7,33,0,0,1,1.0,0,short_ok,1,scan_doc,1
KCI_FI002028747,fail_block,8,33,0,0,1,1.0,0,short_ok,1,scan_doc,1
KCI_FI002028747,fail_block,9,33,0,0,1,1.0,0,short_ok,1,scan_doc,1
KCI_FI002028747,fail_block,10,33,0,0,1,1.0,0,short_ok,1,scan_doc,1
KCI_FI002028747,fail_block,11,33,0,0,1,1.0,0,short_ok,1,scan_doc,1
KCI_FI002028747,fail_block,12,33,0,0,1,1.0,0,short_ok,1,scan_doc,1
KCI_FI002028747,fail_block,13,33,0,0,1,1.0,0,short_ok,1,scan_doc,1
KCI_FI002028747,fail_block,14,33,0,0,1,1.0,0,short_ok,1,scan_doc,1
KCI_FI002028747,fail_block,15,33,0,0,1,1.0,0,short_ok,1,scan_doc,1
KCI_FI002028747,fail_block,16,33,0,0,1,1.0,0,short_ok,1,scan_doc,1
KCI_FI002028747,fail_block,17,33,0,0,1,1.0,0,short_ok,1,scan_doc,1
KCI_FI002028747,fail_block,18,33,0,0,1,1.0,0,short_ok,1,scan_doc,1
KCI_FI002028747,fail_block,19,33,0,0,1,1.0,0,short_ok,1,scan_doc,1
KCI_FI002028817,fail_block,0,33,0,0,1,1.0,0,short_ok,1,scan_doc,1
KCI_FI002028817,fail_block,1,33,0,0,1,1.0,0,short_ok,1,scan_doc,1
KCI_FI002028817,fail_block,2,33,0,0,1,1.0,0,short_ok,1,scan_doc,1
KCI_FI002028817,fail_block,3,33,0,0,1,1.0,0,short_ok,1,scan_doc,1
KCI_FI002028817,fail_block,4,33,0,0,1,1.0,0,short_ok,1,scan_doc,1
KCI_FI002028817,fail_block,5,33,0,0,1,1.0,0,short_ok,1,scan_doc,1
KCI_FI002028817,fail_block,6,33,0,0,1,1.0,0,short_ok,1,scan_doc,1
KCI_FI002028817,fail_block,7,33,0,0,1,1.0,0,short_ok,1,scan_doc,1
KCI_FI002028817,fail_block,8,33,0,0,1,1.0,0,short_ok,1,scan_doc,1
KCI_FI002028817,fail_block,9,33,0,0,1,1.0,0,short_ok,1,scan_doc,1
KCI_FI002028817,fail_block,10,33,0,0,1,1.0,0,short_ok,1,scan_doc,1
KCI_FI002028817,fail_block,11,33,0,0,1,1.0,0,short_ok,1,scan_doc,1
KCI_FI002028817,fail_block,12,33,0,0,1,1.0,0,short_ok,1,scan_doc,1
KCI_FI002028817,fail_block,13,33,0,0,1,1.0,0,short_ok,1,scan_doc,1
KCI_FI002028817,fail_block,14,33,0,0,1,1.0,0,short_ok,1,scan_doc,1
KCI_FI002028817,fail_block,15,33,0,0,1,1.0,0,short_ok,1,scan_doc,1
KCI_FI002028817,fail_block,16,33,0,0,1,1.0,0,short_ok,1,scan_doc,1
KCI_FI002028817,fail_block,17,33,0,0,1,1.0,0,short_ok,1,scan_doc,1
KCI_FI002028817,fail_block,18,33,0,0,1,1.0,0,short_ok,1,scan_doc,1
KCI_FI002028817,fail_block,19,33,0,0,1,1.0,0,short_ok,1,scan_doc,1
KCI_FI002028817,fail_block,20,33,0,0,1,1.0,0,short_ok,1,scan_doc,1
KCI_FI002028817,fail_block,21,33,0,0,1,1.0,0,short_ok,1,scan_doc,1
KCI_FI002028817,fail_block,22,33,0,0,1,1.0,0,short_ok,1,scan_doc,1
KCI_FI002028817,fail_block,23,33,0,0,1,1.0,0,short_ok,1,scan_doc,1
KCI_FI002028817,fail_block,24,33,0,0,1,1.0,0,short_ok,1,scan_doc,1
KCI_FI002028806,fail_block,0,33,0,0,1,1.0,0,short_ok,1,scan_doc,1
KCI_FI002028806,fail_block,1,33,0,0,1,1.0,0,short_ok,1,scan_doc,1
KCI_FI002028806,fail_block,2,33,0,0,1,1.0,0,short_ok,1,scan_doc,1
KCI_FI002028806,fail_block,3,33,0,0,1,1.0,0,short_ok,1,scan_doc,1
KCI_FI002028806,fail_block,4,33,0,0,1,1.0,0,short_ok,1,scan_doc,1
KCI_FI002028806,fail_block,5,33,0,0,1,1.0,0,short_ok,1,scan_doc,1
KCI_FI002028806,fail_block,6,33,0,0,1,1.0,0,short_ok,1,scan_doc,1
KCI_FI002028806,fail_block,7,33,0,0,1,1.0,0,short_ok,1,scan_doc,1
KCI_FI002028806,fail_block,8,33,0,0,1,1.0,0,short_ok,1,scan_doc,1
KCI_FI002028806,fail_block,9,33,0,0,1,1.0,0,short_ok,1,scan_doc,1
KCI_FI002028806,fail_block,10,33,0,0,1,1.0,0,short_ok,1,scan_doc,1
KCI_FI002028806,fail_block,11,33,0,0,1,1.0,0,short_ok,1,scan_doc,1
KCI_FI002028806,fail_block,12,33,0,0,1,1.0,0,short_ok,1,scan_doc,1
KCI_FI002028806,fail_block,13,33,0,0,1,1.0,0,short_ok,1,scan_doc,1
KCI_FI002028806,fail_block,14,33,0,0,1,1.0,0,short_ok,1,scan_doc,1
KCI_FI002028815,fail_block,0,33,0,0,1,1.0,0,short_ok,1,scan_doc,1
KCI_FI002028815,fail_block,1,33,0,0,1,1.0,0,short_ok,1,scan_doc,1
KCI_FI002028815,fail_block,2,33,0,0,1,1.0,0,short_ok,1,scan_doc,1
KCI_FI002028815,fail_block,3,33,0,0,1,1.0,0,short_ok,1,scan_doc,1
KCI_FI002028815,fail_block,4,33,0,0,1,1.0,0,short_ok,1,scan_doc,1
KCI_FI002028815,fail_block,5,33,0,0,1,1.0,0,short_ok,1,scan_doc,1
KCI_FI002028815,fail_block,6,33,0,0,1,1.0,0,short_ok,1,scan_doc,1
KCI_FI002028815,fail_block,7,33,0,0,1,1.0,0,short_ok,1,scan_doc,1
KCI_FI002028815,fail_block,8,33,0,0,1,1.0,0,short_ok,1,scan_doc,1
KCI_FI002028815,fail_block,9,33,0,0,1,1.0,0,short_ok,1,scan_doc,1
KCI_FI002028815,fail_block,10,33,0,0,1,1.0,0,short_ok,1,scan_doc,1
KCI_FI002028815,fail_block,11,33,0,0,1,1.0,0,short_ok,1,scan_doc,1
KCI_FI002028815,fail_block,12,33,0,0,1,1.0,0,short_ok,1,scan_doc,1
KCI_FI002028815,fail_block,13,33,0,0,1,1.0,0,short_ok,1,scan_doc,1
KCI_FI002028815,fail_block,14,33,0,0,1,1.0,0,short_ok,1,scan_doc,1
KCI_FI002028815,fail_block,15,33,0,0,1,1.0,0,short_ok,1,scan_doc,1
KCI_FI002028815,fail_block,16,33,0,0,1,1.0,0,short_ok,1,scan_doc,1
KCI_FI002028808,fail_block,0,33,0,0,1,1.0,0,short_ok,1,scan_doc,1
KCI_FI002028808,fail_block,1,33,0,0,1,1.0,0,short_ok,1,scan_doc,1
KCI_FI002028808,fail_block,2,33,0,0,1,1.0,0,short_ok,1,scan_doc,1
KCI_FI002028808,fail_block,3,33,0,0,1,1.0,0,short_ok,1,scan_doc,1
KCI_FI002028808,fail_block,4,33,0,0,1,1.0,0,short_ok,1,scan_doc,1
KCI_FI002028808,fail_block,5,33,0,0,1,1.0,0,short_ok,1,scan_doc,1
KCI_FI002028808,fail_block,6,33,0,0,1,1.0,0,short_ok,1,scan_doc,1
KCI_FI002028808,fail_block,7,33,0,0,1,1.0,0,short_ok,1,scan_doc,1
KCI_FI002028808,fail_block,8,33,0,0,1,1.0,0,short_ok,1,scan_doc,1
KCI_FI002028808,fail_block,9,33,0,0,1,1.0,0,short_ok,1,scan_doc,1
KCI_FI002028808,fail_block,10,33,0,0,1,1.0,0,short_ok,1,scan_doc,1
KCI_FI002028808,fail_block,11,33,0,0,1,1.0,0,short_ok,1,scan_doc,1
KCI_FI002028808,fail_block,12,33,0,0,1,1.0,0,short_ok,1,scan_doc,1
KCI_FI002028808,fail_block,13,33,0,0,1,1.0,0,short_ok,1,scan_doc,1
KCI_FI002028808,fail_block,14,33,0,0,1,1.0,0,short_ok,1,scan_doc,1
KCI_FI002028808,fail_block,15,33,0,0,1,1.0,0,short_ok,1,scan_doc,1
KCI_FI002028808,fail_block,16,33,0,0,1,1.0,0,short_ok,1,scan_doc,1
KCI_FI002028808,fail_block,17,33,0,0,1,1.0,0,short_ok,1,scan_doc,1
KCI_FI002028808,fail_block,18,33,0,0,1,1.0,0,short_ok,1,scan_doc,1
KCI_FI002028808,fail_block,19,33,0,0,1,1.0,0,short_ok,1,scan_doc,1
KCI_FI002028808,fail_block,20,33,0,0,1,1.0,0,short_ok,1,scan_doc,1
KCI_FI002028808,fail_block,21,33,0,0,1,1.0,0,short_ok,1,scan_doc,1
KCI_FI002028808,fail_block,22,33,0,0,1,1.0,0,short_ok,1,scan_doc,1
KCI_FI002028808,fail_block,23,33,0,0,1,1.0,0,short_ok,1,scan_doc,1
KCI_FI002028808,fail_block,24,33,0,0,1,1.0,0,short_ok,1,scan_doc,1
KCI_FI002028808,fail_block,25,33,0,0,1,1.0,0,short_ok,1,scan_doc,1
KCI_FI002028808,fail_block,26,33,0,0,1,1.0,0,short_ok,1,scan_doc,1
KCI_FI002028808,fail_block,27,33,0,0,1,1.0,0,short_ok,1,scan_doc,1
KCI_FI002028808,fail_block,28,33,0,0,1,1.0,0,short_ok,1,scan_doc,1
KCI_FI002028808,fail_block,29,33,0,0,1,1.0,0,short_ok,1,scan_doc,1
KCI_FI002028808,fail_block,30,33,0,0,1,1.0,0,short_ok,1,scan_doc,1
KCI_FI002028808,fail_block,31,33,0,0,1,1.0,0,short_ok,1,scan_doc,1
KCI_FI002028808,fail_block,32,33,0,0,1,1.0,0,short_ok,1,scan_doc,1
KCI_FI002028808,fail_block,33,33,0,0,1,1.0,0,short_ok,1,scan_doc,1
KCI_FI002028808,fail_block,34,33,0,0,1,1.0,0,short_ok,1,scan_doc,1
KCI_FI002028808,fail_block,35,33,0,0,1,1.0,0,short_ok,1,scan_doc,1
KCI_FI002028813,fail_block,0,33,0,0,1,1.0,0,short_ok,1,scan_doc,1
KCI_FI002028813,fail_block,1,33,0,0,1,1.0,0,short_ok,1,scan_doc,1
KCI_FI002028813,fail_block,2,33,0,0,1,1.0,0,short_ok,1,scan_doc,1
KCI_FI002028813,fail_block,3,33,0,0,1,1.0,0,short_ok,1,scan_doc,1
KCI_FI002028813,fail_block,4,33,0,0,1,1.0,0,short_ok,1,scan_doc,1
KCI_FI002028813,fail_block,5,33,0,0,1,1.0,0,short_ok,1,scan_doc,1
KCI_FI002028813,fail_block,6,33,0,0,1,1.0,0,short_ok,1,scan_doc,1
KCI_FI002028813,fail_block,7,33,0,0,1,1.0,0,short_ok,1,scan_doc,1
KCI_FI002028813,fail_block,8,33,0,0,1,1.0,0,short_ok,1,scan_doc,1
KCI_FI002028813,fail_block,9,33,0,0,1,1.0,0,short_ok,1,scan_doc,1
KCI_FI002028813,fail_block,10,33,0,0,1,1.0,0,short_ok,1,scan_doc,1
KCI_FI002028816,fail_block,0,33,0,0,1,1.0,0,short_ok,1,scan_doc,1
KCI_FI002028816,fail_block,1,33,0,0,1,1.0,0,short_ok,1,scan_doc,1
KCI_FI002028816,fail_block,2,33,0,0,1,1.0,0,short_ok,1,scan_doc,1
KCI_FI002028816,fail_block,3,33,0,0,1,1.0,0,short_ok,1,scan_doc,1
KCI_FI002028816,fail_block,4,33,0,0,1,1.0,0,short_ok,1,scan_doc,1
KCI_FI002028816,fail_block,5,33,0,0,1,1.0,0,short_ok,1,scan_doc,1
KCI_FI002028816,fail_block,6,33,0,0,1,1.0,0,short_ok,1,scan_doc,1
KCI_FI002028816,fail_block,7,33,0,0,1,1.0,0,short_ok,1,scan_doc,1
KCI_FI002028816,fail_block,8,33,0,0,1,1.0,0,short_ok,1,scan_doc,1
KCI_FI002028816,fail_block,9,33,0,0,1,1.0,0,short_ok,1,scan_doc,1
KCI_FI002028816,fail_block,10,33,0,0,1,1.0,0,short_ok,1,scan_doc,1
KCI_FI002028816,fail_block,11,33,0,0,1,1.0,0,short_ok,1,scan_doc,1
KCI_FI002028816,fail_block,12,33,0,0,1,1.0,0,short_ok,1,scan_doc,1
KCI_FI002028804,fail_block,0,33,0,0,1,1.0,0,short_ok,1,scan_doc,1
KCI_FI002028804,fail_block,1,33,0,0,1,1.0,0,short_ok,1,scan_doc,1
KCI_FI002028804,fail_block,2,33,0,0,1,1.0,0,short_ok,1,scan_doc,1
KCI_FI002028804,fail_block,3,33,0,0,1,1.0,0,short_ok,1,scan_doc,1
KCI_FI002028804,fail_block,4,33,0,0,1,1.0,0,short_ok,1,scan_doc,1
KCI_FI002028804,fail_block,5,33,0,0,1,1.0,0,short_ok,1,scan_doc,1
KCI_FI002028804,fail_block,6,33,0,0,1,1.0,0,short_ok,1,scan_doc,1
KCI_FI002028804,fail_block,7,33,0,0,1,1.0,0,short_ok,1,scan_doc,1
KCI_FI002028804,fail_block,8,33,0,0,1,1.0,0,short_ok,1,scan_doc,1
KCI_FI002028804,fail_block,9,33,0,0,1,1.0,0,short_ok,1,scan_doc,1
KCI_FI002028804,fail_block,10,33,0,0,1,1.0,0,short_ok,1,scan_doc,1
KCI_FI002028807,fail_block,0,33,0,0,1,1.0,0,short_ok,1,scan_doc,1
KCI_FI002028807,fail_block,1,33,0,0,1,1.0,0,short_ok,1,scan_doc,1
KCI_FI002028807,fail_block,2,33,0,0,1,1.0,0,short_ok,1,scan_doc,1
KCI_FI002028807,fail_block,3,33,0,0,1,1.0,0,short_ok,1,scan_doc,1
KCI_FI002028807,fail_block,4,33,0,0,1,1.0,0,short_ok,1,scan_doc,1
KCI_FI002028807,fail_block,5,33,0,0,1,1.0,0,short_ok,1,scan_doc,1
KCI_FI002028807,fail_block,6,33,0,0,1,1.0,0,short_ok,1,scan_doc,1
KCI_FI002028807,fail_block,7,33,0,0,1,1.0,0,short_ok,1,scan_doc,1
KCI_FI002028807,fail_block,8,33,0,0,1,1.0,0,short_ok,1,scan_doc,1
KCI_FI002028807,fail_block,9,33,0,0,1,1.0,0,short_ok,1,scan_doc,1
KCI_FI002028807,fail_block,10,33,0,0,1,1.0,0,short_ok,1,scan_doc,1
KCI_FI002028807,fail_block,11,33,0,0,1,1.0,0,short_ok,1,scan_doc,1
KCI_FI002028807,fail_block,12,33,0,0,1,1.0,0,short_ok,1,scan_doc,1
KCI_FI002028807,fail_block,13,33,0,0,1,1.0,0,short_ok,1,scan_doc,1
KCI_FI002028807,fail_block,14,33,0,0,1,1.0,0,short_ok,1,scan_doc,1
KCI_FI002028807,fail_block,15,33,0,0,1,1.0,0,short_ok,1,scan_doc,1
KCI_FI002028807,fail_block,16,33,0,0,1,1.0,0,short_ok,1,scan_doc,1
KCI_FI002028807,fail_block,17,33,0,0,1,1.0,0,short_ok,1,scan_doc,1
KCI_FI002028807,fail_block,18,33,0,0,1,1.0,0,short_ok,1,scan_doc,1
KCI_FI002028809,fail_block,0,33,0,0,1,1.0,0,short_ok,1,scan_doc,1
KCI_FI002028809,fail_block,1,33,0,0,1,1.0,0,short_ok,1,scan_doc,1
KCI_FI002028809,fail_block,2,33,0,0,1,1.0,0,short_ok,1,scan_doc,1
KCI_FI002028809,fail_block,3,33,0,0,1,1.0,0,short_ok,1,scan_doc,1
KCI_FI002028809,fail_block,4,33,0,0,1,1.0,0,short_ok,1,scan_doc,1
KCI_FI002028809,fail_block,5,33,0,0,1,1.0,0,short_ok,1,scan_doc,1
KCI_FI002028809,fail_block,6,33,0,0,1,1.0,0,short_ok,1,scan_doc,1
KCI_FI002028809,fail_block,7,33,0,0,1,1.0,0,short_ok,1,scan_doc,1
KCI_FI002028809,fail_block,8,33,0,0,1,1.0,0,short_ok,1,scan_doc,1
KCI_FI002028809,fail_block,9,33,0,0,1,1.0,0,short_ok,1,scan_doc,1
KCI_FI002028809,fail_block,10,33,0,0,1,1.0,0,short_ok,1,scan_doc,1
KCI_FI002028809,fail_block,11,33,0,0,1,1.0,0,short_ok,1,scan_doc,1
KCI_FI002028809,fail_block,12,33,0,0,1,1.0,0,short_ok,1,scan_doc,1
KCI_FI002028809,fail_block,13,33,0,0,1,1.0,0,short_ok,1,scan_doc,1
KCI_FI002028809,fail_block,14,33,0,0,1,1.0,0,short_ok,1,scan_doc,1
KCI_FI002028809,fail_block,15,33,0,0,1,1.0,0,short_ok,1,scan_doc,1
KCI_FI002028809,fail_block,16,33,0,0,1,1.0,0,short_ok,1,scan_doc,1
KCI_FI002028809,fail_block,17,33,0,0,1,1.0,0,short_ok,1,scan_doc,1
KCI_FI002028809,fail_block,18,33,0,0,1,1.0,0,short_ok,1,scan_doc,1
KCI_FI002028809,fail_block,19,33,0,0,1,1.0,0,short_ok,1,scan_doc,1
KCI_FI002028809,fail_block,20,33,0,0,1,1.0,0,short_ok,1,scan_doc,1
KCI_FI002028809,fail_block,21,33,0,0,1,1.0,0,short_ok,1,scan_doc,1
KCI_FI002028811,fail_block,0,33,0,0,1,1.0,0,short_ok,1,scan_doc,1
KCI_FI002028811,fail_block,1,33,0,0,1,1.0,0,short_ok,1,scan_doc,1
KCI_FI002028811,fail_block,2,33,0,0,1,1.0,0,short_ok,1,scan_doc,1
KCI_FI002028811,fail_block,3,33,0,0,1,1.0,0,short_ok,1,scan_doc,1
KCI_FI002028811,fail_block,4,33,0,0,1,1.0,0,short_ok,1,scan_doc,1
KCI_FI002028811,fail_block,5,33,0,0,1,1.0,0,short_ok,1,scan_doc,1
KCI_FI002028811,fail_block,6,33,0,0,1,1.0,0,short_ok,1,scan_doc,1
KCI_FI002028811,fail_block,7,33,0,0,1,1.0,0,short_ok,1,scan_doc,1
KCI_FI002028811,fail_block,8,33,0,0,1,1.0,0,short_ok,1,scan_doc,1
KCI_FI002028811,fail_block,9,33,0,0,1,1.0,0,short_ok,1,scan_doc,1
KCI_FI002028811,fail_block,10,33,0,0,1,1.0,0,short_ok,1,scan_doc,1
KCI_FI002028811,fail_block,11,33,0,0,1,1.0,0,short_ok,1,scan_doc,1
KCI_FI002028811,fail_block,12,33,0,0,1,1.0,0,short_ok,1,scan_doc,1
KCI_FI002028811,fail_block,13,33,0,0,1,1.0,0,short_ok,1,scan_doc,1
KCI_FI002028811,fail_block,14,33,0,0,1,1.0,0,short_ok,1,scan_doc,1
KCI_FI002028811,fail_block,15,33,0,0,1,1.0,0,short_ok,1,scan_doc,1
KCI_FI002028811,fail_block,16,33,0,0,1,1.0,0,short_ok,1,scan_doc,1
KCI_FI002028811,fail_block,17,33,0,0,1,1.0,0,short_ok,1,scan_doc,1
KCI_FI002028811,fail_block,18,33,0,0,1,1.0,0,short_ok,1,scan_doc,1
KCI_FI002028811,fail_block,19,33,0,0,1,1.0,0,short_ok,1,scan_doc,1
KCI_FI002028811,fail_block,20,33,0,0,1,1.0,0,short_ok,1,scan_doc,1
KCI_FI002028811,fail_block,21,33,0,0,1,1.0,0,short_ok,1,scan_doc,1
KCI_FI002028811,fail_block,22,33,0,0,1,1.0,0,short_ok,1,scan_doc,1
KCI_FI002028811,fail_block,23,33,0,0,1,1.0,0,short_ok,1,scan_doc,1
KCI_FI002028805,fail_block,0,33,0,0,1,1.0,0,short_ok,1,scan_doc,1
KCI_FI002028805,fail_block,1,33,0,0,1,1.0,0,short_ok,1,scan_doc,1
KCI_FI002028805,fail_block,2,33,0,0,1,1.0,0,short_ok,1,scan_doc,1
KCI_FI002028805,fail_block,3,33,0,0,1,1.0,0,short_ok,1,scan_doc,1
KCI_FI002028805,fail_block,4,33,0,0,1,1.0,0,short_ok,1,scan_doc,1
KCI_FI002028805,fail_block,5,33,0,0,1,1.0,0,short_ok,1,scan_doc,1
KCI_FI002028805,fail_block,6,33,0,0,1,1.0,0,short_ok,1,scan_doc,1
KCI_FI002028805,fail_block,7,33,0,0,1,1.0,0,short_ok,1,scan_doc,1
KCI_FI002028805,fail_block,8,33,0,0,1,1.0,0,short_ok,1,scan_doc,1
KCI_FI002028805,fail_block,9,33,0,0,1,1.0,0,short_ok,1,scan_doc,1
KCI_FI002028805,fail_block,10,33,0,0,1,1.0,0,short_ok,1,scan_doc,1
KCI_FI002028805,fail_block,11,33,0,0,1,1.0,0,short_ok,1,scan_doc,1
KCI_FI002028805,fail_block,12,33,0,0,1,1.0,0,short_ok,1,scan_doc,1
KCI_FI002028805,fail_block,13,33,0,0,1,1.0,0,short_ok,1,scan_doc,1
KCI_FI002028805,fail_block,14,33,0,0,1,1.0,0,short_ok,1,scan_doc,1
KCI_FI002028805,fail_block,15,33,0,0,1,1.0,0,short_ok,1,scan_doc,1
KCI_FI002028805,fail_block,16,33,0,0,1,1.0,0,short_ok,1,scan_doc,1
KCI_FI002028805,fail_block,17,33,0,0,1,1.0,0,short_ok,1,scan_doc,1
KCI_FI002028805,fail_block,18,33,0,0,1,1.0,0,short_ok,1,scan_doc,1
KCI_FI002028805,fail_block,19,33,0,0,1,1.0,0,short_ok,1,scan_doc,1
KCI_FI002028805,fail_block,20,33,0,0,1,1.0,0,short_ok,1,scan_doc,1
KCI_FI002028805,fail_block,21,33,0,0,1,1.0,0,short_ok,1,scan_doc,1
KCI_FI002028805,fail_block,22,33,0,0,1,1.0,0,short_ok,1,scan_doc,1
KCI_FI002028805,fail_block,23,33,0,0,1,1.0,0,short_ok,1,scan_doc,1
KCI_FI002028805,fail_block,24,33,0,0,1,1.0,0,short_ok,1,scan_doc,1
KCI_FI002028805,fail_block,25,33,0,0,1,1.0,0,short_ok,1,scan_doc,1
KCI_FI002028805,fail_block,26,33,0,0,1,1.0,0,short_ok,1,scan_doc,1
KCI_FI002028805,fail_block,27,33,0,0,1,1.0,0,short_ok,1,scan_doc,1
KCI_FI002028805,fail_block,28,33,0,0,1,1.0,0,short_ok,1,scan_doc,1
KCI_FI002028805,fail_block,29,33,0,0,1,1.0,0,short_ok,1,scan_doc,1
KCI_FI002028805,fail_block,30,33,0,0,1,1.0,0,short_ok,1,scan_doc,1
KCI_FI002028805,fail_block,31,33,0,0,1,1.0,0,short_ok,1,scan_doc,1
KCI_FI002028805,fail_block,32,33,0,0,1,1.0,0,short_ok,1,scan_doc,1
KCI_FI002028802,fail_block,0,33,0,0,1,1.0,0,short_ok,1,scan_doc,1
KCI_FI002028802,fail_block,1,33,0,0,1,1.0,0,short_ok,1,scan_doc,1
KCI_FI002028802,fail_block,2,33,0,0,1,1.0,0,short_ok,1,scan_doc,1
KCI_FI002028802,fail_block,3,33,0,0,1,1.0,0,short_ok,1,scan_doc,1
KCI_FI002028802,fail_block,4,33,0,0,1,1.0,0,short_ok,1,scan_doc,1
KCI_FI002028802,fail_block,5,33,0,0,1,1.0,0,short_ok,1,scan_doc,1
KCI_FI002028802,fail_block,6,33,0,0,1,1.0,0,short_ok,1,scan_doc,1
KCI_FI002028802,fail_block,7,33,0,0,1,1.0,0,short_ok,1,scan_doc,1
KCI_FI002028802,fail_block,8,33,0,0,1,1.0,0,short_ok,1,scan_doc,1
KCI_FI002028802,fail_block,9,33,0,0,1,1.0,0,short_ok,1,scan_doc,1
KCI_FI002028802,fail_block,10,33,0,0,1,1.0,0,short_ok,1,scan_doc,1
KCI_FI002028802,fail_block,11,33,0,0,1,1.0,0,short_ok,1,scan_doc,1
KCI_FI002028802,fail_block,12,33,0,0,1,1.0,0,short_ok,1,scan_doc,1
KCI_FI002028802,fail_block,13,33,0,0,1,1.0,0,short_ok,1,scan_doc,1
KCI_FI002028802,fail_block,14,33,0,0,1,1.0,0,short_ok,1,scan_doc,1
KCI_FI002028802,fail_block,15,33,0,0,1,1.0,0,short_ok,1,scan_doc,1
KCI_FI002028802,fail_block,16,33,0,0,1,1.0,0,short_ok,1,scan_doc,1
KCI_FI002028802,fail_block,17,33,0,0,1,1.0,0,short_ok,1,scan_doc,1
KCI_FI002028802,fail_block,18,33,0,0,1,1.0,0,short_ok,1,scan_doc,1
KCI_FI002028802,fail_block,19,33,0,0,1,1.0,0,short_ok,1,scan_doc,1
KCI_FI002028802,fail_block,20,33,0,0,1,1.0,0,short_ok,1,scan_doc,1
KCI_FI002028802,fail_block,21,33,0,0,1,1.0,0,short_ok,1,scan_doc,1
KCI_FI002028802,fail_block,22,33,0,0,1,1.0,0,short_ok,1,scan_doc,1
KCI_FI002028802,fail_block,23,33,0,0,1,1.0,0,short_ok,1,scan_doc,1
KCI_FI002028802,fail_block,24,33,0,0,1,1.0,0,short_ok,1,scan_doc,1
KCI_FI002028802,fail_block,25,33,0,0,1,1.0,0,short_ok,1,scan_doc,1
KCI_FI002028802,fail_block,26,33,0,0,1,1.0,0,short_ok,1,scan_doc,1
KCI_FI002028802,fail_block,27,33,0,0,1,1.0,0,short_ok,1,scan_doc,1
KCI_FI002028802,fail_block,28,33,0,0,1,1.0,0,short_ok,1,scan_doc,1
KCI_FI002028802,fail_block,29,33,0,0,1,1.0,0,short_ok,1,scan_doc,1
KCI_FI002028802,fail_block,30,33,0,0,1,1.0,0,short_ok,1,scan_doc,1
KCI_FI002028802,fail_block,31,33,0,0,1,1.0,0,short_ok,1,scan_doc,1
KCI_FI002028802,fail_block,32,33,0,0,1,1.0,0,short_ok,1,scan_doc,1
KCI_FI002028802,fail_block,33,33,0,0,1,1.0,0,short_ok,1,scan_doc,1
KCI_FI002028802,fail_block,34,33,0,0,1,1.0,0,short_ok,1,scan_doc,1
KCI_FI002028812,fail_block,0,33,0,0,1,1.0,0,short_ok,1,scan_doc,1
KCI_FI002028812,fail_block,1,33,0,0,1,1.0,0,short_ok,1,scan_doc,1
KCI_FI002028812,fail_block,2,33,0,0,1,1.0,0,short_ok,1,scan_doc,1
KCI_FI002028812,fail_block,3,33,0,0,1,1.0,0,short_ok,1,scan_doc,1
KCI_FI002028812,fail_block,4,33,0,0,1,1.0,0,short_ok,1,scan_doc,1
KCI_FI002028812,fail_block,5,33,0,0,1,1.0,0,short_ok,1,scan_doc,1
KCI_FI002028812,fail_block,6,33,0,0,1,1.0,0,short_ok,1,scan_doc,1
KCI_FI002028812,fail_block,7,33,0,0,1,1.0,0,short_ok,1,scan_doc,1
KCI_FI002028812,fail_block,8,33,0,0,1,1.0,0,short_ok,1,scan_doc,1
KCI_FI002028812,fail_block,9,33,0,0,1,1.0,0,short_ok,1,scan_doc,1
KCI_FI002028812,fail_block,10,33,0,0,1,1.0,0,short_ok,1,scan_doc,1
KCI_FI002028812,fail_block,11,33,0,0,1,1.0,0,short_ok,1,scan_doc,1
KCI_FI002028812,fail_block,12,33,0,0,1,1.0,0,short_ok,1,scan_doc,1
KCI_FI002028812,fail_block,13,33,0,0,1,1.0,0,short_ok,1,scan_doc,1
KCI_FI002028812,fail_block,14,33,0,0,1,1.0,0,short_ok,1,scan_doc,1
KCI_FI002028812,fail_block,15,33,0,0,1,1.0,0,short_ok,1,scan_doc,1
KCI_FI002028812,fail_block,16,33,0,0,1,1.0,0,short_ok,1,scan_doc,1
KCI_FI002028812,fail_block,17,33,0,0,1,1.0,0,short_ok,1,scan_doc,1
KCI_FI002028812,fail_block,18,33,0,0,1,1.0,0,short_ok,1,scan_doc,1
KCI_FI002028812,fail_block,19,33,0,0,1,1.0,0,short_ok,1,scan_doc,1
KCI_FI002028812,fail_block,20,33,0,0,1,1.0,0,short_ok,1,scan_doc,1
KCI_FI002028812,fail_block,21,33,0,0,1,1.0,0,short_ok,1,scan_doc,1
KCI_FI002028812,fail_block,22,33,0,0,1,1.0,0,short_ok,1,scan_doc,1
KCI_FI002028810,fail_block,0,33,0,0,1,1.0,0,short_ok,1,scan_doc,1
KCI_FI002028810,fail_block,1,33,0,0,1,1.0,0,short_ok,1,scan_doc,1
KCI_FI002028810,fail_block,2,33,0,0,1,1.0,0,short_ok,1,scan_doc,1
KCI_FI002028810,fail_block,3,33,0,0,1,1.0,0,short_ok,1,scan_doc,1
KCI_FI002028810,fail_block,4,33,0,0,1,1.0,0,short_ok,1,scan_doc,1
KCI_FI002028810,fail_block,5,33,0,0,1,1.0,0,short_ok,1,scan_doc,1
KCI_FI002028810,fail_block,6,33,0,0,1,1.0,0,short_ok,1,scan_doc,1
KCI_FI002028810,fail_block,7,33,0,0,1,1.0,0,short_ok,1,scan_doc,1
KCI_FI002028810,fail_block,8,33,0,0,1,1.0,0,short_ok,1,scan_doc,1
KCI_FI002028810,fail_block,9,33,0,0,1,1.0,0,short_ok,1,scan_doc,1
KCI_FI002028810,fail_block,10,33,0,0,1,1.0,0,short_ok,1,scan_doc,1
KCI_FI002028810,fail_block,11,33,0,0,1,1.0,0,short_ok,1,scan_doc,1
KCI_FI002028818,fail_block,0,33,0,0,1,1.0,0,short_ok,1,scan_doc,1
KCI_FI002028818,fail_block,1,33,0,0,1,1.0,0,short_ok,1,scan_doc,1
KCI_FI002028818,fail_block,2,33,0,0,1,1.0,0,short_ok,1,scan_doc,1
KCI_FI002028818,fail_block,3,33,0,0,1,1.0,0,short_ok,1,scan_doc,1
KCI_FI002028818,fail_block,4,33,0,0,1,1.0,0,short_ok,1,scan_doc,1
KCI_FI002028818,fail_block,5,33,0,0,1,1.0,0,short_ok,1,scan_doc,1
KCI_FI002028818,fail_block,6,33,0,0,1,1.0,0,short_ok,1,scan_doc,1
KCI_FI002028818,fail_block,7,33,0,0,1,1.0,0,short_ok,1,scan_doc,1
KCI_FI002028818,fail_block,8,33,0,0,1,1.0,0,short_ok,1,scan_doc,1
KCI_FI002028818,fail_block,9,33,0,0,1,1.0,0,short_ok,1,scan_doc,1
KCI_FI002028818,fail_block,10,33,0,0,1,1.0,0,short_ok,1,scan_doc,1
KCI_FI002028818,fail_block,11,33,0,0,1,1.0,0,short_ok,1,scan_doc,1
KCI_FI002028818,fail_block,12,33,0,0,1,1.0,0,short_ok,1,scan_doc,1
KCI_FI002028818,fail_block,13,33,0,0,1,1.0,0,short_ok,1,scan_doc,1
KCI_FI002028818,fail_block,14,33,0,0,1,1.0,0,short_ok,1,scan_doc,1
KCI_FI002028818,fail_block,15,33,0,0,1,1.0,0,short_ok,1,scan_doc,1
KCI_FI002028818,fail_block,16,33,0,0,1,1.0,0,short_ok,1,scan_doc,1
KCI_FI002028818,fail_block,17,33,0,0,1,1.0,0,short_ok,1,scan_doc,1
KCI_FI002028818,fail_block,18,33,0,0,1,1.0,0,short_ok,1,scan_doc,1
KCI_FI002028818,fail_block,19,33,0,0,1,1.0,0,short_ok,1,scan_doc,1
KCI_FI002028818,fail_block,20,33,0,0,1,1.0,0,short_ok,1,scan_doc,1
KCI_FI002028818,fail_block,21,33,0,0,1,1.0,0,short_ok,1,scan_doc,1
KCI_FI002028818,fail_block,22,33,0,0,1,1.0,0,short_ok,1,scan_doc,1
KCI_FI002028818,fail_block,23,33,0,0,1,1.0,0,short_ok,1,scan_doc,1
KCI_FI002028779,fail_block,0,33,0,0,1,1.0,0,short_ok,1,scan_doc,1
KCI_FI002028779,fail_block,1,33,0,0,1,1.0,0,short_ok,1,scan_doc,1
KCI_FI002028779,fail_block,2,33,0,0,1,1.0,0,short_ok,1,scan_doc,1
KCI_FI002028779,fail_block,3,33,0,0,1,1.0,0,short_ok,1,scan_doc,1
KCI_FI002028779,fail_block,4,33,0,0,1,1.0,0,short_ok,1,scan_doc,1
KCI_FI002028779,fail_block,5,33,0,0,1,1.0,0,short_ok,1,scan_doc,1
KCI_FI002028779,fail_block,6,33,0,0,1,1.0,0,short_ok,1,scan_doc,1
KCI_FI002028779,fail_block,7,33,0,0,1,1.0,0,short_ok,1,scan_doc,1
KCI_FI002028779,fail_block,8,33,0,0,1,1.0,0,short_ok,1,scan_doc,1
KCI_FI002028779,fail_block,9,33,0,0,1,1.0,0,short_ok,1,scan_doc,1
KCI_FI002028779,fail_block,10,33,0,0,1,1.0,0,short_ok,1,scan_doc,1
KCI_FI002028779,fail_block,11,33,0,0,1,1.0,0,short_ok,1,scan_doc,1
KCI_FI002028779,fail_block,12,33,0,0,1,1.0,0,short_ok,1,scan_doc,1
KCI_FI002028779,fail_block,13,33,0,0,1,1.0,0,short_ok,1,scan_doc,1
KCI_FI002028779,fail_block,14,33,0,0,1,1.0,0,short_ok,1,scan_doc,1
KCI_FI002028779,fail_block,15,33,0,0,1,1.0,0,short_ok,1,scan_doc,1
KCI_FI002028779,fail_block,16,33,0,0,1,1.0,0,short_ok,1,scan_doc,1
KCI_FI002028779,fail_block,17,33,0,0,1,1.0,0,short_ok,1,scan_doc,1
KCI_FI002028779,fail_block,18,33,0,0,1,1.0,0,short_ok,1,scan_doc,1
KCI_FI002028779,fail_block,19,33,0,0,1,1.0,0,short_ok,1,scan_doc,1
KCI_FI002028779,fail_block,20,33,0,0,1,1.0,0,short_ok,1,scan_doc,1
KCI_FI002028779,fail_block,21,33,0,0,1,1.0,0,short_ok,1,scan_doc,1
KCI_FI002028779,fail_block,22,33,0,0,1,1.0,0,short_ok,1,scan_doc,1
KCI_FI002028779,fail_block,23,33,0,0,1,1.0,0,short_ok,1,scan_doc,1
KCI_FI002028779,fail_block,24,33,0,0,1,1.0,0,short_ok,1,scan_doc,1
KCI_FI002028779,fail_block,25,33,0,0,1,1.0,0,short_ok,1,scan_doc,1
KCI_FI002028779,fail_block,26,33,0,0,1,1.0,0,short_ok,1,scan_doc,1
KCI_FI002028779,fail_block,27,33,0,0,1,1.0,0,short_ok,1,scan_doc,1
KCI_FI002028779,fail_block,28,33,0,0,1,1.0,0,short_ok,1,scan_doc,1
KCI_FI002028779,fail_block,29,33,0,0,1,1.0,0,short_ok,1,scan_doc,1
KCI_FI002028750,fail_block,0,33,0,0,1,1.0,0,short_ok,1,scan_doc,1
KCI_FI002028750,fail_block,1,33,0,0,1,1.0,0,short_ok,1,scan_doc,1
KCI_FI002028750,fail_block,2,33,0,0,1,1.0,0,short_ok,1,scan_doc,1
KCI_FI002028750,fail_block,3,33,0,0,1,1.0,0,short_ok,1,scan_doc,1
KCI_FI002028750,fail_block,4,33,0,0,1,1.0,0,short_ok,1,scan_doc,1
KCI_FI002028750,fail_block,5,33,0,0,1,1.0,0,short_ok,1,scan_doc,1
KCI_FI002028750,fail_block,6,33,0,0,1,1.0,0,short_ok,1,scan_doc,1
KCI_FI002028750,fail_block,7,33,0,0,1,1.0,0,short_ok,1,scan_doc,1
KCI_FI002028750,fail_block,8,33,0,0,1,1.0,0,short_ok,1,scan_doc,1
KCI_FI002028750,fail_block,9,33,0,0,1,1.0,0,short_ok,1,scan_doc,1
KCI_FI002028750,fail_block,10,33,0,0,1,1.0,0,short_ok,1,scan_doc,1
KCI_FI002028750,fail_block,11,33,0,0,1,1.0,0,short_ok,1,scan_doc,1
KCI_FI002028750,fail_block,12,33,0,0,1,1.0,0,short_ok,1,scan_doc,1
KCI_FI002028750,fail_block,13,33,0,0,1,1.0,0,short_ok,1,scan_doc,1
KCI_FI002028758,fail_block,0,33,0,0,1,1.0,0,short_ok,1,scan_doc,1
KCI_FI002028758,fail_block,1,33,0,0,1,1.0,0,short_ok,1,scan_doc,1
KCI_FI002028758,fail_block,2,33,0,0,1,1.0,0,short_ok,1,scan_doc,1
KCI_FI002028758,fail_block,3,33,0,0,1,1.0,0,short_ok,1,scan_doc,1
KCI_FI002028758,fail_block,4,33,0,0,1,1.0,0,short_ok,1,scan_doc,1
KCI_FI002028758,fail_block,5,33,0,0,1,1.0,0,short_ok,1,scan_doc,1
KCI_FI002028758,fail_block,6,33,0,0,1,1.0,0,short_ok,1,scan_doc,1
KCI_FI002028758,fail_block,7,33,0,0,1,1.0,0,short_ok,1,scan_doc,1
KCI_FI002028758,fail_block,8,33,0,0,1,1.0,0,short_ok,1,scan_doc,1
KCI_FI002028758,fail_block,9,33,0,0,1,1.0,0,short_ok,1,scan_doc,1
KCI_FI002028758,fail_block,10,33,0,0,1,1.0,0,short_ok,1,scan_doc,1
KCI_FI002028758,fail_block,11,33,0,0,1,1.0,0,short_ok,1,scan_doc,1
KCI_FI002028758,fail_block,12,33,0,0,1,1.0,0,short_ok,1,scan_doc,1
KCI_FI002028758,fail_block,13,33,0,0,1,1.0,0,short_ok,1,scan_doc,1
KCI_FI002028758,fail_block,14,33,0,0,1,1.0,0,short_ok,1,scan_doc,1
KCI_FI002028758,fail_block,15,33,0,0,1,1.0,0,short_ok,1,scan_doc,1
KCI_FI002028758,fail_block,16,33,0,0,1,1.0,0,short_ok,1,scan_doc,1
KCI_FI002028758,fail_block,17,33,0,0,1,1.0,0,short_ok,1,scan_doc,1
KCI_FI002028758,fail_block,18,33,0,0,1,1.0,0,short_ok,1,scan_doc,1
KCI_FI002028758,fail_block,19,33,0,0,1,1.0,0,short_ok,1,scan_doc,1
KCI_FI002028758,fail_block,20,33,0,0,1,1.0,0,short_ok,1,scan_doc,1
KCI_FI002028763,fail_block,0,33,0,0,1,1.0,0,short_ok,1,scan_doc,1
KCI_FI002028763,fail_block,1,33,0,0,1,1.0,0,short_ok,1,scan_doc,1
KCI_FI002028763,fail_block,2,33,0,0,1,1.0,0,short_ok,1,scan_doc,1
KCI_FI002028763,fail_block,3,33,0,0,1,1.0,0,short_ok,1,scan_doc,1
KCI_FI002028763,fail_block,4,33,0,0,1,1.0,0,short_ok,1,scan_doc,1
KCI_FI002028763,fail_block,5,33,0,0,1,1.0,0,short_ok,1,scan_doc,1
KCI_FI002028763,fail_block,6,33,0,0,1,1.0,0,short_ok,1,scan_doc,1
KCI_FI002028763,fail_block,7,33,0,0,1,1.0,0,short_ok,1,scan_doc,1
KCI_FI002028763,fail_block,8,33,0,0,1,1.0,0,short_ok,1,scan_doc,1
KCI_FI002028763,fail_block,9,33,0,0,1,1.0,0,short_ok,1,scan_doc,1
KCI_FI002028763,fail_block,10,33,0,0,1,1.0,0,short_ok,1,scan_doc,1
KCI_FI002028763,fail_block,11,33,0,0,1,1.0,0,short_ok,1,scan_doc,1
KCI_FI002028763,fail_block,12,33,0,0,1,1.0,0,short_ok,1,scan_doc,1
KCI_FI002028763,fail_block,13,33,0,0,1,1.0,0,short_ok,1,scan_doc,1
KCI_FI002028763,fail_block,14,33,0,0,1,1.0,0,short_ok,1,scan_doc,1
KCI_FI002028763,fail_block,15,33,0,0,1,1.0,0,short_ok,1,scan_doc,1
KCI_FI002028763,fail_block,16,33,0,0,1,1.0,0,short_ok,1,scan_doc,1
KCI_FI002028763,fail_block,17,33,0,0,1,1.0,0,short_ok,1,scan_doc,1
KCI_FI002028763,fail_block,18,33,0,0,1,1.0,0,short_ok,1,scan_doc,1
KCI_FI002028763,fail_block,19,33,0,0,1,1.0,0,short_ok,1,scan_doc,1
KCI_FI002028763,fail_block,20,33,0,0,1,1.0,0,short_ok,1,scan_doc,1
KCI_FI002028763,fail_block,21,33,0,0,1,1.0,0,short_ok,1,scan_doc,1
KCI_FI002028763,fail_block,22,33,0,0,1,1.0,0,short_ok,1,scan_doc,1
KCI_FI002028763,fail_block,23,33,0,0,1,1.0,0,short_ok,1,scan_doc,1
KCI_FI002028763,fail_block,24,33,0,0,1,1.0,0,short_ok,1,scan_doc,1
KCI_FI002028763,fail_block,25,33,0,0,1,1.0,0,short_ok,1,scan_doc,1
KCI_FI002028763,fail_block,26,33,0,0,1,1.0,0,short_ok,1,scan_doc,1
KCI_FI002028763,fail_block,27,33,0,0,1,1.0,0,short_ok,1,scan_doc,1
KCI_FI002028763,fail_block,28,33,0,0,1,1.0,0,short_ok,1,scan_doc,1
KCI_FI002028763,fail_block,29,33,0,0,1,1.0,0,short_ok,1,scan_doc,1
KCI_FI002028763,fail_block,30,33,0,0,1,1.0,0,short_ok,1,scan_doc,1
KCI_FI002028763,fail_block,31,33,0,0,1,1.0,0,short_ok,1,scan_doc,1
KCI_FI002028763,fail_block,32,33,0,0,1,1.0,0,short_ok,1,scan_doc,1
KCI_FI002028763,fail_block,33,33,0,0,1,1.0,0,short_ok,1,scan_doc,1
KCI_FI002028763,fail_block,34,33,0,0,1,1.0,0,short_ok,1,scan_doc,1
KCI_FI002028763,fail_block,35,33,0,0,1,1.0,0,short_ok,1,scan_doc,1
KCI_FI002028763,fail_block,36,33,0,0,1,1.0,0,short_ok,1,scan_doc,1
KCI_FI002028763,fail_block,37,33,0,0,1,1.0,0,short_ok,1,scan_doc,1
KCI_FI002028763,fail_block,38,33,0,0,1,1.0,0,short_ok,1,scan_doc,1
KCI_FI002028763,fail_block,39,33,0,0,1,1.0,0,short_ok,1,scan_doc,1
KCI_FI002028763,fail_block,40,33,0,0,1,1.0,0,short_ok,1,scan_doc,1
KCI_FI002028763,fail_block,41,33,0,0,1,1.0,0,short_ok,1,scan_doc,1
KCI_FI002028763,fail_block,42,33,0,0,1,1.0,0,short_ok,1,scan_doc,1
KCI_FI002028763,fail_block,43,33,0,0,1,1.0,0,short_ok,1,scan_doc,1
KCI_FI002028763,fail_block,44,33,0,0,1,1.0,0,short_ok,1,scan_doc,1
KCI_FI002028763,fail_block,45,33,0,0,1,1.0,0,short_ok,1,scan_doc,1
KCI_FI002028763,fail_block,46,33,0,0,1,1.0,0,short_ok,1,scan_doc,1
KCI_FI002028763,fail_block,47,33,0,0,1,1.0,0,short_ok,1,scan_doc,1
KCI_FI002028763,fail_block,48,33,0,0,1,1.0,0,short_ok,1,scan_doc,1
KCI_FI002028766,fail_block,0,33,0,0,1,1.0,0,short_ok,1,scan_doc,1
KCI_FI002028766,fail_block,1,33,0,0,1,1.0,0,short_ok,1,scan_doc,1
KCI_FI002028766,fail_block,2,33,0,0,1,1.0,0,short_ok,1,scan_doc,1
KCI_FI002028766,fail_block,3,33,0,0,1,1.0,0,short_ok,1,scan_doc,1
KCI_FI002028766,fail_block,4,33,0,0,1,1.0,0,short_ok,1,scan_doc,1
KCI_FI002028766,fail_block,5,33,0,0,1,1.0,0,short_ok,1,scan_doc,1
KCI_FI002028766,fail_block,6,33,0,0,1,1.0,0,short_ok,1,scan_doc,1
KCI_FI002028766,fail_block,7,33,0,0,1,1.0,0,short_ok,1,scan_doc,1
KCI_FI002028766,fail_block,8,33,0,0,1,1.0,0,short_ok,1,scan_doc,1
KCI_FI002028766,fail_block,9,33,0,0,1,1.0,0,short_ok,1,scan_doc,1
KCI_FI002028766,fail_block,10,33,0,0,1,1.0,0,short_ok,1,scan_doc,1
KCI_FI002028766,fail_block,11,33,0,0,1,1.0,0,short_ok,1,scan_doc,1
KCI_FI002028766,fail_block,12,33,0,0,1,1.0,0,short_ok,1,scan_doc,1
KCI_FI002028766,fail_block,13,33,0,0,1,1.0,0,short_ok,1,scan_doc,1
KCI_FI002028766,fail_block,14,33,0,0,1,1.0,0,short_ok,1,scan_doc,1
KCI_FI002028766,fail_block,15,33,0,0,1,1.0,0,short_ok,1,scan_doc,1
KCI_FI002028766,fail_block,16,33,0,0,1,1.0,0,short_ok,1,scan_doc,1
KCI_FI002028766,fail_block,17,33,0,0,1,1.0,0,short_ok,1,scan_doc,1
KCI_FI002028766,fail_block,18,33,0,0,1,1.0,0,short_ok,1,scan_doc,1
KCI_FI002028766,fail_block,19,33,0,0,1,1.0,0,short_ok,1,scan_doc,1
KCI_FI002028766,fail_block,20,33,0,0,1,1.0,0,short_ok,1,scan_doc,1
KCI_FI002028766,fail_block,21,33,0,0,1,1.0,0,short_ok,1,scan_doc,1
KCI_FI002028766,fail_block,22,33,0,0,1,1.0,0,short_ok,1,scan_doc,1
KCI_FI002028766,fail_block,23,33,0,0,1,1.0,0,short_ok,1,scan_doc,1
KCI_FI002028766,fail_block,24,33,0,0,1,1.0,0,short_ok,1,scan_doc,1
KCI_FI002028766,fail_block,25,33,0,0,1,1.0,0,short_ok,1,scan_doc,1
KCI_FI002028766,fail_block,26,33,0,0,1,1.0,0,short_ok,1,scan_doc,1
KCI_FI002028756,fail_block,0,33,0,0,1,1.0,0,short_ok,1,scan_doc,1
KCI_FI002028756,fail_block,1,33,0,0,1,1.0,0,short_ok,1,scan_doc,1
KCI_FI002028756,fail_block,2,33,0,0,1,1.0,0,short_ok,1,scan_doc,1
KCI_FI002028756,fail_block,3,33,0,0,1,1.0,0,short_ok,1,scan_doc,1
KCI_FI002028756,fail_block,4,33,0,0,1,1.0,0,short_ok,1,scan_doc,1
KCI_FI002028756,fail_block,5,33,0,0,1,1.0,0,short_ok,1,scan_doc,1
KCI_FI002028756,fail_block,6,33,0,0,1,1.0,0,short_ok,1,scan_doc,1
KCI_FI002028756,fail_block,7,33,0,0,1,1.0,0,short_ok,1,scan_doc,1
KCI_FI002028756,fail_block,8,33,0,0,1,1.0,0,short_ok,1,scan_doc,1
KCI_FI002028756,fail_block,9,33,0,0,1,1.0,0,short_ok,1,scan_doc,1
KCI_FI002028756,fail_block,10,33,0,0,1,1.0,0,short_ok,1,scan_doc,1
KCI_FI002028756,fail_block,11,33,0,0,1,1.0,0,short_ok,1,scan_doc,1
KCI_FI002028756,fail_block,12,33,0,0,1,1.0,0,short_ok,1,scan_doc,1
KCI_FI002028756,fail_block,13,33,0,0,1,1.0,0,short_ok,1,scan_doc,1
KCI_FI002028756,fail_block,14,33,0,0,1,1.0,0,short_ok,1,scan_doc,1
KCI_FI002028756,fail_block,15,33,0,0,1,1.0,0,short_ok,1,scan_doc,1
KCI_FI002028756,fail_block,16,33,0,0,1,1.0,0,short_ok,1,scan_doc,1
KCI_FI002028756,fail_block,17,33,0,0,1,1.0,0,short_ok,1,scan_doc,1
KCI_FI002028756,fail_block,18,33,0,0,1,1.0,0,short_ok,1,scan_doc,1
KCI_FI002028756,fail_block,19,33,0,0,1,1.0,0,short_ok,1,scan_doc,1
KCI_FI002028756,fail_block,20,33,0,0,1,1.0,0,short_ok,1,scan_doc,1
KCI_FI002028756,fail_block,21,33,0,0,1,1.0,0,short_ok,1,scan_doc,1
KCI_FI002028756,fail_block,22,33,0,0,1,1.0,0,short_ok,1,scan_doc,1
KCI_FI002028756,fail_block,23,33,0,0,1,1.0,0,short_ok,1,scan_doc,1
KCI_FI002028775,fail_block,0,33,0,0,1,1.0,0,short_ok,1,scan_doc,1
KCI_FI002028775,fail_block,1,33,0,0,1,1.0,0,short_ok,1,scan_doc,1
KCI_FI002028775,fail_block,2,33,0,0,1,1.0,0,short_ok,1,scan_doc,1
KCI_FI002028775,fail_block,3,33,0,0,1,1.0,0,short_ok,1,scan_doc,1
KCI_FI002028775,fail_block,4,33,0,0,1,1.0,0,short_ok,1,scan_doc,1
KCI_FI002028775,fail_block,5,33,0,0,1,1.0,0,short_ok,1,scan_doc,1
KCI_FI002028775,fail_block,6,33,0,0,1,1.0,0,short_ok,1,scan_doc,1
KCI_FI002028775,fail_block,7,33,0,0,1,1.0,0,short_ok,1,scan_doc,1
KCI_FI002028775,fail_block,8,33,0,0,1,1.0,0,short_ok,1,scan_doc,1
KCI_FI002028775,fail_block,9,33,0,0,1,1.0,0,short_ok,1,scan_doc,1
KCI_FI002028775,fail_block,10,33,0,0,1,1.0,0,short_ok,1,scan_doc,1
KCI_FI002028775,fail_block,11,33,0,0,1,1.0,0,short_ok,1,scan_doc,1
KCI_FI002028775,fail_block,12,33,0,0,1,1.0,0,short_ok,1,scan_doc,1
KCI_FI002028775,fail_block,13,33,0,0,1,1.0,0,short_ok,1,scan_doc,1
KCI_FI002028775,fail_block,14,33,0,0,1,1.0,0,short_ok,1,scan_doc,1
KCI_FI002028775,fail_block,15,33,0,0,1,1.0,0,short_ok,1,scan_doc,1
KCI_FI002028775,fail_block,16,33,0,0,1,1.0,0,short_ok,1,scan_doc,1
KCI_FI002028775,fail_block,17,33,0,0,1,1.0,0,short_ok,1,scan_doc,1
KCI_FI002028775,fail_block,18,33,0,0,1,1.0,0,short_ok,1,scan_doc,1
KCI_FI002028775,fail_block,19,33,0,0,1,1.0,0,short_ok,1,scan_doc,1
KCI_FI002028775,fail_block,20,33,0,0,1,1.0,0,short_ok,1,scan_doc,1
KCI_FI002028777,fail_block,0,33,0,0,1,1.0,0,short_ok,1,scan_doc,1
KCI_FI002028777,fail_block,1,33,0,0,1,1.0,0,short_ok,1,scan_doc,1
KCI_FI002028777,fail_block,2,33,0,0,1,1.0,0,short_ok,1,scan_doc,1
KCI_FI002028777,fail_block,3,33,0,0,1,1.0,0,short_ok,1,scan_doc,1
KCI_FI002028777,fail_block,4,33,0,0,1,1.0,0,short_ok,1,scan_doc,1
KCI_FI002028777,fail_block,5,33,0,0,1,1.0,0,short_ok,1,scan_doc,1
KCI_FI002028777,fail_block,6,33,0,0,1,1.0,0,short_ok,1,scan_doc,1
KCI_FI002028777,fail_block,7,33,0,0,1,1.0,0,short_ok,1,scan_doc,1
KCI_FI002028777,fail_block,8,33,0,0,1,1.0,0,short_ok,1,scan_doc,1
KCI_FI002028777,fail_block,9,33,0,0,1,1.0,0,short_ok,1,scan_doc,1
KCI_FI002028777,fail_block,10,33,0,0,1,1.0,0,short_ok,1,scan_doc,1
KCI_FI002028777,fail_block,11,33,0,0,1,1.0,0,short_ok,1,scan_doc,1
KCI_FI002028777,fail_block,12,33,0,0,1,1.0,0,short_ok,1,scan_doc,1
KCI_FI002028777,fail_block,13,33,0,0,1,1.0,0,short_ok,1,scan_doc,1
KCI_FI002028777,fail_block,14,33,0,0,1,1.0,0,short_ok,1,scan_doc,1
KCI_FI002028777,fail_block,15,33,0,0,1,1.0,0,short_ok,1,scan_doc,1
KCI_FI002028777,fail_block,16,33,0,0,1,1.0,0,short_ok,1,scan_doc,1
KCI_FI002028768,fail_block,0,33,0,0,1,1.0,0,short_ok,1,scan_doc,1
KCI_FI002028768,fail_block,1,33,0,0,1,1.0,0,short_ok,1,scan_doc,1
KCI_FI002028768,fail_block,2,33,0,0,1,1.0,0,short_ok,1,scan_doc,1
KCI_FI002028768,fail_block,3,33,0,0,1,1.0,0,short_ok,1,scan_doc,1
KCI_FI002028768,fail_block,4,33,0,0,1,1.0,0,short_ok,1,scan_doc,1
KCI_FI002028768,fail_block,5,33,0,0,1,1.0,0,short_ok,1,scan_doc,1
KCI_FI002028768,fail_block,6,33,0,0,1,1.0,0,short_ok,1,scan_doc,1
KCI_FI002028768,fail_block,7,33,0,0,1,1.0,0,short_ok,1,scan_doc,1
KCI_FI002028768,fail_block,8,33,0,0,1,1.0,0,short_ok,1,scan_doc,1
KCI_FI002028768,fail_block,9,33,0,0,1,1.0,0,short_ok,1,scan_doc,1
KCI_FI002028768,fail_block,10,33,0,0,1,1.0,0,short_ok,1,scan_doc,1
KCI_FI002028768,fail_block,11,33,0,0,1,1.0,0,short_ok,1,scan_doc,1
KCI_FI002028768,fail_block,12,33,0,0,1,1.0,0,short_ok,1,scan_doc,1
KCI_FI002028768,fail_block,13,33,0,0,1,1.0,0,short_ok,1,scan_doc,1
KCI_FI002028768,fail_block,14,33,0,0,1,1.0,0,short_ok,1,scan_doc,1
KCI_FI002028768,fail_block,15,33,0,0,1,1.0,0,short_ok,1,scan_doc,1
KCI_FI002028768,fail_block,16,33,0,0,1,1.0,0,short_ok,1,scan_doc,1
KCI_FI002028768,fail_block,17,33,0,0,1,1.0,0,short_ok,1,scan_doc,1
KCI_FI002028768,fail_block,18,33,0,0,1,1.0,0,short_ok,1,scan_doc,1
KCI_FI002028768,fail_block,19,33,0,0,1,1.0,0,short_ok,1,scan_doc,1
KCI_FI002028760,fail_block,0,33,0,0,1,1.0,0,short_ok,1,scan_doc,1
KCI_FI002028760,fail_block,1,33,0,0,1,1.0,0,short_ok,1,scan_doc,1
KCI_FI002028760,fail_block,2,33,0,0,1,1.0,0,short_ok,1,scan_doc,1
KCI_FI002028760,fail_block,3,33,0,0,1,1.0,0,short_ok,1,scan_doc,1
KCI_FI002028760,fail_block,4,33,0,0,1,1.0,0,short_ok,1,scan_doc,1
KCI_FI002028760,fail_block,5,33,0,0,1,1.0,0,short_ok,1,scan_doc,1
KCI_FI002028760,fail_block,6,33,0,0,1,1.0,0,short_ok,1,scan_doc,1
KCI_FI002028760,fail_block,7,33,0,0,1,1.0,0,short_ok,1,scan_doc,1
KCI_FI002028760,fail_block,8,33,0,0,1,1.0,0,short_ok,1,scan_doc,1
KCI_FI002028760,fail_block,9,33,0,0,1,1.0,0,short_ok,1,scan_doc,1
KCI_FI002028760,fail_block,10,33,0,0,1,1.0,0,short_ok,1,scan_doc,1
KCI_FI002028760,fail_block,11,33,0,0,1,1.0,0,short_ok,1,scan_doc,1
KCI_FI002028760,fail_block,12,33,0,0,1,1.0,0,short_ok,1,scan_doc,1
KCI_FI002028760,fail_block,13,33,0,0,1,1.0,0,short_ok,1,scan_doc,1
KCI_FI002028760,fail_block,14,33,0,0,1,1.0,0,short_ok,1,scan_doc,1
KCI_FI002028760,fail_block,15,33,0,0,1,1.0,0,short_ok,1,scan_doc,1
KCI_FI002028760,fail_block,16,33,0,0,1,1.0,0,short_ok,1,scan_doc,1
KCI_FI002028760,fail_block,17,33,0,0,1,1.0,0,short_ok,1,scan_doc,1
KCI_FI002028760,fail_block,18,33,0,0,1,1.0,0,short_ok,1,scan_doc,1
KCI_FI002028760,fail_block,19,33,0,0,1,1.0,0,short_ok,1,scan_doc,1
KCI_FI002028760,fail_block,20,33,0,0,1,1.0,0,short_ok,1,scan_doc,1
KCI_FI002028760,fail_block,21,33,0,0,1,1.0,0,short_ok,1,scan_doc,1
KCI_FI002028760,fail_block,22,33,0,0,1,1.0,0,short_ok,1,scan_doc,1
KCI_FI002028760,fail_block,23,33,0,0,1,1.0,0,short_ok,1,scan_doc,1
KCI_FI002028760,fail_block,24,33,0,0,1,1.0,0,short_ok,1,scan_doc,1
KCI_FI002028760,fail_block,25,33,0,0,1,1.0,0,short_ok,1,scan_doc,1
KCI_FI002028760,fail_block,26,33,0,0,1,1.0,0,short_ok,1,scan_doc,1
KCI_FI002028760,fail_block,27,33,0,0,1,1.0,0,short_ok,1,scan_doc,1
KCI_FI002028781,fail_block,0,33,0,0,1,1.0,0,short_ok,1,scan_doc,1
KCI_FI002028781,fail_block,1,33,0,0,1,1.0,0,short_ok,1,scan_doc,1
KCI_FI002028781,fail_block,2,33,0,0,1,1.0,0,short_ok,1,scan_doc,1
KCI_FI002028781,fail_block,3,33,0,0,1,1.0,0,short_ok,1,scan_doc,1
KCI_FI002028781,fail_block,4,33,0,0,1,1.0,0,short_ok,1,scan_doc,1
KCI_FI002028781,fail_block,5,33,0,0,1,1.0,0,short_ok,1,scan_doc,1
KCI_FI002028781,fail_block,6,33,0,0,1,1.0,0,short_ok,1,scan_doc,1
KCI_FI002028781,fail_block,7,33,0,0,1,1.0,0,short_ok,1,scan_doc,1
KCI_FI002028781,fail_block,8,33,0,0,1,1.0,0,short_ok,1,scan_doc,1
KCI_FI002028781,fail_block,9,33,0,0,1,1.0,0,short_ok,1,scan_doc,1
KCI_FI002028781,fail_block,10,33,0,0,1,1.0,0,short_ok,1,scan_doc,1
KCI_FI002028781,fail_block,11,33,0,0,1,1.0,0,short_ok,1,scan_doc,1
KCI_FI002028781,fail_block,12,33,0,0,1,1.0,0,short_ok,1,scan_doc,1
KCI_FI002028781,fail_block,13,33,0,0,1,1.0,0,short_ok,1,scan_doc,1
KCI_FI002028781,fail_block,14,33,0,0,1,1.0,0,short_ok,1,scan_doc,1
KCI_FI002028781,fail_block,15,33,0,0,1,1.0,0,short_ok,1,scan_doc,1
KCI_FI002028781,fail_block,16,33,0,0,1,1.0,0,short_ok,1,scan_doc,1
KCI_FI002028781,fail_block,17,33,0,0,1,1.0,0,short_ok,1,scan_doc,1
KCI_FI002028781,fail_block,18,33,0,0,1,1.0,0,short_ok,1,scan_doc,1
KCI_FI002028781,fail_block,19,33,0,0,1,1.0,0,short_ok,1,scan_doc,1
KCI_FI002028781,fail_block,20,33,0,0,1,1.0,0,short_ok,1,scan_doc,1
KCI_FI002028781,fail_block,21,33,0,0,1,1.0,0,short_ok,1,scan_doc,1
KCI_FI002028781,fail_block,22,33,0,0,1,1.0,0,short_ok,1,scan_doc,1
KCI_FI002028781,fail_block,23,33,0,0,1,1.0,0,short_ok,1,scan_doc,1
KCI_FI002028781,fail_block,24,33,0,0,1,1.0,0,short_ok,1,scan_doc,1
KCI_FI002028751,fail_block,0,33,0,0,1,1.0,0,short_ok,1,scan_doc,1
KCI_FI002028751,fail_block,1,33,0,0,1,1.0,0,short_ok,1,scan_doc,1
KCI_FI002028751,fail_block,2,33,0,0,1,1.0,0,short_ok,1,scan_doc,1
KCI_FI002028751,fail_block,3,33,0,0,1,1.0,0,short_ok,1,scan_doc,1
KCI_FI002028751,fail_block,4,33,0,0,1,1.0,0,short_ok,1,scan_doc,1
KCI_FI002028751,fail_block,5,33,0,0,1,1.0,0,short_ok,1,scan_doc,1
KCI_FI002028751,fail_block,6,33,0,0,1,1.0,0,short_ok,1,scan_doc,1
KCI_FI002028751,fail_block,7,33,0,0,1,1.0,0,short_ok,1,scan_doc,1
KCI_FI002028751,fail_block,8,33,0,0,1,1.0,0,short_ok,1,scan_doc,1
KCI_FI002028751,fail_block,9,33,0,0,1,1.0,0,short_ok,1,scan_doc,1
KCI_FI002028751,fail_block,10,33,0,0,1,1.0,0,short_ok,1,scan_doc,1
KCI_FI002028751,fail_block,11,33,0,0,1,1.0,0,short_ok,1,scan_doc,1
KCI_FI002028751,fail_block,12,33,0,0,1,1.0,0,short_ok,1,scan_doc,1
KCI_FI002028751,fail_block,13,33,0,0,1,1.0,0,short_ok,1,scan_doc,1
KCI_FI002028751,fail_block,14,33,0,0,1,1.0,0,short_ok,1,scan_doc,1
KCI_FI002028751,fail_block,15,33,0,0,1,1.0,0,short_ok,1,scan_doc,1
KCI_FI002028751,fail_block,16,33,0,0,1,1.0,0,short_ok,1,scan_doc,1
KCI_FI002028751,fail_block,17,33,0,0,1,1.0,0,short_ok,1,scan_doc,1
KCI_FI002028752,fail_block,0,33,0,0,1,1.0,0,short_ok,1,scan_doc,1
KCI_FI002028752,fail_block,1,33,0,0,1,1.0,0,short_ok,1,scan_doc,1
KCI_FI002028752,fail_block,2,33,0,0,1,1.0,0,short_ok,1,scan_doc,1
KCI_FI002028752,fail_block,3,33,0,0,1,1.0,0,short_ok,1,scan_doc,1
KCI_FI002028752,fail_block,4,33,0,0,1,1.0,0,short_ok,1,scan_doc,1
KCI_FI002028752,fail_block,5,33,0,0,1,1.0,0,short_ok,1,scan_doc,1
KCI_FI002028752,fail_block,6,33,0,0,1,1.0,0,short_ok,1,scan_doc,1
KCI_FI002028752,fail_block,7,33,0,0,1,1.0,0,short_ok,1,scan_doc,1
KCI_FI002028752,fail_block,8,33,0,0,1,1.0,0,short_ok,1,scan_doc,1
KCI_FI002028752,fail_block,9,33,0,0,1,1.0,0,short_ok,1,scan_doc,1
KCI_FI002028752,fail_block,10,33,0,0,1,1.0,0,short_ok,1,scan_doc,1
KCI_FI002028752,fail_block,11,33,0,0,1,1.0,0,short_ok,1,scan_doc,1
KCI_FI002028752,fail_block,12,33,0,0,1,1.0,0,short_ok,1,scan_doc,1
KCI_FI002028752,fail_block,13,33,0,0,1,1.0,0,short_ok,1,scan_doc,1
KCI_FI002028752,fail_block,14,33,0,0,1,1.0,0,short_ok,1,scan_doc,1
KCI_FI002028753,fail_block,0,33,0,0,1,1.0,0,short_ok,1,scan_doc,1
KCI_FI002028753,fail_block,1,33,0,0,1,1.0,0,short_ok,1,scan_doc,1
KCI_FI002028753,fail_block,2,33,0,0,1,1.0,0,short_ok,1,scan_doc,1
KCI_FI002028753,fail_block,3,33,0,0,1,1.0,0,short_ok,1,scan_doc,1
KCI_FI002028753,fail_block,4,33,0,0,1,1.0,0,short_ok,1,scan_doc,1
KCI_FI002028753,fail_block,5,33,0,0,1,1.0,0,short_ok,1,scan_doc,1
KCI_FI002028753,fail_block,6,33,0,0,1,1.0,0,short_ok,1,scan_doc,1
KCI_FI002028753,fail_block,7,33,0,0,1,1.0,0,short_ok,1,scan_doc,1
KCI_FI002028753,fail_block,8,33,0,0,1,1.0,0,short_ok,1,scan_doc,1
KCI_FI002028753,fail_block,9,33,0,0,1,1.0,0,short_ok,1,scan_doc,1
KCI_FI002028753,fail_block,10,33,0,0,1,1.0,0,short_ok,1,scan_doc,1
KCI_FI002028753,fail_block,11,33,0,0,1,1.0,0,short_ok,1,scan_doc,1
KCI_FI002028753,fail_block,12,33,0,0,1,1.0,0,short_ok,1,scan_doc,1
KCI_FI002028753,fail_block,13,33,0,0,1,1.0,0,short_ok,1,scan_doc,1
KCI_FI002028753,fail_block,14,33,0,0,1,1.0,0,short_ok,1,scan_doc,1
KCI_FI002028753,fail_block,15,33,0,0,1,1.0,0,short_ok,1,scan_doc,1
KCI_FI002027884,fail_block,0,33,0,0,1,1.0,0,short_ok,1,scan_doc,1
KCI_FI002027884,fail_block,1,33,0,0,1,1.0,0,short_ok,1,scan_doc,1
KCI_FI002027884,fail_block,2,33,0,0,1,1.0,0,short_ok,1,scan_doc,1
KCI_FI002027884,fail_block,3,33,0,0,1,1.0,0,short_ok,1,scan_doc,1
KCI_FI002027884,fail_block,4,33,0,0,1,1.0,0,short_ok,1,scan_doc,1
KCI_FI002027884,fail_block,5,33,0,0,1,1.0,0,short_ok,1,scan_doc,1
KCI_FI002027884,fail_block,6,33,0,0,1,1.0,0,short_ok,1,scan_doc,1
KCI_FI002027884,fail_block,7,33,0,0,1,1.0,0,short_ok,1,scan_doc,1
KCI_FI002027884,fail_block,8,33,0,0,1,1.0,0,short_ok,1,scan_doc,1
KCI_FI002027884,fail_block,9,33,0,0,1,1.0,0,short_ok,1,scan_doc,1
KCI_FI002027884,fail_block,10,33,0,0,1,1.0,0,short_ok,1,scan_doc,1
KCI_FI002027884,fail_block,11,33,0,0,1,1.0,0,short_ok,1,scan_doc,1
KCI_FI002027884,fail_block,12,33,0,0,1,1.0,0,short_ok,1,scan_doc,1
KCI_FI002027884,fail_block,13,33,0,0,1,1.0,0,short_ok,1,scan_doc,1
KCI_FI002027884,fail_block,14,33,0,0,1,1.0,0,short_ok,1,scan_doc,1
KCI_FI002027884,fail_block,15,33,0,0,1,1.0,0,short_ok,1,scan_doc,1
KCI_FI002027884,fail_block,16,33,0,0,1,1.0,0,short_ok,1,scan_doc,1
KCI_FI002027884,fail_block,17,33,0,0,1,1.0,0,short_ok,1,scan_doc,1
KCI_FI002027884,fail_block,18,33,0,0,1,1.0,0,short_ok,1,scan_doc,1
KCI_FI002027886,fail_block,0,33,0,0,1,1.0,0,short_ok,1,scan_doc,1
KCI_FI002027886,fail_block,1,33,0,0,1,1.0,0,short_ok,1,scan_doc,1
KCI_FI002027886,fail_block,2,33,0,0,1,1.0,0,short_ok,1,scan_doc,1
KCI_FI002027886,fail_block,3,33,0,0,1,1.0,0,short_ok,1,scan_doc,1
KCI_FI002027886,fail_block,4,33,0,0,1,1.0,0,short_ok,1,scan_doc,1
KCI_FI002027886,fail_block,5,33,0,0,1,1.0,0,short_ok,1,scan_doc,1
KCI_FI002027886,fail_block,6,33,0,0,1,1.0,0,short_ok,1,scan_doc,1
KCI_FI002027886,fail_block,7,33,0,0,1,1.0,0,short_ok,1,scan_doc,1
KCI_FI002027886,fail_block,8,33,0,0,1,1.0,0,short_ok,1,scan_doc,1
KCI_FI002027886,fail_block,9,33,0,0,1,1.0,0,short_ok,1,scan_doc,1
KCI_FI002027886,fail_block,10,33,0,0,1,1.0,0,short_ok,1,scan_doc,1
KCI_FI002027886,fail_block,11,33,0,0,1,1.0,0,short_ok,1,scan_doc,1
KCI_FI002027886,fail_block,12,33,0,0,1,1.0,0,short_ok,1,scan_doc,1
KCI_FI002027886,fail_block,13,33,0,0,1,1.0,0,short_ok,1,scan_doc,1
KCI_FI002027886,fail_block,14,33,0,0,1,1.0,0,short_ok,1,scan_doc,1
KCI_FI002027886,fail_block,15,33,0,0,1,1.0,0,short_ok,1,scan_doc,1
KCI_FI002027886,fail_block,16,33,0,0,1,1.0,0,short_ok,1,scan_doc,1
KCI_FI002027886,fail_block,17,33,0,0,1,1.0,0,short_ok,1,scan_doc,1
KCI_FI002027886,fail_block,18,33,0,0,1,1.0,0,short_ok,1,scan_doc,1
KCI_FI002027886,fail_block,19,33,0,0,1,1.0,0,short_ok,1,scan_doc,1
KCI_FI002027886,fail_block,20,33,0,0,1,1.0,0,short_ok,1,scan_doc,1
KCI_FI002027886,fail_block,21,33,0,0,1,1.0,0,short_ok,1,scan_doc,1
KCI_FI002027886,fail_block,22,33,0,0,1,1.0,0,short_ok,1,scan_doc,1
KCI_FI002027886,fail_block,23,33,0,0,1,1.0,0,short_ok,1,scan_doc,1
KCI_FI002027886,fail_block,24,33,0,0,1,1.0,0,short_ok,1,scan_doc,1
KCI_FI002027886,fail_block,25,33,0,0,1,1.0,0,short_ok,1,scan_doc,1
KCI_FI002027886,fail_block,26,33,0,0,1,1.0,0,short_ok,1,scan_doc,1
KCI_FI002027886,fail_block,27,33,0,0,1,1.0,0,short_ok,1,scan_doc,1
KCI_FI002027886,fail_block,28,33,0,0,1,1.0,0,short_ok,1,scan_doc,1
KCI_FI002027885,fail_block,0,33,0,0,1,1.0,0,short_ok,1,scan_doc,1
KCI_FI002027885,fail_block,1,33,0,0,1,1.0,0,short_ok,1,scan_doc,1
KCI_FI002027885,fail_block,2,33,0,0,1,1.0,0,short_ok,1,scan_doc,1
KCI_FI002027885,fail_block,3,33,0,0,1,1.0,0,short_ok,1,scan_doc,1
KCI_FI002027885,fail_block,4,33,0,0,1,1.0,0,short_ok,1,scan_doc,1
KCI_FI002027885,fail_block,5,33,0,0,1,1.0,0,short_ok,1,scan_doc,1
KCI_FI002027885,fail_block,6,33,0,0,1,1.0,0,short_ok,1,scan_doc,1
KCI_FI002027885,fail_block,7,33,0,0,1,1.0,0,short_ok,1,scan_doc,1
KCI_FI002027885,fail_block,8,33,0,0,1,1.0,0,short_ok,1,scan_doc,1
KCI_FI002027885,fail_block,9,33,0,0,1,1.0,0,short_ok,1,scan_doc,1
KCI_FI002027885,fail_block,10,33,0,0,1,1.0,0,short_ok,1,scan_doc,1
KCI_FI002027885,fail_block,11,33,0,0,1,1.0,0,short_ok,1,scan_doc,1
KCI_FI002027885,fail_block,12,33,0,0,1,1.0,0,short_ok,1,scan_doc,1
KCI_FI002027885,fail_block,13,33,0,0,1,1.0,0,short_ok,1,scan_doc,1
KCI_FI002027885,fail_block,14,33,0,0,1,1.0,0,short_ok,1,scan_doc,1
KCI_FI002027881,fail_block,0,33,0,0,1,1.0,0,short_ok,1,scan_doc,1
KCI_FI002027881,fail_block,1,33,0,0,1,1.0,0,short_ok,1,scan_doc,1
KCI_FI002027881,fail_block,2,33,0,0,1,1.0,0,short_ok,1,scan_doc,1
KCI_FI002027881,fail_block,3,33,0,0,1,1.0,0,short_ok,1,scan_doc,1
KCI_FI002027881,fail_block,4,33,0,0,1,1.0,0,short_ok,1,scan_doc,1
KCI_FI002027881,fail_block,5,33,0,0,1,1.0,0,short_ok,1,scan_doc,1
KCI_FI002027881,fail_block,6,33,0,0,1,1.0,0,short_ok,1,scan_doc,1
KCI_FI002027881,fail_block,7,33,0,0,1,1.0,0,short_ok,1,scan_doc,1
KCI_FI002027881,fail_block,8,33,0,0,1,1.0,0,short_ok,1,scan_doc,1
KCI_FI002027881,fail_block,9,33,0,0,1,1.0,0,short_ok,1,scan_doc,1
KCI_FI002027881,fail_block,10,33,0,0,1,1.0,0,short_ok,1,scan_doc,1
KCI_FI002027881,fail_block,11,33,0,0,1,1.0,0,short_ok,1,scan_doc,1
KCI_FI002027881,fail_block,12,33,0,0,1,1.0,0,short_ok,1,scan_doc,1
KCI_FI002027881,fail_block,13,33,0,0,1,1.0,0,short_ok,1,scan_doc,1
KCI_FI002027881,fail_block,14,33,0,0,1,1.0,0,short_ok,1,scan_doc,1
KCI_FI002027881,fail_block,15,33,0,0,1,1.0,0,short_ok,1,scan_doc,1
KCI_FI002027881,fail_block,16,33,0,0,1,1.0,0,short_ok,1,scan_doc,1
KCI_FI002027881,fail_block,17,33,0,0,1,1.0,0,short_ok,1,scan_doc,1
KCI_FI002027881,fail_block,18,33,0,0,1,1.0,0,short_ok,1,scan_doc,1
KCI_FI002027881,fail_block,19,33,0,0,1,1.0,0,short_ok,1,scan_doc,1
KCI_FI002027881,fail_block,20,33,0,0,1,1.0,0,short_ok,1,scan_doc,1
KCI_FI002027881,fail_block,21,33,0,0,1,1.0,0,short_ok,1,scan_doc,1
KCI_FI002027881,fail_block,22,33,0,0,1,1.0,0,short_ok,1,scan_doc,1
KCI_FI002027881,fail_block,23,33,0,0,1,1.0,0,short_ok,1,scan_doc,1
KCI_FI002027881,fail_block,24,33,0,0,1,1.0,0,short_ok,1,scan_doc,1
KCI_FI002027881,fail_block,25,33,0,0,1,1.0,0,short_ok,1,scan_doc,1
KCI_FI002027881,fail_block,26,33,0,0,1,1.0,0,short_ok,1,scan_doc,1
KCI_FI002027881,fail_block,27,33,0,0,1,1.0,0,short_ok,1,scan_doc,1
KCI_FI002027881,fail_block,28,33,0,0,1,1.0,0,short_ok,1,scan_doc,1
KCI_FI002027881,fail_block,29,33,0,0,1,1.0,0,short_ok,1,scan_doc,1
KCI_FI002027881,fail_block,30,33,0,0,1,1.0,0,short_ok,1,scan_doc,1
KCI_FI002027881,fail_block,31,33,0,0,1,1.0,0,short_ok,1,scan_doc,1
KCI_FI002027881,fail_block,32,33,0,0,1,1.0,0,short_ok,1,scan_doc,1
KCI_FI002027881,fail_block,33,33,0,0,1,1.0,0,short_ok,1,scan_doc,1
KCI_FI002027881,fail_block,34,33,0,0,1,1.0,0,short_ok,1,scan_doc,1
KCI_FI002027881,fail_block,35,33,0,0,1,1.0,0,short_ok,1,scan_doc,1
KCI_FI002027881,fail_block,36,33,0,0,1,1.0,0,short_ok,1,scan_doc,1
KCI_FI002027881,fail_block,37,33,0,0,1,1.0,0,short_ok,1,scan_doc,1
KCI_FI002027881,fail_block,38,33,0,0,1,1.0,0,short_ok,1,scan_doc,1
KCI_FI002027881,fail_block,39,33,0,0,1,1.0,0,short_ok,1,scan_doc,1
KCI_FI002027881,fail_block,40,33,0,0,1,1.0,0,short_ok,1,scan_doc,1
KCI_FI002027881,fail_block,41,33,0,0,1,1.0,0,short_ok,1,scan_doc,1
KCI_FI002027881,fail_block,42,33,0,0,1,1.0,0,short_ok,1,scan_doc,1
KCI_FI002027881,fail_block,43,33,0,0,1,1.0,0,short_ok,1,scan_doc,1
KCI_FI002027881,fail_block,44,33,0,0,1,1.0,0,short_ok,1,scan_doc,1
KCI_FI002027881,fail_block,45,33,0,0,1,1.0,0,short_ok,1,scan_doc,1
KCI_FI002027881,fail_block,46,33,0,0,1,1.0,0,short_ok,1,scan_doc,1
KCI_FI002027881,fail_block,47,33,0,0,1,1.0,0,short_ok,1,scan_doc,1
KCI_FI002027881,fail_block,48,33,0,0,1,1.0,0,short_ok,1,scan_doc,1
KCI_FI002027881,fail_block,49,33,0,0,1,1.0,0,short_ok,1,scan_doc,1
KCI_FI002027881,fail_block,50,33,0,0,1,1.0,0,short_ok,1,scan_doc,1
KCI_FI002027881,fail_block,51,33,0,0,1,1.0,0,short_ok,1,scan_doc,1
KCI_FI002027881,fail_block,52,33,0,0,1,1.0,0,short_ok,1,scan_doc,1
KCI_FI002027881,fail_block,53,33,0,0,1,1.0,0,short_ok,1,scan_doc,1
KCI_FI002027881,fail_block,54,33,0,0,1,1.0,0,short_ok,1,scan_doc,1
KCI_FI002027881,fail_block,55,33,0,0,1,1.0,0,short_ok,1,scan_doc,1
KCI_FI002027883,fail_block,0,33,0,0,1,1.0,0,short_ok,1,scan_doc,1
KCI_FI002027883,fail_block,1,33,0,0,1,1.0,0,short_ok,1,scan_doc,1
KCI_FI002027883,fail_block,2,33,0,0,1,1.0,0,short_ok,1,scan_doc,1
KCI_FI002027883,fail_block,3,33,0,0,1,1.0,0,short_ok,1,scan_doc,1
KCI_FI002027883,fail_block,4,33,0,0,1,1.0,0,short_ok,1,scan_doc,1
KCI_FI002027883,fail_block,5,33,0,0,1,1.0,0,short_ok,1,scan_doc,1
KCI_FI002027883,fail_block,6,33,0,0,1,1.0,0,short_ok,1,scan_doc,1
KCI_FI002027883,fail_block,7,33,0,0,1,1.0,0,short_ok,1,scan_doc,1
KCI_FI002027883,fail_block,8,33,0,0,1,1.0,0,short_ok,1,scan_doc,1
KCI_FI002027883,fail_block,9,33,0,0,1,1.0,0,short_ok,1,scan_doc,1
KCI_FI002027883,fail_block,10,33,0,0,1,1.0,0,short_ok,1,scan_doc,1
KCI_FI002027883,fail_block,11,33,0,0,1,1.0,0,short_ok,1,scan_doc,1
KCI_FI002027883,fail_block,12,33,0,0,1,1.0,0,short_ok,1,scan_doc,1
KCI_FI002027883,fail_block,13,33,0,0,1,1.0,0,short_ok,1,scan_doc,1
KCI_FI002027883,fail_block,14,33,0,0,1,1.0,0,short_ok,1,scan_doc,1
KCI_FI002027883,fail_block,15,33,0,0,1,1.0,0,short_ok,1,scan_doc,1
KCI_FI002027883,fail_block,16,33,0,0,1,1.0,0,short_ok,1,scan_doc,1
KCI_FI002027889,fail_block,0,33,0,0,1,1.0,0,short_ok,1,scan_doc,1
KCI_FI002027889,fail_block,1,33,0,0,1,1.0,0,short_ok,1,scan_doc,1
KCI_FI002027889,fail_block,2,33,0,0,1,1.0,0,short_ok,1,scan_doc,1
KCI_FI002027889,fail_block,3,33,0,0,1,1.0,0,short_ok,1,scan_doc,1
KCI_FI002027889,fail_block,4,33,0,0,1,1.0,0,short_ok,1,scan_doc,1
KCI_FI002027889,fail_block,5,33,0,0,1,1.0,0,short_ok,1,scan_doc,1
KCI_FI002027889,fail_block,6,33,0,0,1,1.0,0,short_ok,1,scan_doc,1
KCI_FI002027889,fail_block,7,33,0,0,1,1.0,0,short_ok,1,scan_doc,1
KCI_FI002027889,fail_block,8,33,0,0,1,1.0,0,short_ok,1,scan_doc,1
KCI_FI002027889,fail_block,9,33,0,0,1,1.0,0,short_ok,1,scan_doc,1
KCI_FI002027889,fail_block,10,33,0,0,1,1.0,0,short_ok,1,scan_doc,1
KCI_FI002027889,fail_block,11,33,0,0,1,1.0,0,short_ok,1,scan_doc,1
KCI_FI002027889,fail_block,12,33,0,0,1,1.0,0,short_ok,1,scan_doc,1
KCI_FI002027889,fail_block,13,33,0,0,1,1.0,0,short_ok,1,scan_doc,1
KCI_FI002027889,fail_block,14,33,0,0,1,1.0,0,short_ok,1,scan_doc,1
KCI_FI002027889,fail_block,15,33,0,0,1,1.0,0,short_ok,1,scan_doc,1
KCI_FI002027889,fail_block,16,33,0,0,1,1.0,0,short_ok,1,scan_doc,1
KCI_FI002027889,fail_block,17,33,0,0,1,1.0,0,short_ok,1,scan_doc,1
KCI_FI002027889,fail_block,18,33,0,0,1,1.0,0,short_ok,1,scan_doc,1
KCI_FI002027889,fail_block,19,33,0,0,1,1.0,0,short_ok,1,scan_doc,1
KCI_FI002027889,fail_block,20,33,0,0,1,1.0,0,short_ok,1,scan_doc,1
KCI_FI002027889,fail_block,21,33,0,0,1,1.0,0,short_ok,1,scan_doc,1
KCI_FI002027889,fail_block,22,33,0,0,1,1.0,0,short_ok,1,scan_doc,1
KCI_FI002027889,fail_block,23,33,0,0,1,1.0,0,short_ok,1,scan_doc,1
KCI_FI002027889,fail_block,24,33,0,0,1,1.0,0,short_ok,1,scan_doc,1
KCI_FI002027889,fail_block,25,33,0,0,1,1.0,0,short_ok,1,scan_doc,1
KCI_FI002027889,fail_block,26,33,0,0,1,1.0,0,short_ok,1,scan_doc,1
KCI_FI002027891,fail_block,0,33,0,0,1,1.0,0,short_ok,1,scan_doc,1
KCI_FI002027891,fail_block,1,33,0,0,1,1.0,0,short_ok,1,scan_doc,1
KCI_FI002027891,fail_block,2,33,0,0,1,1.0,0,short_ok,1,scan_doc,1
KCI_FI002027891,fail_block,3,33,0,0,1,1.0,0,short_ok,1,scan_doc,1
KCI_FI002027891,fail_block,4,33,0,0,1,1.0,0,short_ok,1,scan_doc,1
KCI_FI002027891,fail_block,5,33,0,0,1,1.0,0,short_ok,1,scan_doc,1
KCI_FI002027891,fail_block,6,33,0,0,1,1.0,0,short_ok,1,scan_doc,1
KCI_FI002027891,fail_block,7,33,0,0,1,1.0,0,short_ok,1,scan_doc,1
KCI_FI002027891,fail_block,8,33,0,0,1,1.0,0,short_ok,1,scan_doc,1
KCI_FI002027891,fail_block,9,33,0,0,1,1.0,0,short_ok,1,scan_doc,1
KCI_FI002027891,fail_block,10,33,0,0,1,1.0,0,short_ok,1,scan_doc,1
KCI_FI002027891,fail_block,11,33,0,0,1,1.0,0,short_ok,1,scan_doc,1
KCI_FI002027891,fail_block,12,33,0,0,1,1.0,0,short_ok,1,scan_doc,1
KCI_FI002027891,fail_block,13,33,0,0,1,1.0,0,short_ok,1,scan_doc,1
KCI_FI002027891,fail_block,14,33,0,0,1,1.0,0,short_ok,1,scan_doc,1
KCI_FI002027891,fail_block,15,33,0,0,1,1.0,0,short_ok,1,scan_doc,1
KCI_FI002027891,fail_block,16,33,0,0,1,1.0,0,short_ok,1,scan_doc,1
KCI_FI002027891,fail_block,17,33,0,0,1,1.0,0,short_ok,1,scan_doc,1
KCI_FI002027891,fail_block,18,33,0,0,1,1.0,0,short_ok,1,scan_doc,1
KCI_FI002027891,fail_block,19,33,0,0,1,1.0,0,short_ok,1,scan_doc,1
KCI_FI002027891,fail_block,20,33,0,0,1,1.0,0,short_ok,1,scan_doc,1
KCI_FI002027887,fail_block,0,33,0,0,1,1.0,0,short_ok,1,scan_doc,1
KCI_FI002027887,fail_block,1,33,0,0,1,1.0,0,short_ok,1,scan_doc,1
KCI_FI002027887,fail_block,2,33,0,0,1,1.0,0,short_ok,1,scan_doc,1
KCI_FI002027887,fail_block,3,33,0,0,1,1.0,0,short_ok,1,scan_doc,1
KCI_FI002027887,fail_block,4,33,0,0,1,1.0,0,short_ok,1,scan_doc,1
KCI_FI002027887,fail_block,5,33,0,0,1,1.0,0,short_ok,1,scan_doc,1
KCI_FI002027887,fail_block,6,33,0,0,1,1.0,0,short_ok,1,scan_doc,1
KCI_FI002027887,fail_block,7,33,0,0,1,1.0,0,short_ok,1,scan_doc,1
KCI_FI002027887,fail_block,8,33,0,0,1,1.0,0,short_ok,1,scan_doc,1
KCI_FI002027887,fail_block,9,33,0,0,1,1.0,0,short_ok,1,scan_doc,1
KCI_FI002027887,fail_block,10,33,0,0,1,1.0,0,short_ok,1,scan_doc,1
KCI_FI002027887,fail_block,11,33,0,0,1,1.0,0,short_ok,1,scan_doc,1
KCI_FI002027887,fail_block,12,33,0,0,1,1.0,0,short_ok,1,scan_doc,1
KCI_FI002027887,fail_block,13,33,0,0,1,1.0,0,short_ok,1,scan_doc,1
KCI_FI002027887,fail_block,14,33,0,0,1,1.0,0,short_ok,1,scan_doc,1
KCI_FI002027887,fail_block,15,33,0,0,1,1.0,0,short_ok,1,scan_doc,1
KCI_FI002027887,fail_block,16,33,0,0,1,1.0,0,short_ok,1,scan_doc,1
KCI_FI002027887,fail_block,17,33,0,0,1,1.0,0,short_ok,1,scan_doc,1
KCI_FI002027887,fail_block,18,33,0,0,1,1.0,0,short_ok,1,scan_doc,1
KCI_FI002027887,fail_block,19,33,0,0,1,1.0,0,short_ok,1,scan_doc,1
KCI_FI002027887,fail_block,20,33,0,0,1,1.0,0,short_ok,1,scan_doc,1
KCI_FI002027887,fail_block,21,33,0,0,1,1.0,0,short_ok,1,scan_doc,1
KCI_FI002027887,fail_block,22,33,0,0,1,1.0,0,short_ok,1,scan_doc,1
KCI_FI002027887,fail_block,23,33,0,0,1,1.0,0,short_ok,1,scan_doc,1
KCI_FI002027887,fail_block,24,33,0,0,1,1.0,0,short_ok,1,scan_doc,1
KCI_FI002027887,fail_block,25,33,0,0,1,1.0,0,short_ok,1,scan_doc,1
KCI_FI002027887,fail_block,26,33,0,0,1,1.0,0,short_ok,1,scan_doc,1
KCI_FI002027887,fail_block,27,33,0,0,1,1.0,0,short_ok,1,scan_doc,1
KCI_FI002027887,fail_block,28,33,0,0,1,1.0,0,short_ok,1,scan_doc,1
KCI_FI002027887,fail_block,29,33,0,0,1,1.0,0,short_ok,1,scan_doc,1
KCI_FI002027890,fail_block,0,33,0,0,1,1.0,0,short_ok,1,scan_doc,1
KCI_FI002027890,fail_block,1,33,0,0,1,1.0,0,short_ok,1,scan_doc,1
KCI_FI002027890,fail_block,2,33,0,0,1,1.0,0,short_ok,1,scan_doc,1
KCI_FI002027890,fail_block,3,33,0,0,1,1.0,0,short_ok,1,scan_doc,1
KCI_FI002027890,fail_block,4,33,0,0,1,1.0,0,short_ok,1,scan_doc,1
KCI_FI002027890,fail_block,5,33,0,0,1,1.0,0,short_ok,1,scan_doc,1
KCI_FI002027890,fail_block,6,33,0,0,1,1.0,0,short_ok,1,scan_doc,1
KCI_FI002027890,fail_block,7,33,0,0,1,1.0,0,short_ok,1,scan_doc,1
KCI_FI002027890,fail_block,8,33,0,0,1,1.0,0,short_ok,1,scan_doc,1
KCI_FI002027890,fail_block,9,33,0,0,1,1.0,0,short_ok,1,scan_doc,1
KCI_FI002027890,fail_block,10,33,0,0,1,1.0,0,short_ok,1,scan_doc,1
KCI_FI002027890,fail_block,11,33,0,0,1,1.0,0,short_ok,1,scan_doc,1
KCI_FI002027890,fail_block,12,33,0,0,1,1.0,0,short_ok,1,scan_doc,1
KCI_FI002027890,fail_block,13,33,0,0,1,1.0,0,short_ok,1,scan_doc,1
KCI_FI002027890,fail_block,14,33,0,0,1,1.0,0,short_ok,1,scan_doc,1
KCI_FI002027890,fail_block,15,33,0,0,1,1.0,0,short_ok,1,scan_doc,1
KCI_FI002027890,fail_block,16,33,0,0,1,1.0,0,short_ok,1,scan_doc,1
KCI_FI002027890,fail_block,17,33,0,0,1,1.0,0,short_ok,1,scan_doc,1
KCI_FI002027890,fail_block,18,33,0,0,1,1.0,0,short_ok,1,scan_doc,1
KCI_FI002027890,fail_block,19,33,0,0,1,1.0,0,short_ok,1,scan_doc,1
KCI_FI002027890,fail_block,20,33,0,0,1,1.0,0,short_ok,1,scan_doc,1
KCI_FI002027890,fail_block,21,33,0,0,1,1.0,0,short_ok,1,scan_doc,1
KCI_FI002027890,fail_block,22,33,0,0,1,1.0,0,short_ok,1,scan_doc,1
KCI_FI002027890,fail_block,23,33,0,0,1,1.0,0,short_ok,1,scan_doc,1
KCI_FI002027890,fail_block,24,33,0,0,1,1.0,0,short_ok,1,scan_doc,1
KCI_FI002027890,fail_block,25,33,0,0,1,1.0,0,short_ok,1,scan_doc,1
KCI_FI002027890,fail_block,26,33,0,0,1,1.0,0,short_ok,1,scan_doc,1
KCI_FI002027893,fail_block,0,33,0,0,1,1.0,0,short_ok,1,scan_doc,1
KCI_FI002027893,fail_block,1,33,0,0,1,1.0,0,short_ok,1,scan_doc,1
KCI_FI002027893,fail_block,2,33,0,0,1,1.0,0,short_ok,1,scan_doc,1
KCI_FI002027893,fail_block,3,33,0,0,1,1.0,0,short_ok,1,scan_doc,1
KCI_FI002027893,fail_block,4,33,0,0,1,1.0,0,short_ok,1,scan_doc,1
KCI_FI002027893,fail_block,5,33,0,0,1,1.0,0,short_ok,1,scan_doc,1
KCI_FI002027893,fail_block,6,33,0,0,1,1.0,0,short_ok,1,scan_doc,1
KCI_FI002027893,fail_block,7,33,0,0,1,1.0,0,short_ok,1,scan_doc,1
KCI_FI002027893,fail_block,8,33,0,0,1,1.0,0,short_ok,1,scan_doc,1
KCI_FI002027893,fail_block,9,33,0,0,1,1.0,0,short_ok,1,scan_doc,1
KCI_FI002027893,fail_block,10,33,0,0,1,1.0,0,short_ok,1,scan_doc,1
KCI_FI002027893,fail_block,11,33,0,0,1,1.0,0,short_ok,1,scan_doc,1
KCI_FI002027893,fail_block,12,33,0,0,1,1.0,0,short_ok,1,scan_doc,1
KCI_FI002027893,fail_block,13,33,0,0,1,1.0,0,short_ok,1,scan_doc,1
KCI_FI002027893,fail_block,14,33,0,0,1,1.0,0,short_ok,1,scan_doc,1
KCI_FI002027893,fail_block,15,33,0,0,1,1.0,0,short_ok,1,scan_doc,1
KCI_FI002027895,fail_block,0,33,0,0,1,1.0,0,short_ok,1,scan_doc,1
KCI_FI002027895,fail_block,1,33,0,0,1,1.0,0,short_ok,1,scan_doc,1
KCI_FI002027895,fail_block,2,33,0,0,1,1.0,0,short_ok,1,scan_doc,1
KCI_FI002027895,fail_block,3,33,0,0,1,1.0,0,short_ok,1,scan_doc,1
KCI_FI002027895,fail_block,4,33,0,0,1,1.0,0,short_ok,1,scan_doc,1
KCI_FI002027895,fail_block,5,33,0,0,1,1.0,0,short_ok,1,scan_doc,1
KCI_FI002027895,fail_block,6,33,0,0,1,1.0,0,short_ok,1,scan_doc,1
KCI_FI002027895,fail_block,7,33,0,0,1,1.0,0,short_ok,1,scan_doc,1
KCI_FI002027895,fail_block,8,33,0,0,1,1.0,0,short_ok,1,scan_doc,1
KCI_FI002027895,fail_block,9,33,0,0,1,1.0,0,short_ok,1,scan_doc,1
KCI_FI002027895,fail_block,10,33,0,0,1,1.0,0,short_ok,1,scan_doc,1
KCI_FI002027895,fail_block,11,33,0,0,1,1.0,0,short_ok,1,scan_doc,1
KCI_FI002027895,fail_block,12,33,0,0,1,1.0,0,short_ok,1,scan_doc,1
KCI_FI002027895,fail_block,13,33,0,0,1,1.0,0,short_ok,1,scan_doc,1
KCI_FI002027895,fail_block,14,33,0,0,1,1.0,0,short_ok,1,scan_doc,1
KCI_FI002027895,fail_block,15,33,0,0,1,1.0,0,short_ok,1,scan_doc,1
KCI_FI002027895,fail_block,16,33,0,0,1,1.0,0,short_ok,1,scan_doc,1
KCI_FI002027895,fail_block,17,33,0,0,1,1.0,0,short_ok,1,scan_doc,1
KCI_FI002027895,fail_block,18,33,0,0,1,1.0,0,short_ok,1,scan_doc,1
KCI_FI002027895,fail_block,19,33,0,0,1,1.0,0,short_ok,1,scan_doc,1
KCI_FI002027895,fail_block,20,33,0,0,1,1.0,0,short_ok,1,scan_doc,1
KCI_FI002027895,fail_block,21,33,0,0,1,1.0,0,short_ok,1,scan_doc,1
KCI_FI002027895,fail_block,22,33,0,0,1,1.0,0,short_ok,1,scan_doc,1
KCI_FI002027895,fail_block,23,33,0,0,1,1.0,0,short_ok,1,scan_doc,1
KCI_FI002027895,fail_block,24,33,0,0,1,1.0,0,short_ok,1,scan_doc,1
KCI_FI002027895,fail_block,25,33,0,0,1,1.0,0,short_ok,1,scan_doc,1
KCI_FI002027895,fail_block,26,33,0,0,1,1.0,0,short_ok,1,scan_doc,1
KCI_FI002027895,fail_block,27,33,0,0,1,1.0,0,short_ok,1,scan_doc,1
KCI_FI002027895,fail_block,28,33,0,0,1,1.0,0,short_ok,1,scan_doc,1
KCI_FI002027895,fail_block,29,33,0,0,1,1.0,0,short_ok,1,scan_doc,1
KCI_FI002027895,fail_block,30,33,0,0,1,1.0,0,short_ok,1,scan_doc,1
KCI_FI002027895,fail_block,31,33,0,0,1,1.0,0,short_ok,1,scan_doc,1
KCI_FI002027895,fail_block,32,33,0,0,1,1.0,0,short_ok,1,scan_doc,1
KCI_FI002027895,fail_block,33,33,0,0,1,1.0,0,short_ok,1,scan_doc,1
KCI_FI002027895,fail_block,34,33,0,0,1,1.0,0,short_ok,1,scan_doc,1
KCI_FI002027895,fail_block,35,33,0,0,1,1.0,0,short_ok,1,scan_doc,1
KCI_FI002027895,fail_block,36,33,0,0,1,1.0,0,short_ok,1,scan_doc,1
KCI_FI002027895,fail_block,37,33,0,0,1,1.0,0,short_ok,1,scan_doc,1
KCI_FI002027895,fail_block,38,33,0,0,1,1.0,0,short_ok,1,scan_doc,1
KCI_FI002027895,fail_block,39,33,0,0,1,1.0,0,short_ok,1,scan_doc,1
KCI_FI002027895,fail_block,40,33,0,0,1,1.0,0,short_ok,1,scan_doc,1
KCI_FI002027895,fail_block,41,33,0,0,1,1.0,0,short_ok,1,scan_doc,1
KCI_FI002027880,fail_block,0,33,0,0,1,1.0,0,short_ok,1,scan_doc,1
KCI_FI002027880,fail_block,1,33,0,0,1,1.0,0,short_ok,1,scan_doc,1
KCI_FI002027880,fail_block,2,33,0,0,1,1.0,0,short_ok,1,scan_doc,1
KCI_FI002027880,fail_block,3,33,0,0,1,1.0,0,short_ok,1,scan_doc,1
KCI_FI002027880,fail_block,4,33,0,0,1,1.0,0,short_ok,1,scan_doc,1
KCI_FI002027880,fail_block,5,33,0,0,1,1.0,0,short_ok,1,scan_doc,1
KCI_FI002027880,fail_block,6,33,0,0,1,1.0,0,short_ok,1,scan_doc,1
KCI_FI002027880,fail_block,7,33,0,0,1,1.0,0,short_ok,1,scan_doc,1
KCI_FI002027880,fail_block,8,33,0,0,1,1.0,0,short_ok,1,scan_doc,1
KCI_FI002027880,fail_block,9,33,0,0,1,1.0,0,short_ok,1,scan_doc,1
KCI_FI002027880,fail_block,10,33,0,0,1,1.0,0,short_ok,1,scan_doc,1
KCI_FI002027880,fail_block,11,33,0,0,1,1.0,0,short_ok,1,scan_doc,1
KCI_FI002027880,fail_block,12,33,0,0,1,1.0,0,short_ok,1,scan_doc,1
KCI_FI002027880,fail_block,13,33,0,0,1,1.0,0,short_ok,1,scan_doc,1
KCI_FI002027880,fail_block,14,33,0,0,1,1.0,0,short_ok,1,scan_doc,1
KCI_FI002027880,fail_block,15,33,0,0,1,1.0,0,short_ok,1,scan_doc,1
KCI_FI002027880,fail_block,16,33,0,0,1,1.0,0,short_ok,1,scan_doc,1
KCI_FI002027880,fail_block,17,33,0,0,1,1.0,0,short_ok,1,scan_doc,1
KCI_FI002027880,fail_block,18,33,0,0,1,1.0,0,short_ok,1,scan_doc,1
KCI_FI002027880,fail_block,19,33,0,0,1,1.0,0,short_ok,1,scan_doc,1
KCI_FI002027880,fail_block,20,33,0,0,1,1.0,0,short_ok,1,scan_doc,1
KCI_FI002027880,fail_block,21,33,0,0,1,1.0,0,short_ok,1,scan_doc,1
KCI_FI002027880,fail_block,22,33,0,0,1,1.0,0,short_ok,1,scan_doc,1
KCI_FI002027888,fail_block,0,33,0,0,1,1.0,0,short_ok,1,scan_doc,1
KCI_FI002027888,fail_block,1,33,0,0,1,1.0,0,short_ok,1,scan_doc,1
KCI_FI002027888,fail_block,2,33,0,0,1,1.0,0,short_ok,1,scan_doc,1
KCI_FI002027888,fail_block,3,33,0,0,1,1.0,0,short_ok,1,scan_doc,1
KCI_FI002027888,fail_block,4,33,0,0,1,1.0,0,short_ok,1,scan_doc,1
KCI_FI002027888,fail_block,5,33,0,0,1,1.0,0,short_ok,1,scan_doc,1
KCI_FI002027888,fail_block,6,33,0,0,1,1.0,0,short_ok,1,scan_doc,1
KCI_FI002027888,fail_block,7,33,0,0,1,1.0,0,short_ok,1,scan_doc,1
KCI_FI002027888,fail_block,8,33,0,0,1,1.0,0,short_ok,1,scan_doc,1
KCI_FI002027888,fail_block,9,33,0,0,1,1.0,0,short_ok,1,scan_doc,1
KCI_FI002027888,fail_block,10,33,0,0,1,1.0,0,short_ok,1,scan_doc,1
KCI_FI002027888,fail_block,11,33,0,0,1,1.0,0,short_ok,1,scan_doc,1
KCI_FI002027888,fail_block,12,33,0,0,1,1.0,0,short_ok,1,scan_doc,1
KCI_FI002027888,fail_block,13,33,0,0,1,1.0,0,short_ok,1,scan_doc,1
KCI_FI002027888,fail_block,14,33,0,0,1,1.0,0,short_ok,1,scan_doc,1
KCI_FI002027888,fail_block,15,33,0,0,1,1.0,0,short_ok,1,scan_doc,1
KCI_FI002027888,fail_block,16,33,0,0,1,1.0,0,short_ok,1,scan_doc,1
KCI_FI002027888,fail_block,17,33,0,0,1,1.0,0,short_ok,1,scan_doc,1
KCI_FI002027888,fail_block,18,33,0,0,1,1.0,0,short_ok,1,scan_doc,1
KCI_FI002027888,fail_block,19,33,0,0,1,1.0,0,short_ok,1,scan_doc,1
KCI_FI002027888,fail_block,20,33,0,0,1,1.0,0,short_ok,1,scan_doc,1
KCI_FI002027888,fail_block,21,33,0,0,1,1.0,0,short_ok,1,scan_doc,1
KCI_FI002027888,fail_block,22,33,0,0,1,1.0,0,short_ok,1,scan_doc,1
KCI_FI002027888,fail_block,23,33,0,0,1,1.0,0,short_ok,1,scan_doc,1
KCI_FI002027888,fail_block,24,33,0,0,1,1.0,0,short_ok,1,scan_doc,1
KCI_FI002027888,fail_block,25,33,0,0,1,1.0,0,short_ok,1,scan_doc,1
KCI_FI002027888,fail_block,26,33,0,0,1,1.0,0,short_ok,1,scan_doc,1
KCI_FI002027882,fail_block,0,33,0,0,1,1.0,0,short_ok,1,scan_doc,1
KCI_FI002027882,fail_block,1,33,0,0,1,1.0,0,short_ok,1,scan_doc,1
KCI_FI002027882,fail_block,2,33,0,0,1,1.0,0,short_ok,1,scan_doc,1
KCI_FI002027882,fail_block,3,33,0,0,1,1.0,0,short_ok,1,scan_doc,1
KCI_FI002027882,fail_block,4,33,0,0,1,1.0,0,short_ok,1,scan_doc,1
KCI_FI002027882,fail_block,5,33,0,0,1,1.0,0,short_ok,1,scan_doc,1
KCI_FI002027882,fail_block,6,33,0,0,1,1.0,0,short_ok,1,scan_doc,1
KCI_FI002027882,fail_block,7,33,0,0,1,1.0,0,short_ok,1,scan_doc,1
KCI_FI002027882,fail_block,8,33,0,0,1,1.0,0,short_ok,1,scan_doc,1
KCI_FI002027882,fail_block,9,33,0,0,1,1.0,0,short_ok,1,scan_doc,1
KCI_FI002027882,fail_block,10,33,0,0,1,1.0,0,short_ok,1,scan_doc,1
KCI_FI002027882,fail_block,11,33,0,0,1,1.0,0,short_ok,1,scan_doc,1
KCI_FI002027874,fail_block,0,33,0,0,1,1.0,0,short_ok,1,scan_doc,1
KCI_FI002027874,fail_block,1,33,0,0,1,1.0,0,short_ok,1,scan_doc,1
KCI_FI002027874,fail_block,2,33,0,0,1,1.0,0,short_ok,1,scan_doc,1
KCI_FI002027874,fail_block,3,33,0,0,1,1.0,0,short_ok,1,scan_doc,1
KCI_FI002027874,fail_block,4,33,0,0,1,1.0,0,short_ok,1,scan_doc,1
KCI_FI002027874,fail_block,5,33,0,0,1,1.0,0,short_ok,1,scan_doc,1
KCI_FI002027874,fail_block,6,33,0,0,1,1.0,0,short_ok,1,scan_doc,1
KCI_FI002027874,fail_block,7,33,0,0,1,1.0,0,short_ok,1,scan_doc,1
KCI_FI002027874,fail_block,8,33,0,0,1,1.0,0,short_ok,1,scan_doc,1
KCI_FI002027874,fail_block,9,33,0,0,1,1.0,0,short_ok,1,scan_doc,1
KCI_FI002027874,fail_block,10,33,0,0,1,1.0,0,short_ok,1,scan_doc,1
KCI_FI002027874,fail_block,11,33,0,0,1,1.0,0,short_ok,1,scan_doc,1
KCI_FI002027874,fail_block,12,33,0,0,1,1.0,0,short_ok,1,scan_doc,1
KCI_FI002027874,fail_block,13,33,0,0,1,1.0,0,short_ok,1,scan_doc,1
KCI_FI002027874,fail_block,14,33,0,0,1,1.0,0,short_ok,1,scan_doc,1
KCI_FI002027874,fail_block,15,33,0,0,1,1.0,0,short_ok,1,scan_doc,1
KCI_FI002027874,fail_block,16,33,0,0,1,1.0,0,short_ok,1,scan_doc,1
KCI_FI002027874,fail_block,17,33,0,0,1,1.0,0,short_ok,1,scan_doc,1
KCI_FI002027874,fail_block,18,33,0,0,1,1.0,0,short_ok,1,scan_doc,1
KCI_FI002027870,fail_block,0,33,0,0,1,1.0,0,short_ok,1,scan_doc,1
KCI_FI002027870,fail_block,1,33,0,0,1,1.0,0,short_ok,1,scan_doc,1
KCI_FI002027870,fail_block,2,33,0,0,1,1.0,0,short_ok,1,scan_doc,1
KCI_FI002027870,fail_block,3,33,0,0,1,1.0,0,short_ok,1,scan_doc,1
KCI_FI002027870,fail_block,4,33,0,0,1,1.0,0,short_ok,1,scan_doc,1
KCI_FI002027870,fail_block,5,33,0,0,1,1.0,0,short_ok,1,scan_doc,1
KCI_FI002027870,fail_block,6,33,0,0,1,1.0,0,short_ok,1,scan_doc,1
KCI_FI002027870,fail_block,7,33,0,0,1,1.0,0,short_ok,1,scan_doc,1
KCI_FI002027870,fail_block,8,33,0,0,1,1.0,0,short_ok,1,scan_doc,1
KCI_FI002027870,fail_block,9,33,0,0,1,1.0,0,short_ok,1,scan_doc,1
KCI_FI002027875,fail_block,0,33,0,0,1,1.0,0,short_ok,1,scan_doc,1
KCI_FI002027875,fail_block,1,33,0,0,1,1.0,0,short_ok,1,scan_doc,1
KCI_FI002027875,fail_block,2,33,0,0,1,1.0,0,short_ok,1,scan_doc,1
KCI_FI002027875,fail_block,3,33,0,0,1,1.0,0,short_ok,1,scan_doc,1
KCI_FI002027875,fail_block,4,33,0,0,1,1.0,0,short_ok,1,scan_doc,1
KCI_FI002027875,fail_block,5,33,0,0,1,1.0,0,short_ok,1,scan_doc,1
KCI_FI002027875,fail_block,6,33,0,0,1,1.0,0,short_ok,1,scan_doc,1
KCI_FI002027875,fail_block,7,33,0,0,1,1.0,0,short_ok,1,scan_doc,1
KCI_FI002027875,fail_block,8,33,0,0,1,1.0,0,short_ok,1,scan_doc,1
KCI_FI002027875,fail_block,9,33,0,0,1,1.0,0,short_ok,1,scan_doc,1
KCI_FI002027875,fail_block,10,33,0,0,1,1.0,0,short_ok,1,scan_doc,1
KCI_FI002027875,fail_block,11,33,0,0,1,1.0,0,short_ok,1,scan_doc,1
KCI_FI002027875,fail_block,12,33,0,0,1,1.0,0,short_ok,1,scan_doc,1
KCI_FI002027875,fail_block,13,33,0,0,1,1.0,0,short_ok,1,scan_doc,1
KCI_FI002027875,fail_block,14,33,0,0,1,1.0,0,short_ok,1,scan_doc,1
KCI_FI002027875,fail_block,15,33,0,0,1,1.0,0,short_ok,1,scan_doc,1
KCI_FI002027875,fail_block,16,33,0,0,1,1.0,0,short_ok,1,scan_doc,1
KCI_FI002027875,fail_block,17,33,0,0,1,1.0,0,short_ok,1,scan_doc,1
KCI_FI002027875,fail_block,18,33,0,0,1,1.0,0,short_ok,1,scan_doc,1
KCI_FI002027875,fail_block,19,33,0,0,1,1.0,0,short_ok,1,scan_doc,1
KCI_FI002027875,fail_block,20,33,0,0,1,1.0,0,short_ok,1,scan_doc,1
KCI_FI002027875,fail_block,21,33,0,0,1,1.0,0,short_ok,1,scan_doc,1
KCI_FI002027866,fail_block,0,33,0,0,1,1.0,0,short_ok,1,scan_doc,1
KCI_FI002027866,fail_block,1,33,0,0,1,1.0,0,short_ok,1,scan_doc,1
KCI_FI002027866,fail_block,2,33,0,0,1,1.0,0,short_ok,1,scan_doc,1
KCI_FI002027866,fail_block,3,33,0,0,1,1.0,0,short_ok,1,scan_doc,1
KCI_FI002027866,fail_block,4,33,0,0,1,1.0,0,short_ok,1,scan_doc,1
KCI_FI002027866,fail_block,5,33,0,0,1,1.0,0,short_ok,1,scan_doc,1
KCI_FI002027866,fail_block,6,33,0,0,1,1.0,0,short_ok,1,scan_doc,1
KCI_FI002027866,fail_block,7,33,0,0,1,1.0,0,short_ok,1,scan_doc,1
KCI_FI002027866,fail_block,8,33,0,0,1,1.0,0,short_ok,1,scan_doc,1
KCI_FI002027866,fail_block,9,33,0,0,1,1.0,0,short_ok,1,scan_doc,1
KCI_FI002027866,fail_block,10,33,0,0,1,1.0,0,short_ok,1,scan_doc,1
KCI_FI002027866,fail_block,11,33,0,0,1,1.0,0,short_ok,1,scan_doc,1
KCI_FI002027866,fail_block,12,33,0,0,1,1.0,0,short_ok,1,scan_doc,1
KCI_FI002027866,fail_block,13,33,0,0,1,1.0,0,short_ok,1,scan_doc,1
KCI_FI002027866,fail_block,14,33,0,0,1,1.0,0,short_ok,1,scan_doc,1
KCI_FI002027866,fail_block,15,33,0,0,1,1.0,0,short_ok,1,scan_doc,1
KCI_FI002027865,fail_block,0,33,0,0,1,1.0,0,short_ok,1,scan_doc,1
KCI_FI002027865,fail_block,1,33,0,0,1,1.0,0,short_ok,1,scan_doc,1
KCI_FI002027865,fail_block,2,33,0,0,1,1.0,0,short_ok,1,scan_doc,1
KCI_FI002027865,fail_block,3,33,0,0,1,1.0,0,short_ok,1,scan_doc,1
KCI_FI002027865,fail_block,4,33,0,0,1,1.0,0,short_ok,1,scan_doc,1
KCI_FI002027865,fail_block,5,33,0,0,1,1.0,0,short_ok,1,scan_doc,1
KCI_FI002027865,fail_block,6,33,0,0,1,1.0,0,short_ok,1,scan_doc,1
KCI_FI002027865,fail_block,7,33,0,0,1,1.0,0,short_ok,1,scan_doc,1
KCI_FI002027865,fail_block,8,33,0,0,1,1.0,0,short_ok,1,scan_doc,1
KCI_FI002027865,fail_block,9,33,0,0,1,1.0,0,short_ok,1,scan_doc,1
KCI_FI002027865,fail_block,10,33,0,0,1,1.0,0,short_ok,1,scan_doc,1
KCI_FI002027865,fail_block,11,33,0,0,1,1.0,0,short_ok,1,scan_doc,1
KCI_FI002027865,fail_block,12,33,0,0,1,1.0,0,short_ok,1,scan_doc,1
KCI_FI002027865,fail_block,13,33,0,0,1,1.0,0,short_ok,1,scan_doc,1
KCI_FI002027865,fail_block,14,33,0,0,1,1.0,0,short_ok,1,scan_doc,1
KCI_FI002027865,fail_block,15,33,0,0,1,1.0,0,short_ok,1,scan_doc,1
KCI_FI002027865,fail_block,16,33,0,0,1,1.0,0,short_ok,1,scan_doc,1
KCI_FI002027865,fail_block,17,33,0,0,1,1.0,0,short_ok,1,scan_doc,1
KCI_FI002027877,fail_block,0,33,0,0,1,1.0,0,short_ok,1,scan_doc,1
KCI_FI002027877,fail_block,1,33,0,0,1,1.0,0,short_ok,1,scan_doc,1
KCI_FI002027877,fail_block,2,33,0,0,1,1.0,0,short_ok,1,scan_doc,1
KCI_FI002027877,fail_block,3,33,0,0,1,1.0,0,short_ok,1,scan_doc,1
KCI_FI002027877,fail_block,4,33,0,0,1,1.0,0,short_ok,1,scan_doc,1
KCI_FI002027877,fail_block,5,33,0,0,1,1.0,0,short_ok,1,scan_doc,1
KCI_FI002027877,fail_block,6,33,0,0,1,1.0,0,short_ok,1,scan_doc,1
KCI_FI002027877,fail_block,7,33,0,0,1,1.0,0,short_ok,1,scan_doc,1
KCI_FI002027877,fail_block,8,33,0,0,1,1.0,0,short_ok,1,scan_doc,1
KCI_FI002027877,fail_block,9,33,0,0,1,1.0,0,short_ok,1,scan_doc,1
KCI_FI002027877,fail_block,10,33,0,0,1,1.0,0,short_ok,1,scan_doc,1
KCI_FI002027877,fail_block,11,33,0,0,1,1.0,0,short_ok,1,scan_doc,1
KCI_FI002027877,fail_block,12,33,0,0,1,1.0,0,short_ok,1,scan_doc,1
KCI_FI002027877,fail_block,13,33,0,0,1,1.0,0,short_ok,1,scan_doc,1
KCI_FI002027877,fail_block,14,33,0,0,1,1.0,0,short_ok,1,scan_doc,1
KCI_FI002027877,fail_block,15,33,0,0,1,1.0,0,short_ok,1,scan_doc,1
KCI_FI002027877,fail_block,16,33,0,0,1,1.0,0,short_ok,1,scan_doc,1
KCI_FI002027862,fail_block,0,33,0,0,1,1.0,0,short_ok,1,scan_doc,1
KCI_FI002027862,fail_block,1,33,0,0,1,1.0,0,short_ok,1,scan_doc,1
KCI_FI002027862,fail_block,2,33,0,0,1,1.0,0,short_ok,1,scan_doc,1
KCI_FI002027862,fail_block,3,33,0,0,1,1.0,0,short_ok,1,scan_doc,1
KCI_FI002027862,fail_block,4,33,0,0,1,1.0,0,short_ok,1,scan_doc,1
KCI_FI002027862,fail_block,5,33,0,0,1,1.0,0,short_ok,1,scan_doc,1
KCI_FI002027862,fail_block,6,33,0,0,1,1.0,0,short_ok,1,scan_doc,1
KCI_FI002027862,fail_block,7,33,0,0,1,1.0,0,short_ok,1,scan_doc,1
KCI_FI002027862,fail_block,8,33,0,0,1,1.0,0,short_ok,1,scan_doc,1
KCI_FI002027862,fail_block,9,33,0,0,1,1.0,0,short_ok,1,scan_doc,1
KCI_FI002027862,fail_block,10,33,0,0,1,1.0,0,short_ok,1,scan_doc,1
KCI_FI002027862,fail_block,11,33,0,0,1,1.0,0,short_ok,1,scan_doc,1
KCI_FI002027862,fail_block,12,33,0,0,1,1.0,0,short_ok,1,scan_doc,1
KCI_FI002027862,fail_block,13,33,0,0,1,1.0,0,short_ok,1,scan_doc,1
KCI_FI002027862,fail_block,14,33,0,0,1,1.0,0,short_ok,1,scan_doc,1
KCI_FI002027862,fail_block,15,33,0,0,1,1.0,0,short_ok,1,scan_doc,1
KCI_FI002027862,fail_block,16,33,0,0,1,1.0,0,short_ok,1,scan_doc,1
KCI_FI002027876,fail_block,0,33,0,0,1,1.0,0,short_ok,1,scan_doc,1
KCI_FI002027876,fail_block,1,33,0,0,1,1.0,0,short_ok,1,scan_doc,1
KCI_FI002027876,fail_block,2,33,0,0,1,1.0,0,short_ok,1,scan_doc,1
KCI_FI002027876,fail_block,3,33,0,0,1,1.0,0,short_ok,1,scan_doc,1
KCI_FI002027876,fail_block,4,33,0,0,1,1.0,0,short_ok,1,scan_doc,1
KCI_FI002027876,fail_block,5,33,0,0,1,1.0,0,short_ok,1,scan_doc,1
KCI_FI002027876,fail_block,6,33,0,0,1,1.0,0,short_ok,1,scan_doc,1
KCI_FI002027876,fail_block,7,33,0,0,1,1.0,0,short_ok,1,scan_doc,1
KCI_FI002027876,fail_block,8,33,0,0,1,1.0,0,short_ok,1,scan_doc,1
KCI_FI002027876,fail_block,9,33,0,0,1,1.0,0,short_ok,1,scan_doc,1
KCI_FI002027876,fail_block,10,33,0,0,1,1.0,0,short_ok,1,scan_doc,1
KCI_FI002027876,fail_block,11,33,0,0,1,1.0,0,short_ok,1,scan_doc,1
KCI_FI002027876,fail_block,12,33,0,0,1,1.0,0,short_ok,1,scan_doc,1
KCI_FI002027876,fail_block,13,33,0,0,1,1.0,0,short_ok,1,scan_doc,1
KCI_FI002027876,fail_block,14,33,0,0,1,1.0,0,short_ok,1,scan_doc,1
KCI_FI002027876,fail_block,15,33,0,0,1,1.0,0,short_ok,1,scan_doc,1
KCI_FI002027876,fail_block,16,33,0,0,1,1.0,0,short_ok,1,scan_doc,1
KCI_FI002027876,fail_block,17,33,0,0,1,1.0,0,short_ok,1,scan_doc,1
KCI_FI002027876,fail_block,18,33,0,0,1,1.0,0,short_ok,1,scan_doc,1
KCI_FI002027876,fail_block,19,33,0,0,1,1.0,0,short_ok,1,scan_doc,1
KCI_FI002027876,fail_block,20,33,0,0,1,1.0,0,short_ok,1,scan_doc,1
KCI_FI002027876,fail_block,21,33,0,0,1,1.0,0,short_ok,1,scan_doc,1
KCI_FI002027876,fail_block,22,33,0,0,1,1.0,0,short_ok,1,scan_doc,1
KCI_FI002027876,fail_block,23,33,0,0,1,1.0,0,short_ok,1,scan_doc,1
KCI_FI002027876,fail_block,24,33,0,0,1,1.0,0,short_ok,1,scan_doc,1
KCI_FI002027876,fail_block,25,33,0,0,1,1.0,0,short_ok,1,scan_doc,1
KCI_FI002027867,fail_block,0,33,0,0,1,1.0,0,short_ok,1,scan_doc,1
KCI_FI002027867,fail_block,1,33,0,0,1,1.0,0,short_ok,1,scan_doc,1
KCI_FI002027867,fail_block,2,33,0,0,1,1.0,0,short_ok,1,scan_doc,1
KCI_FI002027867,fail_block,3,33,0,0,1,1.0,0,short_ok,1,scan_doc,1
KCI_FI002027867,fail_block,4,33,0,0,1,1.0,0,short_ok,1,scan_doc,1
KCI_FI002027867,fail_block,5,33,0,0,1,1.0,0,short_ok,1,scan_doc,1
KCI_FI002027867,fail_block,6,33,0,0,1,1.0,0,short_ok,1,scan_doc,1
KCI_FI002027867,fail_block,7,33,0,0,1,1.0,0,short_ok,1,scan_doc,1
KCI_FI002027867,fail_block,8,33,0,0,1,1.0,0,short_ok,1,scan_doc,1
KCI_FI002027867,fail_block,9,33,0,0,1,1.0,0,short_ok,1,scan_doc,1
KCI_FI002027867,fail_block,10,33,0,0,1,1.0,0,short_ok,1,scan_doc,1
KCI_FI002027867,fail_block,11,33,0,0,1,1.0,0,short_ok,1,scan_doc,1
KCI_FI002027867,fail_block,12,33,0,0,1,1.0,0,short_ok,1,scan_doc,1
KCI_FI002027867,fail_block,13,33,0,0,1,1.0,0,short_ok,1,scan_doc,1
KCI_FI002027867,fail_block,14,33,0,0,1,1.0,0,short_ok,1,scan_doc,1
KCI_FI002027867,fail_block,15,33,0,0,1,1.0,0,short_ok,1,scan_doc,1
KCI_FI002027867,fail_block,16,33,0,0,1,1.0,0,short_ok,1,scan_doc,1
KCI_FI002027867,fail_block,17,33,0,0,1,1.0,0,short_ok,1,scan_doc,1
KCI_FI002027867,fail_block,18,33,0,0,1,1.0,0,short_ok,1,scan_doc,1
KCI_FI002027867,fail_block,19,33,0,0,1,1.0,0,short_ok,1,scan_doc,1
KCI_FI002027867,fail_block,20,33,0,0,1,1.0,0,short_ok,1,scan_doc,1
KCI_FI002027867,fail_block,21,33,0,0,1,1.0,0,short_ok,1,scan_doc,1
KCI_FI002027867,fail_block,22,33,0,0,1,1.0,0,short_ok,1,scan_doc,1
KCI_FI002027867,fail_block,23,33,0,0,1,1.0,0,short_ok,1,scan_doc,1
KCI_FI002027867,fail_block,24,33,0,0,1,1.0,0,short_ok,1,scan_doc,1
KCI_FI002027867,fail_block,25,33,0,0,1,1.0,0,short_ok,1,scan_doc,1
KCI_FI002027867,fail_block,26,33,0,0,1,1.0,0,short_ok,1,scan_doc,1
KCI_FI002027867,fail_block,27,33,0,0,1,1.0,0,short_ok,1,scan_doc,1
KCI_FI002027867,fail_block,28,33,0,0,1,1.0,0,short_ok,1,scan_doc,1
KCI_FI002027867,fail_block,29,33,0,0,1,1.0,0,short_ok,1,scan_doc,1
KCI_FI002027867,fail_block,30,33,0,0,1,1.0,0,short_ok,1,scan_doc,1
KCI_FI002027867,fail_block,31,33,0,0,1,1.0,0,short_ok,1,scan_doc,1
KCI_FI002027867,fail_block,32,33,0,0,1,1.0,0,short_ok,1,scan_doc,1
KCI_FI002027867,fail_block,33,33,0,0,1,1.0,0,short_ok,1,scan_doc,1
KCI_FI002027867,fail_block,34,33,0,0,1,1.0,0,short_ok,1,scan_doc,1
KCI_FI002027867,fail_block,35,33,0,0,1,1.0,0,short_ok,1,scan_doc,1
KCI_FI002027867,fail_block,36,33,0,0,1,1.0,0,short_ok,1,scan_doc,1
KCI_FI002027867,fail_block,37,33,0,0,1,1.0,0,short_ok,1,scan_doc,1
KCI_FI002027867,fail_block,38,33,0,0,1,1.0,0,short_ok,1,scan_doc,1
KCI_FI002027867,fail_block,39,33,0,0,1,1.0,0,short_ok,1,scan_doc,1
KCI_FI002027867,fail_block,40,33,0,0,1,1.0,0,short_ok,1,scan_doc,1
KCI_FI002027867,fail_block,41,33,0,0,1,1.0,0,short_ok,1,scan_doc,1
KCI_FI002027867,fail_block,42,33,0,0,1,1.0,0,short_ok,1,scan_doc,1
KCI_FI002027867,fail_block,43,33,0,0,1,1.0,0,short_ok,1,scan_doc,1
KCI_FI002027867,fail_block,44,33,0,0,1,1.0,0,short_ok,1,scan_doc,1
KCI_FI002027867,fail_block,45,33,0,0,1,1.0,0,short_ok,1,scan_doc,1
KCI_FI002027867,fail_block,46,33,0,0,1,1.0,0,short_ok,1,scan_doc,1
KCI_FI002027867,fail_block,47,33,0,0,1,1.0,0,short_ok,1,scan_doc,1
KCI_FI002027867,fail_block,48,33,0,0,1,1.0,0,short_ok,1,scan_doc,1
KCI_FI002027871,fail_block,0,33,0,0,1,1.0,0,short_ok,1,scan_doc,1
KCI_FI002027871,fail_block,1,33,0,0,1,1.0,0,short_ok,1,scan_doc,1
KCI_FI002027871,fail_block,2,33,0,0,1,1.0,0,short_ok,1,scan_doc,1
KCI_FI002027871,fail_block,3,33,0,0,1,1.0,0,short_ok,1,scan_doc,1
KCI_FI002027871,fail_block,4,33,0,0,1,1.0,0,short_ok,1,scan_doc,1
KCI_FI002027871,fail_block,5,33,0,0,1,1.0,0,short_ok,1,scan_doc,1
KCI_FI002027871,fail_block,6,33,0,0,1,1.0,0,short_ok,1,scan_doc,1
KCI_FI002027871,fail_block,7,33,0,0,1,1.0,0,short_ok,1,scan_doc,1
KCI_FI002027871,fail_block,8,33,0,0,1,1.0,0,short_ok,1,scan_doc,1
KCI_FI002027871,fail_block,9,33,0,0,1,1.0,0,short_ok,1,scan_doc,1
KCI_FI002027871,fail_block,10,33,0,0,1,1.0,0,short_ok,1,scan_doc,1
KCI_FI002027871,fail_block,11,33,0,0,1,1.0,0,short_ok,1,scan_doc,1
KCI_FI002027871,fail_block,12,33,0,0,1,1.0,0,short_ok,1,scan_doc,1
KCI_FI002027871,fail_block,13,33,0,0,1,1.0,0,short_ok,1,scan_doc,1
KCI_FI002027871,fail_block,14,33,0,0,1,1.0,0,short_ok,1,scan_doc,1
KCI_FI002027871,fail_block,15,33,0,0,1,1.0,0,short_ok,1,scan_doc,1
KCI_FI002027871,fail_block,16,33,0,0,1,1.0,0,short_ok,1,scan_doc,1
KCI_FI002027871,fail_block,17,33,0,0,1,1.0,0,short_ok,1,scan_doc,1
KCI_FI002027871,fail_block,18,33,0,0,1,1.0,0,short_ok,1,scan_doc,1
KCI_FI002027869,fail_block,0,33,0,0,1,1.0,0,short_ok,1,scan_doc,1
KCI_FI002027869,fail_block,1,33,0,0,1,1.0,0,short_ok,1,scan_doc,1
KCI_FI002027869,fail_block,2,33,0,0,1,1.0,0,short_ok,1,scan_doc,1
KCI_FI002027869,fail_block,3,33,0,0,1,1.0,0,short_ok,1,scan_doc,1
KCI_FI002027869,fail_block,4,33,0,0,1,1.0,0,short_ok,1,scan_doc,1
KCI_FI002027869,fail_block,5,33,0,0,1,1.0,0,short_ok,1,scan_doc,1
KCI_FI002027869,fail_block,6,33,0,0,1,1.0,0,short_ok,1,scan_doc,1
KCI_FI002027869,fail_block,7,33,0,0,1,1.0,0,short_ok,1,scan_doc,1
KCI_FI002027869,fail_block,8,33,0,0,1,1.0,0,short_ok,1,scan_doc,1
KCI_FI002027869,fail_block,9,33,0,0,1,1.0,0,short_ok,1,scan_doc,1
KCI_FI002027869,fail_block,10,33,0,0,1,1.0,0,short_ok,1,scan_doc,1
KCI_FI002027869,fail_block,11,33,0,0,1,1.0,0,short_ok,1,scan_doc,1
KCI_FI002027869,fail_block,12,33,0,0,1,1.0,0,short_ok,1,scan_doc,1
KCI_FI002027869,fail_block,13,33,0,0,1,1.0,0,short_ok,1,scan_doc,1
KCI_FI002027869,fail_block,14,33,0,0,1,1.0,0,short_ok,1,scan_doc,1
KCI_FI002027869,fail_block,15,33,0,0,1,1.0,0,short_ok,1,scan_doc,1
KCI_FI002027869,fail_block,16,33,0,0,1,1.0,0,short_ok,1,scan_doc,1
KCI_FI002027869,fail_block,17,33,0,0,1,1.0,0,short_ok,1,scan_doc,1
KCI_FI002027869,fail_block,18,33,0,0,1,1.0,0,short_ok,1,scan_doc,1
KCI_FI002027869,fail_block,19,33,0,0,1,1.0,0,short_ok,1,scan_doc,1
KCI_FI002027869,fail_block,20,33,0,0,1,1.0,0,short_ok,1,scan_doc,1
KCI_FI002027869,fail_block,21,33,0,0,1,1.0,0,short_ok,1,scan_doc,1
KCI_FI002027869,fail_block,22,33,0,0,1,1.0,0,short_ok,1,scan_doc,1
KCI_FI002027869,fail_block,23,33,0,0,1,1.0,0,short_ok,1,scan_doc,1
KCI_FI002027869,fail_block,24,33,0,0,1,1.0,0,short_ok,1,scan_doc,1
KCI_FI002027878,fail_block,0,33,0,0,1,1.0,0,short_ok,1,scan_doc,1
KCI_FI002027878,fail_block,1,33,0,0,1,1.0,0,short_ok,1,scan_doc,1
KCI_FI002027878,fail_block,2,33,0,0,1,1.0,0,short_ok,1,scan_doc,1
KCI_FI002027878,fail_block,3,33,0,0,1,1.0,0,short_ok,1,scan_doc,1
KCI_FI002027878,fail_block,4,33,0,0,1,1.0,0,short_ok,1,scan_doc,1
KCI_FI002027878,fail_block,5,33,0,0,1,1.0,0,short_ok,1,scan_doc,1
KCI_FI002027878,fail_block,6,33,0,0,1,1.0,0,short_ok,1,scan_doc,1
KCI_FI002027878,fail_block,7,33,0,0,1,1.0,0,short_ok,1,scan_doc,1
KCI_FI002027878,fail_block,8,33,0,0,1,1.0,0,short_ok,1,scan_doc,1
KCI_FI002027878,fail_block,9,33,0,0,1,1.0,0,short_ok,1,scan_doc,1
KCI_FI002027878,fail_block,10,33,0,0,1,1.0,0,short_ok,1,scan_doc,1
KCI_FI002027878,fail_block,11,33,0,0,1,1.0,0,short_ok,1,scan_doc,1
KCI_FI002027878,fail_block,12,33,0,0,1,1.0,0,short_ok,1,scan_doc,1
KCI_FI002027878,fail_block,13,33,0,0,1,1.0,0,short_ok,1,scan_doc,1
KCI_FI002027860,fail_block,0,33,0,0,1,1.0,0,short_ok,1,scan_doc,1
KCI_FI002027860,fail_block,1,33,0,0,1,1.0,0,short_ok,1,scan_doc,1
KCI_FI002027860,fail_block,2,33,0,0,1,1.0,0,short_ok,1,scan_doc,1
KCI_FI002027860,fail_block,3,33,0,0,1,1.0,0,short_ok,1,scan_doc,1
KCI_FI002027860,fail_block,4,33,0,0,1,1.0,0,short_ok,1,scan_doc,1
KCI_FI002027860,fail_block,5,33,0,0,1,1.0,0,short_ok,1,scan_doc,1
KCI_FI002027860,fail_block,6,33,0,0,1,1.0,0,short_ok,1,scan_doc,1
KCI_FI002027860,fail_block,7,33,0,0,1,1.0,0,short_ok,1,scan_doc,1
KCI_FI002027860,fail_block,8,33,0,0,1,1.0,0,short_ok,1,scan_doc,1
KCI_FI002027860,fail_block,9,33,0,0,1,1.0,0,short_ok,1,scan_doc,1
KCI_FI002027860,fail_block,10,33,0,0,1,1.0,0,short_ok,1,scan_doc,1
KCI_FI002027860,fail_block,11,33,0,0,1,1.0,0,short_ok,1,scan_doc,1
KCI_FI002027860,fail_block,12,33,0,0,1,1.0,0,short_ok,1,scan_doc,1
KCI_FI002027860,fail_block,13,33,0,0,1,1.0,0,short_ok,1,scan_doc,1
KCI_FI002027860,fail_block,14,33,0,0,1,1.0,0,short_ok,1,scan_doc,1
KCI_FI002027860,fail_block,15,33,0,0,1,1.0,0,short_ok,1,scan_doc,1
KCI_FI002027860,fail_block,16,33,0,0,1,1.0,0,short_ok,1,scan_doc,1
KCI_FI002027860,fail_block,17,33,0,0,1,1.0,0,short_ok,1,scan_doc,1
KCI_FI002027860,fail_block,18,33,0,0,1,1.0,0,short_ok,1,scan_doc,1
KCI_FI002027860,fail_block,19,33,0,0,1,1.0,0,short_ok,1,scan_doc,1
KCI_FI002027860,fail_block,20,33,0,0,1,1.0,0,short_ok,1,scan_doc,1
KCI_FI002027868,fail_block,0,33,0,0,1,1.0,0,short_ok,1,scan_doc,1
KCI_FI002027868,fail_block,1,33,0,0,1,1.0,0,short_ok,1,scan_doc,1
KCI_FI002027868,fail_block,2,33,0,0,1,1.0,0,short_ok,1,scan_doc,1
KCI_FI002027868,fail_block,3,33,0,0,1,1.0,0,short_ok,1,scan_doc,1
KCI_FI002027868,fail_block,4,33,0,0,1,1.0,0,short_ok,1,scan_doc,1
KCI_FI002027868,fail_block,5,33,0,0,1,1.0,0,short_ok,1,scan_doc,1
KCI_FI002027868,fail_block,6,33,0,0,1,1.0,0,short_ok,1,scan_doc,1
KCI_FI002027868,fail_block,7,33,0,0,1,1.0,0,short_ok,1,scan_doc,1
KCI_FI002027868,fail_block,8,33,0,0,1,1.0,0,short_ok,1,scan_doc,1
KCI_FI002027868,fail_block,9,33,0,0,1,1.0,0,short_ok,1,scan_doc,1
KCI_FI002027868,fail_block,10,33,0,0,1,1.0,0,short_ok,1,scan_doc,1
KCI_FI002027868,fail_block,11,33,0,0,1,1.0,0,short_ok,1,scan_doc,1
KCI_FI002027868,fail_block,12,33,0,0,1,1.0,0,short_ok,1,scan_doc,1
KCI_FI002027868,fail_block,13,33,0,0,1,1.0,0,short_ok,1,scan_doc,1
KCI_FI002027868,fail_block,14,33,0,0,1,1.0,0,short_ok,1,scan_doc,1
KCI_FI002027868,fail_block,15,33,0,0,1,1.0,0,short_ok,1,scan_doc,1
KCI_FI002027868,fail_block,16,33,0,0,1,1.0,0,short_ok,1,scan_doc,1
KCI_FI002027868,fail_block,17,33,0,0,1,1.0,0,short_ok,1,scan_doc,1
KCI_FI002027868,fail_block,18,33,0,0,1,1.0,0,short_ok,1,scan_doc,1
KCI_FI002027868,fail_block,19,33,0,0,1,1.0,0,short_ok,1,scan_doc,1
KCI_FI002027868,fail_block,20,33,0,0,1,1.0,0,short_ok,1,scan_doc,1
KCI_FI002027872,fail_block,0,33,0,0,1,1.0,0,short_ok,1,scan_doc,1
KCI_FI002027872,fail_block,1,33,0,0,1,1.0,0,short_ok,1,scan_doc,1
KCI_FI002027872,fail_block,2,33,0,0,1,1.0,0,short_ok,1,scan_doc,1
KCI_FI002027872,fail_block,3,33,0,0,1,1.0,0,short_ok,1,scan_doc,1
KCI_FI002027872,fail_block,4,33,0,0,1,1.0,0,short_ok,1,scan_doc,1
KCI_FI002027872,fail_block,5,33,0,0,1,1.0,0,short_ok,1,scan_doc,1
KCI_FI002027872,fail_block,6,33,0,0,1,1.0,0,short_ok,1,scan_doc,1
KCI_FI002027872,fail_block,7,33,0,0,1,1.0,0,short_ok,1,scan_doc,1
KCI_FI002027872,fail_block,8,33,0,0,1,1.0,0,short_ok,1,scan_doc,1
KCI_FI002027872,fail_block,9,33,0,0,1,1.0,0,short_ok,1,scan_doc,1
KCI_FI002027872,fail_block,10,33,0,0,1,1.0,0,short_ok,1,scan_doc,1
KCI_FI002027872,fail_block,11,33,0,0,1,1.0,0,short_ok,1,scan_doc,1
KCI_FI002027872,fail_block,12,33,0,0,1,1.0,0,short_ok,1,scan_doc,1
KCI_FI002027872,fail_block,13,33,0,0,1,1.0,0,short_ok,1,scan_doc,1
KCI_FI002027872,fail_block,14,33,0,0,1,1.0,0,short_ok,1,scan_doc,1
KCI_FI002027872,fail_block,15,33,0,0,1,1.0,0,short_ok,1,scan_doc,1
KCI_FI002027872,fail_block,16,33,0,0,1,1.0,0,short_ok,1,scan_doc,1
KCI_FI002027872,fail_block,17,33,0,0,1,1.0,0,short_ok,1,scan_doc,1
KCI_FI002027872,fail_block,18,33,0,0,1,1.0,0,short_ok,1,scan_doc,1
KCI_FI002027873,fail_block,0,33,0,0,1,1.0,0,short_ok,1,scan_doc,1
KCI_FI002027873,fail_block,1,33,0,0,1,1.0,0,short_ok,1,scan_doc,1
KCI_FI002027873,fail_block,2,33,0,0,1,1.0,0,short_ok,1,scan_doc,1
KCI_FI002027873,fail_block,3,33,0,0,1,1.0,0,short_ok,1,scan_doc,1
KCI_FI002027873,fail_block,4,33,0,0,1,1.0,0,short_ok,1,scan_doc,1
KCI_FI002027873,fail_block,5,33,0,0,1,1.0,0,short_ok,1,scan_doc,1
KCI_FI002027873,fail_block,6,33,0,0,1,1.0,0,short_ok,1,scan_doc,1
KCI_FI002027873,fail_block,7,33,0,0,1,1.0,0,short_ok,1,scan_doc,1
KCI_FI002027873,fail_block,8,33,0,0,1,1.0,0,short_ok,1,scan_doc,1
KCI_FI002027873,fail_block,9,33,0,0,1,1.0,0,short_ok,1,scan_doc,1
KCI_FI002027873,fail_block,10,33,0,0,1,1.0,0,short_ok,1,scan_doc,1
KCI_FI002027873,fail_block,11,33,0,0,1,1.0,0,short_ok,1,scan_doc,1
KCI_FI002027873,fail_block,12,33,0,0,1,1.0,0,short_ok,1,scan_doc,1
KCI_FI002027873,fail_block,13,33,0,0,1,1.0,0,short_ok,1,scan_doc,1
KCI_FI002027873,fail_block,14,33,0,0,1,1.0,0,short_ok,1,scan_doc,1
KCI_FI002027879,fail_block,0,33,0,0,1,1.0,0,short_ok,1,scan_doc,1
KCI_FI002027879,fail_block,1,33,0,0,1,1.0,0,short_ok,1,scan_doc,1
KCI_FI002027879,fail_block,2,33,0,0,1,1.0,0,short_ok,1,scan_doc,1
KCI_FI002027879,fail_block,3,33,0,0,1,1.0,0,short_ok,1,scan_doc,1
KCI_FI002027879,fail_block,4,33,0,0,1,1.0,0,short_ok,1,scan_doc,1
KCI_FI002027879,fail_block,5,33,0,0,1,1.0,0,short_ok,1,scan_doc,1
KCI_FI002027879,fail_block,6,33,0,0,1,1.0,0,short_ok,1,scan_doc,1
KCI_FI002027879,fail_block,7,33,0,0,1,1.0,0,short_ok,1,scan_doc,1
KCI_FI002027879,fail_block,8,33,0,0,1,1.0,0,short_ok,1,scan_doc,1
KCI_FI002027879,fail_block,9,33,0,0,1,1.0,0,short_ok,1,scan_doc,1
KCI_FI002027879,fail_block,10,33,0,0,1,1.0,0,short_ok,1,scan_doc,1
KCI_FI002027879,fail_block,11,33,0,0,1,1.0,0,short_ok,1,scan_doc,1
KCI_FI002027879,fail_block,12,33,0,0,1,1.0,0,short_ok,1,scan_doc,1
KCI_FI002027864,fail_block,0,33,0,0,1,1.0,0,short_ok,1,scan_doc,1
KCI_FI002027864,fail_block,1,33,0,0,1,1.0,0,short_ok,1,scan_doc,1
KCI_FI002027864,fail_block,2,33,0,0,1,1.0,0,short_ok,1,scan_doc,1
KCI_FI002027864,fail_block,3,33,0,0,1,1.0,0,short_ok,1,scan_doc,1
KCI_FI002027864,fail_block,4,33,0,0,1,1.0,0,short_ok,1,scan_doc,1
KCI_FI002027864,fail_block,5,33,0,0,1,1.0,0,short_ok,1,scan_doc,1
KCI_FI002027864,fail_block,6,33,0,0,1,1.0,0,short_ok,1,scan_doc,1
KCI_FI002027864,fail_block,7,33,0,0,1,1.0,0,short_ok,1,scan_doc,1
KCI_FI002027864,fail_block,8,33,0,0,1,1.0,0,short_ok,1,scan_doc,1
KCI_FI002027864,fail_block,9,33,0,0,1,1.0,0,short_ok,1,scan_doc,1
KCI_FI002027864,fail_block,10,33,0,0,1,1.0,0,short_ok,1,scan_doc,1
KCI_FI002027864,fail_block,11,33,0,0,1,1.0,0,short_ok,1,scan_doc,1
KCI_FI002027864,fail_block,12,33,0,0,1,1.0,0,short_ok,1,scan_doc,1
KCI_FI002027864,fail_block,13,33,0,0,1,1.0,0,short_ok,1,scan_doc,1
KCI_FI002027864,fail_block,14,33,0,0,1,1.0,0,short_ok,1,scan_doc,1
KCI_FI002027864,fail_block,15,33,0,0,1,1.0,0,short_ok,1,scan_doc,1
KCI_FI002027864,fail_block,16,33,0,0,1,1.0,0,short_ok,1,scan_doc,1
KCI_FI002027696,fail_block,0,33,0,0,1,1.0,0,short_ok,1,scan_doc,1
KCI_FI002027696,fail_block,1,33,0,0,1,1.0,0,short_ok,1,scan_doc,1
KCI_FI002027696,fail_block,2,33,0,0,1,1.0,0,short_ok,1,scan_doc,1
KCI_FI002027696,fail_block,3,33,0,0,1,1.0,0,short_ok,1,scan_doc,1
KCI_FI002027696,fail_block,4,33,0,0,1,1.0,0,short_ok,1,scan_doc,1
KCI_FI002027696,fail_block,5,33,0,0,1,1.0,0,short_ok,1,scan_doc,1
KCI_FI002027696,fail_block,6,33,0,0,1,1.0,0,short_ok,1,scan_doc,1
KCI_FI002027696,fail_block,7,33,0,0,1,1.0,0,short_ok,1,scan_doc,1
KCI_FI002027696,fail_block,8,33,0,0,1,1.0,0,short_ok,1,scan_doc,1
KCI_FI002027696,fail_block,9,33,0,0,1,1.0,0,short_ok,1,scan_doc,1
KCI_FI002027696,fail_block,10,33,0,0,1,1.0,0,short_ok,1,scan_doc,1
KCI_FI002027696,fail_block,11,33,0,0,1,1.0,0,short_ok,1,scan_doc,1
KCI_FI002027696,fail_block,12,33,0,0,1,1.0,0,short_ok,1,scan_doc,1
KCI_FI002027696,fail_block,13,33,0,0,1,1.0,0,short_ok,1,scan_doc,1
KCI_FI002027696,fail_block,14,33,0,0,1,1.0,0,short_ok,1,scan_doc,1
KCI_FI002027696,fail_block,15,33,0,0,1,1.0,0,short_ok,1,scan_doc,1
KCI_FI002027696,fail_block,16,33,0,0,1,1.0,0,short_ok,1,scan_doc,1
KCI_FI002027696,fail_block,17,33,0,0,1,1.0,0,short_ok,1,scan_doc,1
KCI_FI002027696,fail_block,18,33,0,0,1,1.0,0,short_ok,1,scan_doc,1
KCI_FI002027696,fail_block,19,33,0,0,1,1.0,0,short_ok,1,scan_doc,1
KCI_FI002027696,fail_block,20,33,0,0,1,1.0,0,short_ok,1,scan_doc,1
KCI_FI002027696,fail_block,21,33,0,0,1,1.0,0,short_ok,1,scan_doc,1
KCI_FI002027696,fail_block,22,33,0,0,1,1.0,0,short_ok,1,scan_doc,1
KCI_FI002027696,fail_block,23,33,0,0,1,1.0,0,short_ok,1,scan_doc,1
KCI_FI002027696,fail_block,24,33,0,0,1,1.0,0,short_ok,1,scan_doc,1
KCI_FI002027696,fail_block,25,33,0,0,1,1.0,0,short_ok,1,scan_doc,1
KCI_FI002027696,fail_block,26,33,0,0,1,1.0,0,short_ok,1,scan_doc,1
KCI_FI002027696,fail_block,27,33,0,0,1,1.0,0,short_ok,1,scan_doc,1
KCI_FI002027696,fail_block,28,33,0,0,1,1.0,0,short_ok,1,scan_doc,1
KCI_FI002038233,fail_block,1,47,47,47,1,1.0,0,short_ok,1,scan_doc,1
KCI_FI002038233,fail_block,2,47,47,47,1,1.0,0,short_ok,1,scan_doc,1
KCI_FI002038233,fail_block,3,47,47,47,1,1.0,0,short_ok,1,scan_doc,1
KCI_FI002038233,fail_block,4,47,47,47,1,1.0,0,short_ok,1,scan_doc,1
KCI_FI002038233,fail_block,5,47,47,47,1,1.0,0,short_ok,1,scan_doc,1
KCI_FI002038233,fail_block,6,47,47,47,1,1.0,0,short_ok,1,scan_doc,1
KCI_FI002038233,fail_block,7,47,47,47,1,1.0,0,short_ok,1,scan_doc,1
KCI_FI002038233,fail_block,8,47,47,47,1,1.0,0,short_ok,1,scan_doc,1
KCI_FI002038233,fail_block,9,47,47,47,1,1.0,0,short_ok,1,scan_doc,1
KCI_FI002038233,fail_block,10,47,47,47,1,1.0,0,short_ok,1,scan_doc,1
KCI_FI002038233,fail_block,11,47,47,47,1,1.0,0,short_ok,1,scan_doc,1
KCI_FI002038233,fail_block,12,47,47,47,1,1.0,0,short_ok,1,scan_doc,1
KCI_FI002038233,fail_block,13,47,47,47,1,1.0,0,short_ok,1,scan_doc,1
KCI_FI002038233,fail_block,14,47,47,47,1,1.0,0,short_ok,1,scan_doc,1
KCI_FI002038233,fail_block,15,47,47,47,1,1.0,0,short_ok,1,scan_doc,1
KCI_FI002038233,fail_block,16,47,47,47,1,1.0,0,short_ok,1,scan_doc,1
KCI_FI002038233,fail_block,17,47,47,47,1,1.0,0,short_ok,1,scan_doc,1
KCI_FI002038233,fail_block,18,47,47,47,1,1.0,0,short_ok,1,scan_doc,1
KCI_FI002038233,fail_block,19,47,47,47,1,1.0,0,short_ok,1,scan_doc,1
KCI_FI002027698,fail_block,0,33,0,0,1,1.0,0,short_ok,1,scan_doc,1
KCI_FI002027698,fail_block,1,33,0,0,1,1.0,0,short_ok,1,scan_doc,1
KCI_FI002027698,fail_block,2,33,0,0,1,1.0,0,short_ok,1,scan_doc,1
KCI_FI002027698,fail_block,3,33,0,0,1,1.0,0,short_ok,1,scan_doc,1
KCI_FI002027698,fail_block,4,33,0,0,1,1.0,0,short_ok,1,scan_doc,1
KCI_FI002027698,fail_block,5,33,0,0,1,1.0,0,short_ok,1,scan_doc,1
KCI_FI002027698,fail_block,6,33,0,0,1,1.0,0,short_ok,1,scan_doc,1
KCI_FI002027698,fail_block,7,33,0,0,1,1.0,0,short_ok,1,scan_doc,1
KCI_FI002027698,fail_block,8,33,0,0,1,1.0,0,short_ok,1,scan_doc,1
KCI_FI002027698,fail_block,9,33,0,0,1,1.0,0,short_ok,1,scan_doc,1
KCI_FI002027698,fail_block,10,33,0,0,1,1.0,0,short_ok,1,scan_doc,1
KCI_FI002027698,fail_block,11,33,0,0,1,1.0,0,short_ok,1,scan_doc,1
KCI_FI002027698,fail_block,12,33,0,0,1,1.0,0,short_ok,1,scan_doc,1
KCI_FI002027698,fail_block,13,33,0,0,1,1.0,0,short_ok,1,scan_doc,1
KCI_FI002027698,fail_block,14,33,0,0,1,1.0,0,short_ok,1,scan_doc,1
KCI_FI002027698,fail_block,15,33,0,0,1,1.0,0,short_ok,1,scan_doc,1
KCI_FI002027698,fail_block,16,33,0,0,1,1.0,0,short_ok,1,scan_doc,1
KCI_FI002027698,fail_block,17,33,0,0,1,1.0,0,short_ok,1,scan_doc,1
KCI_FI002027717,fail_block,0,33,0,0,1,1.0,0,short_ok,1,scan_doc,1
KCI_FI002027717,fail_block,1,33,0,0,1,1.0,0,short_ok,1,scan_doc,1
KCI_FI002027717,fail_block,2,33,0,0,1,1.0,0,short_ok,1,scan_doc,1
KCI_FI002027717,fail_block,3,33,0,0,1,1.0,0,short_ok,1,scan_doc,1
KCI_FI002027717,fail_block,4,33,0,0,1,1.0,0,short_ok,1,scan_doc,1
KCI_FI002027717,fail_block,5,33,0,0,1,1.0,0,short_ok,1,scan_doc,1
KCI_FI002027717,fail_block,6,33,0,0,1,1.0,0,short_ok,1,scan_doc,1
KCI_FI002027717,fail_block,7,33,0,0,1,1.0,0,short_ok,1,scan_doc,1
KCI_FI002027717,fail_block,8,33,0,0,1,1.0,0,short_ok,1,scan_doc,1
KCI_FI002027717,fail_block,9,33,0,0,1,1.0,0,short_ok,1,scan_doc,1
KCI_FI002027717,fail_block,10,33,0,0,1,1.0,0,short_ok,1,scan_doc,1
KCI_FI002027717,fail_block,11,33,0,0,1,1.0,0,short_ok,1,scan_doc,1
KCI_FI002027717,fail_block,12,33,0,0,1,1.0,0,short_ok,1,scan_doc,1
KCI_FI002027717,fail_block,13,33,0,0,1,1.0,0,short_ok,1,scan_doc,1
KCI_FI002027717,fail_block,14,33,0,0,1,1.0,0,short_ok,1,scan_doc,1
KCI_FI002027717,fail_block,15,33,0,0,1,1.0,0,short_ok,1,scan_doc,1
KCI_FI002027717,fail_block,16,33,0,0,1,1.0,0,short_ok,1,scan_doc,1
KCI_FI002027717,fail_block,17,33,0,0,1,1.0,0,short_ok,1,scan_doc,1
KCI_FI002027717,fail_block,18,33,0,0,1,1.0,0,short_ok,1,scan_doc,1
KCI_FI002027717,fail_block,19,33,0,0,1,1.0,0,short_ok,1,scan_doc,1
KCI_FI002027717,fail_block,20,33,0,0,1,1.0,0,short_ok,1,scan_doc,1
KCI_FI002027697,fail_block,0,33,0,0,1,1.0,0,short_ok,1,scan_doc,1
KCI_FI002027697,fail_block,1,33,0,0,1,1.0,0,short_ok,1,scan_doc,1
KCI_FI002027697,fail_block,2,33,0,0,1,1.0,0,short_ok,1,scan_doc,1
KCI_FI002027697,fail_block,3,33,0,0,1,1.0,0,short_ok,1,scan_doc,1
KCI_FI002027697,fail_block,4,33,0,0,1,1.0,0,short_ok,1,scan_doc,1
KCI_FI002027697,fail_block,5,33,0,0,1,1.0,0,short_ok,1,scan_doc,1
KCI_FI002027697,fail_block,6,33,0,0,1,1.0,0,short_ok,1,scan_doc,1
KCI_FI002027697,fail_block,7,33,0,0,1,1.0,0,short_ok,1,scan_doc,1
KCI_FI002027697,fail_block,8,33,0,0,1,1.0,0,short_ok,1,scan_doc,1
KCI_FI002027697,fail_block,9,33,0,0,1,1.0,0,short_ok,1,scan_doc,1
KCI_FI002027697,fail_block,10,33,0,0,1,1.0,0,short_ok,1,scan_doc,1
KCI_FI002027697,fail_block,11,33,0,0,1,1.0,0,short_ok,1,scan_doc,1
KCI_FI002027694,fail_block,0,33,0,0,1,1.0,0,short_ok,1,scan_doc,1
KCI_FI002027694,fail_block,1,33,0,0,1,1.0,0,short_ok,1,scan_doc,1
KCI_FI002027694,fail_block,2,33,0,0,1,1.0,0,short_ok,1,scan_doc,1
KCI_FI002027694,fail_block,3,33,0,0,1,1.0,0,short_ok,1,scan_doc,1
KCI_FI002027694,fail_block,4,33,0,0,1,1.0,0,short_ok,1,scan_doc,1
KCI_FI002027694,fail_block,5,33,0,0,1,1.0,0,short_ok,1,scan_doc,1
KCI_FI002027694,fail_block,6,33,0,0,1,1.0,0,short_ok,1,scan_doc,1
KCI_FI002027694,fail_block,7,33,0,0,1,1.0,0,short_ok,1,scan_doc,1
KCI_FI002027694,fail_block,8,33,0,0,1,1.0,0,short_ok,1,scan_doc,1
KCI_FI002027694,fail_block,9,33,0,0,1,1.0,0,short_ok,1,scan_doc,1
KCI_FI002027694,fail_block,10,33,0,0,1,1.0,0,short_ok,1,scan_doc,1
KCI_FI002027694,fail_block,11,33,0,0,1,1.0,0,short_ok,1,scan_doc,1
KCI_FI002027694,fail_block,12,33,0,0,1,1.0,0,short_ok,1,scan_doc,1
KCI_FI002027694,fail_block,13,33,0,0,1,1.0,0,short_ok,1,scan_doc,1
KCI_FI002027694,fail_block,14,33,0,0,1,1.0,0,short_ok,1,scan_doc,1
KCI_FI002027694,fail_block,15,33,0,0,1,1.0,0,short_ok,1,scan_doc,1
KCI_FI002027694,fail_block,16,33,0,0,1,1.0,0,short_ok,1,scan_doc,1
KCI_FI002027694,fail_block,17,33,0,0,1,1.0,0,short_ok,1,scan_doc,1
KCI_FI002027694,fail_block,18,33,0,0,1,1.0,0,short_ok,1,scan_doc,1
KCI_FI002027694,fail_block,19,33,0,0,1,1.0,0,short_ok,1,scan_doc,1
KCI_FI002027694,fail_block,20,33,0,0,1,1.0,0,short_ok,1,scan_doc,1
KCI_FI002027694,fail_block,21,33,0,0,1,1.0,0,short_ok,1,scan_doc,1
KCI_FI002027694,fail_block,22,33,0,0,1,1.0,0,short_ok,1,scan_doc,1
KCI_FI002027694,fail_block,23,33,0,0,1,1.0,0,short_ok,1,scan_doc,1
KCI_FI002027694,fail_block,24,33,0,0,1,1.0,0,short_ok,1,scan_doc,1
KCI_FI002027694,fail_block,25,33,0,0,1,1.0,0,short_ok,1,scan_doc,1
KCI_FI002027694,fail_block,26,33,0,0,1,1.0,0,short_ok,1,scan_doc,1
KCI_FI002027694,fail_block,27,33,0,0,1,1.0,0,short_ok,1,scan_doc,1
KCI_FI002027694,fail_block,28,33,0,0,1,1.0,0,short_ok,1,scan_doc,1
KCI_FI002027694,fail_block,29,33,0,0,1,1.0,0,short_ok,1,scan_doc,1
KCI_FI002027694,fail_block,30,33,0,0,1,1.0,0,short_ok,1,scan_doc,1
KCI_FI002027694,fail_block,31,33,0,0,1,1.0,0,short_ok,1,scan_doc,1
KCI_FI002027694,fail_block,32,33,0,0,1,1.0,0,short_ok,1,scan_doc,1
KCI_FI002027694,fail_block,33,33,0,0,1,1.0,0,short_ok,1,scan_doc,1
KCI_FI002027694,fail_block,34,33,0,0,1,1.0,0,short_ok,1,scan_doc,1
KCI_FI002027694,fail_block,35,33,0,0,1,1.0,0,short_ok,1,scan_doc,1
KCI_FI002027694,fail_block,36,33,0,0,1,1.0,0,short_ok,1,scan_doc,1
KCI_FI002027694,fail_block,37,33,0,0,1,1.0,0,short_ok,1,scan_doc,1
KCI_FI002027694,fail_block,38,33,0,0,1,1.0,0,short_ok,1,scan_doc,1
KCI_FI002027694,fail_block,39,33,0,0,1,1.0,0,short_ok,1,scan_doc,1
KCI_FI002027694,fail_block,40,33,0,0,1,1.0,0,short_ok,1,scan_doc,1
KCI_FI002027694,fail_block,41,33,0,0,1,1.0,0,short_ok,1,scan_doc,1
KCI_FI002027694,fail_block,42,33,0,0,1,1.0,0,short_ok,1,scan_doc,1
KCI_FI002027694,fail_block,43,33,0,0,1,1.0,0,short_ok,1,scan_doc,1
KCI_FI002038228,fail_block,1,47,47,47,1,1.0,0,short_ok,1,scan_doc,1
KCI_FI002038228,fail_block,2,47,47,47,1,1.0,0,short_ok,1,scan_doc,1
KCI_FI002038228,fail_block,3,47,47,47,1,1.0,0,short_ok,1,scan_doc,1
KCI_FI002038228,fail_block,4,47,47,47,1,1.0,0,short_ok,1,scan_doc,1
KCI_FI002038228,fail_block,5,47,47,47,1,1.0,0,short_ok,1,scan_doc,1
KCI_FI002038228,fail_block,6,47,47,47,1,1.0,0,short_ok,1,scan_doc,1
KCI_FI002038228,fail_block,7,47,47,47,1,1.0,0,short_ok,1,scan_doc,1
KCI_FI002038228,fail_block,8,47,47,47,1,1.0,0,short_ok,1,scan_doc,1
KCI_FI002038228,fail_block,9,47,47,47,1,1.0,0,short_ok,1,scan_doc,1
KCI_FI002038228,fail_block,10,47,47,47,1,1.0,0,short_ok,1,scan_doc,1
KCI_FI002038228,fail_block,11,47,47,47,1,1.0,0,short_ok,1,scan_doc,1
KCI_FI002038228,fail_block,12,47,47,47,1,1.0,0,short_ok,1,scan_doc,1
KCI_FI002038228,fail_block,13,47,47,47,1,1.0,0,short_ok,1,scan_doc,1
KCI_FI002038228,fail_block,14,47,47,47,1,1.0,0,short_ok,1,scan_doc,1
KCI_FI002038228,fail_block,15,47,47,47,1,1.0,0,short_ok,1,scan_doc,1
KCI_FI002027714,fail_block,0,33,0,0,1,1.0,0,short_ok,1,scan_doc,1
KCI_FI002027714,fail_block,1,33,0,0,1,1.0,0,short_ok,1,scan_doc,1
KCI_FI002027714,fail_block,2,33,0,0,1,1.0,0,short_ok,1,scan_doc,1
KCI_FI002027714,fail_block,3,33,0,0,1,1.0,0,short_ok,1,scan_doc,1
KCI_FI002027714,fail_block,4,33,0,0,1,1.0,0,short_ok,1,scan_doc,1
KCI_FI002027714,fail_block,5,33,0,0,1,1.0,0,short_ok,1,scan_doc,1
KCI_FI002027714,fail_block,6,33,0,0,1,1.0,0,short_ok,1,scan_doc,1
KCI_FI002027714,fail_block,7,33,0,0,1,1.0,0,short_ok,1,scan_doc,1
KCI_FI002027714,fail_block,8,33,0,0,1,1.0,0,short_ok,1,scan_doc,1
KCI_FI002027714,fail_block,9,33,0,0,1,1.0,0,short_ok,1,scan_doc,1
KCI_FI002027715,fail_block,0,33,0,0,1,1.0,0,short_ok,1,scan_doc,1
KCI_FI002027715,fail_block,1,33,0,0,1,1.0,0,short_ok,1,scan_doc,1
KCI_FI002027715,fail_block,2,33,0,0,1,1.0,0,short_ok,1,scan_doc,1
KCI_FI002027715,fail_block,3,33,0,0,1,1.0,0,short_ok,1,scan_doc,1
KCI_FI002027715,fail_block,4,33,0,0,1,1.0,0,short_ok,1,scan_doc,1
KCI_FI002027715,fail_block,5,33,0,0,1,1.0,0,short_ok,1,scan_doc,1
KCI_FI002027715,fail_block,6,33,0,0,1,1.0,0,short_ok,1,scan_doc,1
KCI_FI002027715,fail_block,7,33,0,0,1,1.0,0,short_ok,1,scan_doc,1
KCI_FI002027715,fail_block,8,33,0,0,1,1.0,0,short_ok,1,scan_doc,1
KCI_FI002027715,fail_block,9,33,0,0,1,1.0,0,short_ok,1,scan_doc,1
KCI_FI002027715,fail_block,10,33,0,0,1,1.0,0,short_ok,1,scan_doc,1
KCI_FI002027715,fail_block,11,33,0,0,1,1.0,0,short_ok,1,scan_doc,1
KCI_FI002027715,fail_block,12,33,0,0,1,1.0,0,short_ok,1,scan_doc,1
KCI_FI002027715,fail_block,13,33,0,0,1,1.0,0,short_ok,1,scan_doc,1
KCI_FI002027715,fail_block,14,33,0,0,1,1.0,0,short_ok,1,scan_doc,1
KCI_FI002027715,fail_block,15,33,0,0,1,1.0,0,short_ok,1,scan_doc,1
KCI_FI002027715,fail_block,16,33,0,0,1,1.0,0,short_ok,1,scan_doc,1
KCI_FI002027715,fail_block,17,33,0,0,1,1.0,0,short_ok,1,scan_doc,1
KCI_FI002027715,fail_block,18,33,0,0,1,1.0,0,short_ok,1,scan_doc,1
KCI_FI002027715,fail_block,19,33,0,0,1,1.0,0,short_ok,1,scan_doc,1
KCI_FI002027715,fail_block,20,33,0,0,1,1.0,0,short_ok,1,scan_doc,1
KCI_FI002027715,fail_block,21,33,0,0,1,1.0,0,short_ok,1,scan_doc,1
KCI_FI002027715,fail_block,22,33,0,0,1,1.0,0,short_ok,1,scan_doc,1
KCI_FI002027715,fail_block,23,33,0,0,1,1.0,0,short_ok,1,scan_doc,1
KCI_FI002027715,fail_block,24,33,0,0,1,1.0,0,short_ok,1,scan_doc,1
KCI_FI002027715,fail_block,25,33,0,0,1,1.0,0,short_ok,1,scan_doc,1
KCI_FI002027715,fail_block,26,33,0,0,1,1.0,0,short_ok,1,scan_doc,1
KCI_FI002027715,fail_block,27,33,0,0,1,1.0,0,short_ok,1,scan_doc,1
KCI_FI002027715,fail_block,28,33,0,0,1,1.0,0,short_ok,1,scan_doc,1
KCI_FI002027715,fail_block,29,33,0,0,1,1.0,0,short_ok,1,scan_doc,1
KCI_FI002027715,fail_block,30,33,0,0,1,1.0,0,short_ok,1,scan_doc,1
KCI_FI002027715,fail_block,31,33,0,0,1,1.0,0,short_ok,1,scan_doc,1
KCI_FI002027715,fail_block,32,33,0,0,1,1.0,0,short_ok,1,scan_doc,1
KCI_FI002027715,fail_block,33,33,0,0,1,1.0,0,short_ok,1,scan_doc,1
KCI_FI002027715,fail_block,34,33,0,0,1,1.0,0,short_ok,1,scan_doc,1
KCI_FI002027715,fail_block,35,33,0,0,1,1.0,0,short_ok,1,scan_doc,1
KCI_FI002027693,fail_block,0,33,0,0,1,1.0,0,short_ok,1,scan_doc,1
KCI_FI002027693,fail_block,1,33,0,0,1,1.0,0,short_ok,1,scan_doc,1
KCI_FI002027693,fail_block,2,33,0,0,1,1.0,0,short_ok,1,scan_doc,1
KCI_FI002027693,fail_block,3,33,0,0,1,1.0,0,short_ok,1,scan_doc,1
KCI_FI002027693,fail_block,4,33,0,0,1,1.0,0,short_ok,1,scan_doc,1
KCI_FI002027693,fail_block,5,33,0,0,1,1.0,0,short_ok,1,scan_doc,1
KCI_FI002027693,fail_block,6,33,0,0,1,1.0,0,short_ok,1,scan_doc,1
KCI_FI002027693,fail_block,7,33,0,0,1,1.0,0,short_ok,1,scan_doc,1
KCI_FI002027693,fail_block,8,33,0,0,1,1.0,0,short_ok,1,scan_doc,1
KCI_FI002027693,fail_block,9,33,0,0,1,1.0,0,short_ok,1,scan_doc,1
KCI_FI002027693,fail_block,10,33,0,0,1,1.0,0,short_ok,1,scan_doc,1
KCI_FI002027693,fail_block,11,33,0,0,1,1.0,0,short_ok,1,scan_doc,1
KCI_FI002027693,fail_block,12,33,0,0,1,1.0,0,short_ok,1,scan_doc,1
KCI_FI002027693,fail_block,13,33,0,0,1,1.0,0,short_ok,1,scan_doc,1
KCI_FI002027693,fail_block,14,33,0,0,1,1.0,0,short_ok,1,scan_doc,1
KCI_FI002027693,fail_block,15,33,0,0,1,1.0,0,short_ok,1,scan_doc,1
KCI_FI002027693,fail_block,16,33,0,0,1,1.0,0,short_ok,1,scan_doc,1
KCI_FI002027693,fail_block,17,33,0,0,1,1.0,0,short_ok,1,scan_doc,1
KCI_FI002027693,fail_block,18,33,0,0,1,1.0,0,short_ok,1,scan_doc,1
KCI_FI002027693,fail_block,19,33,0,0,1,1.0,0,short_ok,1,scan_doc,1
KCI_FI002027693,fail_block,20,33,0,0,1,1.0,0,short_ok,1,scan_doc,1
KCI_FI002027693,fail_block,21,33,0,0,1,1.0,0,short_ok,1,scan_doc,1
KCI_FI002027693,fail_block,22,33,0,0,1,1.0,0,short_ok,1,scan_doc,1
KCI_FI002027693,fail_block,23,33,0,0,1,1.0,0,short_ok,1,scan_doc,1
KCI_FI002027693,fail_block,24,33,0,0,1,1.0,0,short_ok,1,scan_doc,1
KCI_FI002027693,fail_block,25,33,0,0,1,1.0,0,short_ok,1,scan_doc,1
KCI_FI002027693,fail_block,26,33,0,0,1,1.0,0,short_ok,1,scan_doc,1
KCI_FI002027693,fail_block,27,33,0,0,1,1.0,0,short_ok,1,scan_doc,1
KCI_FI002027693,fail_block,28,33,0,0,1,1.0,0,short_ok,1,scan_doc,1
KCI_FI002027693,fail_block,29,33,0,0,1,1.0,0,short_ok,1,scan_doc,1
KCI_FI002027693,fail_block,30,33,0,0,1,1.0,0,short_ok,1,scan_doc,1
KCI_FI002027693,fail_block,31,33,0,0,1,1.0,0,short_ok,1,scan_doc,1
KCI_FI002027693,fail_block,32,33,0,0,1,1.0,0,short_ok,1,scan_doc,1
KCI_FI002027693,fail_block,33,33,0,0,1,1.0,0,short_ok,1,scan_doc,1
KCI_FI002027693,fail_block,34,33,0,0,1,1.0,0,short_ok,1,scan_doc,1
KCI_FI002027693,fail_block,35,33,0,0,1,1.0,0,short_ok,1,scan_doc,1
KCI_FI002027693,fail_block,36,33,0,0,1,1.0,0,short_ok,1,scan_doc,1
KCI_FI002027693,fail_block,37,33,0,0,1,1.0,0,short_ok,1,scan_doc,1
KCI_FI002027693,fail_block,38,33,0,0,1,1.0,0,short_ok,1,scan_doc,1
KCI_FI002027693,fail_block,39,33,0,0,1,1.0,0,short_ok,1,scan_doc,1
KCI_FI002027693,fail_block,40,33,0,0,1,1.0,0,short_ok,1,scan_doc,1
KCI_FI002027693,fail_block,41,33,0,0,1,1.0,0,short_ok,1,scan_doc,1
KCI_FI002027693,fail_block,42,33,0,0,1,1.0,0,short_ok,1,scan_doc,1
KCI_FI002027693,fail_block,43,33,0,0,1,1.0,0,short_ok,1,scan_doc,1
KCI_FI002027693,fail_block,44,33,0,0,1,1.0,0,short_ok,1,scan_doc,1
KCI_FI002027693,fail_block,45,33,0,0,1,1.0,0,short_ok,1,scan_doc,1
KCI_FI002027693,fail_block,46,33,0,0,1,1.0,0,short_ok,1,scan_doc,1
KCI_FI002027726,fail_block,0,33,0,0,1,1.0,0,short_ok,1,scan_doc,1
KCI_FI002027726,fail_block,1,33,0,0,1,1.0,0,short_ok,1,scan_doc,1
KCI_FI002027726,fail_block,2,33,0,0,1,1.0,0,short_ok,1,scan_doc,1
KCI_FI002027726,fail_block,3,33,0,0,1,1.0,0,short_ok,1,scan_doc,1
KCI_FI002027726,fail_block,4,33,0,0,1,1.0,0,short_ok,1,scan_doc,1
KCI_FI002027726,fail_block,5,33,0,0,1,1.0,0,short_ok,1,scan_doc,1
KCI_FI002027726,fail_block,6,33,0,0,1,1.0,0,short_ok,1,scan_doc,1
KCI_FI002027726,fail_block,7,33,0,0,1,1.0,0,short_ok,1,scan_doc,1
KCI_FI002027726,fail_block,8,33,0,0,1,1.0,0,short_ok,1,scan_doc,1
KCI_FI002027726,fail_block,9,33,0,0,1,1.0,0,short_ok,1,scan_doc,1
KCI_FI002027726,fail_block,10,33,0,0,1,1.0,0,short_ok,1,scan_doc,1
KCI_FI002027726,fail_block,11,33,0,0,1,1.0,0,short_ok,1,scan_doc,1
KCI_FI002027726,fail_block,12,33,0,0,1,1.0,0,short_ok,1,scan_doc,1
KCI_FI002027726,fail_block,13,33,0,0,1,1.0,0,short_ok,1,scan_doc,1
KCI_FI002027726,fail_block,14,33,0,0,1,1.0,0,short_ok,1,scan_doc,1
KCI_FI002027726,fail_block,15,33,0,0,1,1.0,0,short_ok,1,scan_doc,1
KCI_FI002027726,fail_block,16,33,0,0,1,1.0,0,short_ok,1,scan_doc,1
KCI_FI002027726,fail_block,17,33,0,0,1,1.0,0,short_ok,1,scan_doc,1
KCI_FI002027726,fail_block,18,33,0,0,1,1.0,0,short_ok,1,scan_doc,1
KCI_FI002027726,fail_block,19,33,0,0,1,1.0,0,short_ok,1,scan_doc,1
KCI_FI002027726,fail_block,20,33,0,0,1,1.0,0,short_ok,1,scan_doc,1
KCI_FI002027726,fail_block,21,33,0,0,1,1.0,0,short_ok,1,scan_doc,1
KCI_FI002027726,fail_block,22,33,0,0,1,1.0,0,short_ok,1,scan_doc,1
KCI_FI002027726,fail_block,23,33,0,0,1,1.0,0,short_ok,1,scan_doc,1
KCI_FI002027692,fail_block,0,33,0,0,1,1.0,0,short_ok,1,scan_doc,1
KCI_FI002027692,fail_block,1,33,0,0,1,1.0,0,short_ok,1,scan_doc,1
KCI_FI002027692,fail_block,2,33,0,0,1,1.0,0,short_ok,1,scan_doc,1
KCI_FI002027692,fail_block,3,33,0,0,1,1.0,0,short_ok,1,scan_doc,1
KCI_FI002027692,fail_block,4,33,0,0,1,1.0,0,short_ok,1,scan_doc,1
KCI_FI002027692,fail_block,5,33,0,0,1,1.0,0,short_ok,1,scan_doc,1
KCI_FI002027692,fail_block,6,33,0,0,1,1.0,0,short_ok,1,scan_doc,1
KCI_FI002027692,fail_block,7,33,0,0,1,1.0,0,short_ok,1,scan_doc,1
KCI_FI002027692,fail_block,8,33,0,0,1,1.0,0,short_ok,1,scan_doc,1
KCI_FI002027692,fail_block,9,33,0,0,1,1.0,0,short_ok,1,scan_doc,1
KCI_FI002027692,fail_block,10,33,0,0,1,1.0,0,short_ok,1,scan_doc,1
KCI_FI002027692,fail_block,11,33,0,0,1,1.0,0,short_ok,1,scan_doc,1
KCI_FI002027692,fail_block,12,33,0,0,1,1.0,0,short_ok,1,scan_doc,1
KCI_FI002027692,fail_block,13,33,0,0,1,1.0,0,short_ok,1,scan_doc,1
KCI_FI002027692,fail_block,14,33,0,0,1,1.0,0,short_ok,1,scan_doc,1
KCI_FI002027692,fail_block,15,33,0,0,1,1.0,0,short_ok,1,scan_doc,1
KCI_FI002027692,fail_block,16,33,0,0,1,1.0,0,short_ok,1,scan_doc,1
KCI_FI002027692,fail_block,17,33,0,0,1,1.0,0,short_ok,1,scan_doc,1
KCI_FI002027692,fail_block,18,33,0,0,1,1.0,0,short_ok,1,scan_doc,1
KCI_FI002027692,fail_block,19,33,0,0,1,1.0,0,short_ok,1,scan_doc,1
KCI_FI002027692,fail_block,20,33,0,0,1,1.0,0,short_ok,1,scan_doc,1
KCI_FI002027692,fail_block,21,33,0,0,1,1.0,0,short_ok,1,scan_doc,1
KCI_FI002027692,fail_block,22,33,0,0,1,1.0,0,short_ok,1,scan_doc,1
KCI_FI002027692,fail_block,23,33,0,0,1,1.0,0,short_ok,1,scan_doc,1
KCI_FI002027692,fail_block,24,33,0,0,1,1.0,0,short_ok,1,scan_doc,1
KCI_FI002027692,fail_block,25,33,0,0,1,1.0,0,short_ok,1,scan_doc,1
KCI_FI002027692,fail_block,26,33,0,0,1,1.0,0,short_ok,1,scan_doc,1
KCI_FI002027692,fail_block,27,33,0,0,1,1.0,0,short_ok,1,scan_doc,1
KCI_FI002027692,fail_block,28,33,0,0,1,1.0,0,short_ok,1,scan_doc,1
KCI_FI002027716,fail_block,0,33,0,0,1,1.0,0,short_ok,1,scan_doc,1
KCI_FI002027716,fail_block,1,33,0,0,1,1.0,0,short_ok,1,scan_doc,1
KCI_FI002027716,fail_block,2,33,0,0,1,1.0,0,short_ok,1,scan_doc,1
KCI_FI002027716,fail_block,3,33,0,0,1,1.0,0,short_ok,1,scan_doc,1
KCI_FI002027716,fail_block,4,33,0,0,1,1.0,0,short_ok,1,scan_doc,1
KCI_FI002027716,fail_block,5,33,0,0,1,1.0,0,short_ok,1,scan_doc,1
KCI_FI002027716,fail_block,6,33,0,0,1,1.0,0,short_ok,1,scan_doc,1
KCI_FI002027716,fail_block,7,33,0,0,1,1.0,0,short_ok,1,scan_doc,1
KCI_FI002027716,fail_block,8,33,0,0,1,1.0,0,short_ok,1,scan_doc,1
KCI_FI002027716,fail_block,9,33,0,0,1,1.0,0,short_ok,1,scan_doc,1
KCI_FI002027716,fail_block,10,33,0,0,1,1.0,0,short_ok,1,scan_doc,1
KCI_FI002027716,fail_block,11,33,0,0,1,1.0,0,short_ok,1,scan_doc,1
KCI_FI002027716,fail_block,12,33,0,0,1,1.0,0,short_ok,1,scan_doc,1
KCI_FI002027716,fail_block,13,33,0,0,1,1.0,0,short_ok,1,scan_doc,1
KCI_FI002027716,fail_block,14,33,0,0,1,1.0,0,short_ok,1,scan_doc,1
KCI_FI002038237,fail_block,1,47,47,47,1,1.0,0,short_ok,1,scan_doc,1
KCI_FI002038237,fail_block,2,47,47,47,1,1.0,0,short_ok,1,scan_doc,1
KCI_FI002038237,fail_block,3,47,47,47,1,1.0,0,short_ok,1,scan_doc,1
KCI_FI002038237,fail_block,4,47,47,47,1,1.0,0,short_ok,1,scan_doc,1
KCI_FI002038237,fail_block,5,47,47,47,1,1.0,0,short_ok,1,scan_doc,1
KCI_FI002038237,fail_block,6,47,47,47,1,1.0,0,short_ok,1,scan_doc,1
KCI_FI002038237,fail_block,7,47,47,47,1,1.0,0,short_ok,1,scan_doc,1
KCI_FI002038237,fail_block,8,47,47,47,1,1.0,0,short_ok,1,scan_doc,1
KCI_FI002038237,fail_block,9,47,47,47,1,1.0,0,short_ok,1,scan_doc,1
KCI_FI002038237,fail_block,10,47,47,47,1,1.0,0,short_ok,1,scan_doc,1
KCI_FI002038237,fail_block,11,47,47,47,1,1.0,0,short_ok,1,scan_doc,1
KCI_FI002038237,fail_block,12,47,47,47,1,1.0,0,short_ok,1,scan_doc,1
KCI_FI002038237,fail_block,13,47,47,47,1,1.0,0,short_ok,1,scan_doc,1
KCI_FI002038237,fail_block,14,47,47,47,1,1.0,0,short_ok,1,scan_doc,1
KCI_FI002027683,fail_block,0,33,0,0,1,1.0,0,short_ok,1,scan_doc,1
KCI_FI002027683,fail_block,1,33,0,0,1,1.0,0,short_ok,1,scan_doc,1
KCI_FI002027683,fail_block,2,33,0,0,1,1.0,0,short_ok,1,scan_doc,1
KCI_FI002027683,fail_block,3,33,0,0,1,1.0,0,short_ok,1,scan_doc,1
KCI_FI002027683,fail_block,4,33,0,0,1,1.0,0,short_ok,1,scan_doc,1
KCI_FI002027683,fail_block,5,33,0,0,1,1.0,0,short_ok,1,scan_doc,1
KCI_FI002027683,fail_block,6,33,0,0,1,1.0,0,short_ok,1,scan_doc,1
KCI_FI002027683,fail_block,7,33,0,0,1,1.0,0,short_ok,1,scan_doc,1
KCI_FI002027683,fail_block,8,33,0,0,1,1.0,0,short_ok,1,scan_doc,1
KCI_FI002027683,fail_block,9,33,0,0,1,1.0,0,short_ok,1,scan_doc,1
KCI_FI002027683,fail_block,10,33,0,0,1,1.0,0,short_ok,1,scan_doc,1
KCI_FI002027683,fail_block,11,33,0,0,1,1.0,0,short_ok,1,scan_doc,1
KCI_FI002027683,fail_block,12,33,0,0,1,1.0,0,short_ok,1,scan_doc,1
KCI_FI002027683,fail_block,13,33,0,0,1,1.0,0,short_ok,1,scan_doc,1
KCI_FI002027683,fail_block,14,33,0,0,1,1.0,0,short_ok,1,scan_doc,1
KCI_FI002027683,fail_block,15,33,0,0,1,1.0,0,short_ok,1,scan_doc,1
KCI_FI002027683,fail_block,16,33,0,0,1,1.0,0,short_ok,1,scan_doc,1
KCI_FI002027683,fail_block,17,33,0,0,1,1.0,0,short_ok,1,scan_doc,1
KCI_FI002027679,fail_block,0,33,0,0,1,1.0,0,short_ok,1,scan_doc,1
KCI_FI002027679,fail_block,1,33,0,0,1,1.0,0,short_ok,1,scan_doc,1
KCI_FI002027679,fail_block,2,33,0,0,1,1.0,0,short_ok,1,scan_doc,1
KCI_FI002027679,fail_block,3,33,0,0,1,1.0,0,short_ok,1,scan_doc,1
KCI_FI002027679,fail_block,4,33,0,0,1,1.0,0,short_ok,1,scan_doc,1
KCI_FI002027679,fail_block,5,33,0,0,1,1.0,0,short_ok,1,scan_doc,1
KCI_FI002027679,fail_block,6,33,0,0,1,1.0,0,short_ok,1,scan_doc,1
KCI_FI002027679,fail_block,7,33,0,0,1,1.0,0,short_ok,1,scan_doc,1
KCI_FI002027679,fail_block,8,33,0,0,1,1.0,0,short_ok,1,scan_doc,1
KCI_FI002027679,fail_block,9,33,0,0,1,1.0,0,short_ok,1,scan_doc,1
KCI_FI002027679,fail_block,10,33,0,0,1,1.0,0,short_ok,1,scan_doc,1
KCI_FI002027679,fail_block,11,33,0,0,1,1.0,0,short_ok,1,scan_doc,1
KCI_FI002027679,fail_block,12,33,0,0,1,1.0,0,short_ok,1,scan_doc,1
KCI_FI002027679,fail_block,13,33,0,0,1,1.0,0,short_ok,1,scan_doc,1
KCI_FI002027679,fail_block,14,33,0,0,1,1.0,0,short_ok,1,scan_doc,1
KCI_FI002027679,fail_block,15,33,0,0,1,1.0,0,short_ok,1,scan_doc,1
KCI_FI002027679,fail_block,16,33,0,0,1,1.0,0,short_ok,1,scan_doc,1
KCI_FI002027679,fail_block,17,33,0,0,1,1.0,0,short_ok,1,scan_doc,1
KCI_FI002027679,fail_block,18,33,0,0,1,1.0,0,short_ok,1,scan_doc,1
KCI_FI002027679,fail_block,19,33,0,0,1,1.0,0,short_ok,1,scan_doc,1
KCI_FI002027679,fail_block,20,33,0,0,1,1.0,0,short_ok,1,scan_doc,1
KCI_FI002027679,fail_block,21,33,0,0,1,1.0,0,short_ok,1,scan_doc,1
KCI_FI002027679,fail_block,22,33,0,0,1,1.0,0,short_ok,1,scan_doc,1
KCI_FI002027679,fail_block,23,33,0,0,1,1.0,0,short_ok,1,scan_doc,1
KCI_FI002027679,fail_block,24,33,0,0,1,1.0,0,short_ok,1,scan_doc,1
KCI_FI002027679,fail_block,25,33,0,0,1,1.0,0,short_ok,1,scan_doc,1
KCI_FI002027679,fail_block,26,33,0,0,1,1.0,0,short_ok,1,scan_doc,1
KCI_FI002027679,fail_block,27,33,0,0,1,1.0,0,short_ok,1,scan_doc,1
KCI_FI002027679,fail_block,28,33,0,0,1,1.0,0,short_ok,1,scan_doc,1
KCI_FI002027679,fail_block,29,33,0,0,1,1.0,0,short_ok,1,scan_doc,1
KCI_FI002027679,fail_block,30,33,0,0,1,1.0,0,short_ok,1,scan_doc,1
KCI_FI002027679,fail_block,31,33,0,0,1,1.0,0,short_ok,1,scan_doc,1
KCI_FI002027679,fail_block,32,33,0,0,1,1.0,0,short_ok,1,scan_doc,1
KCI_FI002027679,fail_block,33,33,0,0,1,1.0,0,short_ok,1,scan_doc,1
KCI_FI002027679,fail_block,34,33,0,0,1,1.0,0,short_ok,1,scan_doc,1
KCI_FI002027679,fail_block,35,33,0,0,1,1.0,0,short_ok,1,scan_doc,1
KCI_FI002027679,fail_block,36,33,0,0,1,1.0,0,short_ok,1,scan_doc,1
KCI_FI002027679,fail_block,37,33,0,0,1,1.0,0,short_ok,1,scan_doc,1
KCI_FI002027679,fail_block,38,33,0,0,1,1.0,0,short_ok,1,scan_doc,1
KCI_FI002027679,fail_block,39,33,0,0,1,1.0,0,short_ok,1,scan_doc,1
KCI_FI002027679,fail_block,40,33,0,0,1,1.0,0,short_ok,1,scan_doc,1
KCI_FI002027679,fail_block,41,33,0,0,1,1.0,0,short_ok,1,scan_doc,1
KCI_FI002027679,fail_block,42,33,0,0,1,1.0,0,short_ok,1,scan_doc,1
KCI_FI002027679,fail_block,43,33,0,0,1,1.0,0,short_ok,1,scan_doc,1
KCI_FI002027679,fail_block,44,33,0,0,1,1.0,0,short_ok,1,scan_doc,1
KCI_FI002027679,fail_block,45,33,0,0,1,1.0,0,short_ok,1,scan_doc,1
KCI_FI002027682,fail_block,0,33,0,0,1,1.0,0,short_ok,1,scan_doc,1
KCI_FI002027682,fail_block,1,33,0,0,1,1.0,0,short_ok,1,scan_doc,1
KCI_FI002027682,fail_block,2,33,0,0,1,1.0,0,short_ok,1,scan_doc,1
KCI_FI002027682,fail_block,3,33,0,0,1,1.0,0,short_ok,1,scan_doc,1
KCI_FI002027682,fail_block,4,33,0,0,1,1.0,0,short_ok,1,scan_doc,1
KCI_FI002027682,fail_block,5,33,0,0,1,1.0,0,short_ok,1,scan_doc,1
KCI_FI002027682,fail_block,6,33,0,0,1,1.0,0,short_ok,1,scan_doc,1
KCI_FI002027682,fail_block,7,33,0,0,1,1.0,0,short_ok,1,scan_doc,1
KCI_FI002027682,fail_block,8,33,0,0,1,1.0,0,short_ok,1,scan_doc,1
KCI_FI002027682,fail_block,9,33,0,0,1,1.0,0,short_ok,1,scan_doc,1
KCI_FI002027682,fail_block,10,33,0,0,1,1.0,0,short_ok,1,scan_doc,1
KCI_FI002027682,fail_block,11,33,0,0,1,1.0,0,short_ok,1,scan_doc,1
KCI_FI002027682,fail_block,12,33,0,0,1,1.0,0,short_ok,1,scan_doc,1
KCI_FI002027682,fail_block,13,33,0,0,1,1.0,0,short_ok,1,scan_doc,1
KCI_FI002027675,fail_block,0,33,0,0,1,1.0,0,short_ok,1,scan_doc,1
KCI_FI002027675,fail_block,1,33,0,0,1,1.0,0,short_ok,1,scan_doc,1
KCI_FI002027675,fail_block,2,33,0,0,1,1.0,0,short_ok,1,scan_doc,1
KCI_FI002027675,fail_block,3,33,0,0,1,1.0,0,short_ok,1,scan_doc,1
KCI_FI002027675,fail_block,4,33,0,0,1,1.0,0,short_ok,1,scan_doc,1
KCI_FI002027675,fail_block,5,33,0,0,1,1.0,0,short_ok,1,scan_doc,1
KCI_FI002027675,fail_block,6,33,0,0,1,1.0,0,short_ok,1,scan_doc,1
KCI_FI002027675,fail_block,7,33,0,0,1,1.0,0,short_ok,1,scan_doc,1
KCI_FI002027675,fail_block,8,33,0,0,1,1.0,0,short_ok,1,scan_doc,1
KCI_FI002027675,fail_block,9,33,0,0,1,1.0,0,short_ok,1,scan_doc,1
KCI_FI002027675,fail_block,10,33,0,0,1,1.0,0,short_ok,1,scan_doc,1
KCI_FI002027675,fail_block,11,33,0,0,1,1.0,0,short_ok,1,scan_doc,1
KCI_FI002027675,fail_block,12,33,0,0,1,1.0,0,short_ok,1,scan_doc,1
KCI_FI002027675,fail_block,13,33,0,0,1,1.0,0,short_ok,1,scan_doc,1
KCI_FI002027675,fail_block,14,33,0,0,1,1.0,0,short_ok,1,scan_doc,1
KCI_FI002027675,fail_block,15,33,0,0,1,1.0,0,short_ok,1,scan_doc,1
KCI_FI002027675,fail_block,16,33,0,0,1,1.0,0,short_ok,1,scan_doc,1
KCI_FI002027675,fail_block,17,33,0,0,1,1.0,0,short_ok,1,scan_doc,1
KCI_FI002027675,fail_block,18,33,0,0,1,1.0,0,short_ok,1,scan_doc,1
KCI_FI002027675,fail_block,19,33,0,0,1,1.0,0,short_ok,1,scan_doc,1
KCI_FI002027675,fail_block,20,33,0,0,1,1.0,0,short_ok,1,scan_doc,1
KCI_FI002027675,fail_block,21,33,0,0,1,1.0,0,short_ok,1,scan_doc,1
KCI_FI002027675,fail_block,22,33,0,0,1,1.0,0,short_ok,1,scan_doc,1
KCI_FI002027675,fail_block,23,33,0,0,1,1.0,0,short_ok,1,scan_doc,1
KCI_FI002027676,fail_block,0,33,0,0,1,1.0,0,short_ok,1,scan_doc,1
KCI_FI002027676,fail_block,1,33,0,0,1,1.0,0,short_ok,1,scan_doc,1
KCI_FI002027676,fail_block,2,33,0,0,1,1.0,0,short_ok,1,scan_doc,1
KCI_FI002027676,fail_block,3,33,0,0,1,1.0,0,short_ok,1,scan_doc,1
KCI_FI002027676,fail_block,4,33,0,0,1,1.0,0,short_ok,1,scan_doc,1
KCI_FI002027676,fail_block,5,33,0,0,1,1.0,0,short_ok,1,scan_doc,1
KCI_FI002027676,fail_block,6,33,0,0,1,1.0,0,short_ok,1,scan_doc,1
KCI_FI002027676,fail_block,7,33,0,0,1,1.0,0,short_ok,1,scan_doc,1
KCI_FI002027676,fail_block,8,33,0,0,1,1.0,0,short_ok,1,scan_doc,1
KCI_FI002027676,fail_block,9,33,0,0,1,1.0,0,short_ok,1,scan_doc,1
KCI_FI002027676,fail_block,10,33,0,0,1,1.0,0,short_ok,1,scan_doc,1
KCI_FI002027676,fail_block,11,33,0,0,1,1.0,0,short_ok,1,scan_doc,1
KCI_FI002027676,fail_block,12,33,0,0,1,1.0,0,short_ok,1,scan_doc,1
KCI_FI002027678,fail_block,0,33,0,0,1,1.0,0,short_ok,1,scan_doc,1
KCI_FI002027678,fail_block,1,33,0,0,1,1.0,0,short_ok,1,scan_doc,1
KCI_FI002027678,fail_block,2,33,0,0,1,1.0,0,short_ok,1,scan_doc,1
KCI_FI002027678,fail_block,3,33,0,0,1,1.0,0,short_ok,1,scan_doc,1
KCI_FI002027678,fail_block,4,33,0,0,1,1.0,0,short_ok,1,scan_doc,1
KCI_FI002027678,fail_block,5,33,0,0,1,1.0,0,short_ok,1,scan_doc,1
KCI_FI002027678,fail_block,6,33,0,0,1,1.0,0,short_ok,1,scan_doc,1
KCI_FI002027678,fail_block,7,33,0,0,1,1.0,0,short_ok,1,scan_doc,1
KCI_FI002027678,fail_block,8,33,0,0,1,1.0,0,short_ok,1,scan_doc,1
KCI_FI002027678,fail_block,9,33,0,0,1,1.0,0,short_ok,1,scan_doc,1
KCI_FI002027678,fail_block,10,33,0,0,1,1.0,0,short_ok,1,scan_doc,1
KCI_FI002027678,fail_block,11,33,0,0,1,1.0,0,short_ok,1,scan_doc,1
KCI_FI002027678,fail_block,12,33,0,0,1,1.0,0,short_ok,1,scan_doc,1
KCI_FI002027678,fail_block,13,33,0,0,1,1.0,0,short_ok,1,scan_doc,1
KCI_FI002027678,fail_block,14,33,0,0,1,1.0,0,short_ok,1,scan_doc,1
KCI_FI002027678,fail_block,15,33,0,0,1,1.0,0,short_ok,1,scan_doc,1
KCI_FI002027678,fail_block,16,33,0,0,1,1.0,0,short_ok,1,scan_doc,1
KCI_FI002027678,fail_block,17,33,0,0,1,1.0,0,short_ok,1,scan_doc,1
KCI_FI002027678,fail_block,18,33,0,0,1,1.0,0,short_ok,1,scan_doc,1
KCI_FI002027678,fail_block,19,33,0,0,1,1.0,0,short_ok,1,scan_doc,1
KCI_FI002027678,fail_block,20,33,0,0,1,1.0,0,short_ok,1,scan_doc,1
KCI_FI002027678,fail_block,21,33,0,0,1,1.0,0,short_ok,1,scan_doc,1
KCI_FI002027678,fail_block,22,33,0,0,1,1.0,0,short_ok,1,scan_doc,1
KCI_FI002027678,fail_block,23,33,0,0,1,1.0,0,short_ok,1,scan_doc,1
KCI_FI002027678,fail_block,24,33,0,0,1,1.0,0,short_ok,1,scan_doc,1
KCI_FI002027678,fail_block,25,33,0,0,1,1.0,0,short_ok,1,scan_doc,1
KCI_FI002027678,fail_block,26,33,0,0,1,1.0,0,short_ok,1,scan_doc,1
KCI_FI002027678,fail_block,27,33,0,0,1,1.0,0,short_ok,1,scan_doc,1
KCI_FI002027681,fail_block,0,33,0,0,1,1.0,0,short_ok,1,scan_doc,1
KCI_FI002027681,fail_block,1,33,0,0,1,1.0,0,short_ok,1,scan_doc,1
KCI_FI002027681,fail_block,2,33,0,0,1,1.0,0,short_ok,1,scan_doc,1
KCI_FI002027681,fail_block,3,33,0,0,1,1.0,0,short_ok,1,scan_doc,1
KCI_FI002027681,fail_block,4,33,0,0,1,1.0,0,short_ok,1,scan_doc,1
KCI_FI002027681,fail_block,5,33,0,0,1,1.0,0,short_ok,1,scan_doc,1
KCI_FI002027681,fail_block,6,33,0,0,1,1.0,0,short_ok,1,scan_doc,1
KCI_FI002027681,fail_block,7,33,0,0,1,1.0,0,short_ok,1,scan_doc,1
KCI_FI002027681,fail_block,8,33,0,0,1,1.0,0,short_ok,1,scan_doc,1
KCI_FI002027681,fail_block,9,33,0,0,1,1.0,0,short_ok,1,scan_doc,1
KCI_FI002027681,fail_block,10,33,0,0,1,1.0,0,short_ok,1,scan_doc,1
KCI_FI002027681,fail_block,11,33,0,0,1,1.0,0,short_ok,1,scan_doc,1
KCI_FI002027681,fail_block,12,33,0,0,1,1.0,0,short_ok,1,scan_doc,1
KCI_FI002027681,fail_block,13,33,0,0,1,1.0,0,short_ok,1,scan_doc,1
KCI_FI002027681,fail_block,14,33,0,0,1,1.0,0,short_ok,1,scan_doc,1
KCI_FI002027681,fail_block,15,33,0,0,1,1.0,0,short_ok,1,scan_doc,1
KCI_FI002027681,fail_block,16,33,0,0,1,1.0,0,short_ok,1,scan_doc,1
KCI_FI002027681,fail_block,17,33,0,0,1,1.0,0,short_ok,1,scan_doc,1
KCI_FI002027681,fail_block,18,33,0,0,1,1.0,0,short_ok,1,scan_doc,1
KCI_FI002027681,fail_block,19,33,0,0,1,1.0,0,short_ok,1,scan_doc,1
KCI_FI002027681,fail_block,20,33,0,0,1,1.0,0,short_ok,1,scan_doc,1
KCI_FI002027681,fail_block,21,33,0,0,1,1.0,0,short_ok,1,scan_doc,1
KCI_FI002027681,fail_block,22,33,0,0,1,1.0,0,short_ok,1,scan_doc,1
KCI_FI002027681,fail_block,23,33,0,0,1,1.0,0,short_ok,1,scan_doc,1
KCI_FI002027681,fail_block,24,33,0,0,1,1.0,0,short_ok,1,scan_doc,1
KCI_FI002027681,fail_block,25,33,0,0,1,1.0,0,short_ok,1,scan_doc,1
KCI_FI002027684,fail_block,0,33,0,0,1,1.0,0,short_ok,1,scan_doc,1
KCI_FI002027684,fail_block,1,33,0,0,1,1.0,0,short_ok,1,scan_doc,1
KCI_FI002027684,fail_block,2,33,0,0,1,1.0,0,short_ok,1,scan_doc,1
KCI_FI002027684,fail_block,3,33,0,0,1,1.0,0,short_ok,1,scan_doc,1
KCI_FI002027684,fail_block,4,33,0,0,1,1.0,0,short_ok,1,scan_doc,1
KCI_FI002027684,fail_block,5,33,0,0,1,1.0,0,short_ok,1,scan_doc,1
KCI_FI002027684,fail_block,6,33,0,0,1,1.0,0,short_ok,1,scan_doc,1
KCI_FI002027684,fail_block,7,33,0,0,1,1.0,0,short_ok,1,scan_doc,1
KCI_FI002027684,fail_block,8,33,0,0,1,1.0,0,short_ok,1,scan_doc,1
KCI_FI002027684,fail_block,9,33,0,0,1,1.0,0,short_ok,1,scan_doc,1
KCI_FI002027684,fail_block,10,33,0,0,1,1.0,0,short_ok,1,scan_doc,1
KCI_FI002027684,fail_block,11,33,0,0,1,1.0,0,short_ok,1,scan_doc,1
KCI_FI002027684,fail_block,12,33,0,0,1,1.0,0,short_ok,1,scan_doc,1
KCI_FI002027684,fail_block,13,33,0,0,1,1.0,0,short_ok,1,scan_doc,1
KCI_FI002027684,fail_block,14,33,0,0,1,1.0,0,short_ok,1,scan_doc,1
KCI_FI002027684,fail_block,15,33,0,0,1,1.0,0,short_ok,1,scan_doc,1
KCI_FI002027684,fail_block,16,33,0,0,1,1.0,0,short_ok,1,scan_doc,1
KCI_FI002027684,fail_block,17,33,0,0,1,1.0,0,short_ok,1,scan_doc,1
KCI_FI002027684,fail_block,18,33,0,0,1,1.0,0,short_ok,1,scan_doc,1
KCI_FI002027684,fail_block,19,33,0,0,1,1.0,0,short_ok,1,scan_doc,1
KCI_FI002027684,fail_block,20,33,0,0,1,1.0,0,short_ok,1,scan_doc,1
KCI_FI002027684,fail_block,21,33,0,0,1,1.0,0,short_ok,1,scan_doc,1
KCI_FI002027684,fail_block,22,33,0,0,1,1.0,0,short_ok,1,scan_doc,1
KCI_FI002027684,fail_block,23,33,0,0,1,1.0,0,short_ok,1,scan_doc,1
KCI_FI002027684,fail_block,24,33,0,0,1,1.0,0,short_ok,1,scan_doc,1
KCI_FI002027684,fail_block,25,33,0,0,1,1.0,0,short_ok,1,scan_doc,1
KCI_FI002027684,fail_block,26,33,0,0,1,1.0,0,short_ok,1,scan_doc,1
KCI_FI002027684,fail_block,27,33,0,0,1,1.0,0,short_ok,1,scan_doc,1
KCI_FI002027684,fail_block,28,33,0,0,1,1.0,0,short_ok,1,scan_doc,1
KCI_FI002027684,fail_block,29,33,0,0,1,1.0,0,short_ok,1,scan_doc,1
KCI_FI002027684,fail_block,30,33,0,0,1,1.0,0,short_ok,1,scan_doc,1
KCI_FI002027684,fail_block,31,33,0,0,1,1.0,0,short_ok,1,scan_doc,1
KCI_FI002027684,fail_block,32,33,0,0,1,1.0,0,short_ok,1,scan_doc,1
KCI_FI002027684,fail_block,33,33,0,0,1,1.0,0,short_ok,1,scan_doc,1
KCI_FI002027684,fail_block,34,33,0,0,1,1.0,0,short_ok,1,scan_doc,1
KCI_FI002027684,fail_block,35,33,0,0,1,1.0,0,short_ok,1,scan_doc,1
KCI_FI002027684,fail_block,36,33,0,0,1,1.0,0,short_ok,1,scan_doc,1
KCI_FI002027684,fail_block,37,33,0,0,1,1.0,0,short_ok,1,scan_doc,1
KCI_FI002027684,fail_block,38,33,0,0,1,1.0,0,short_ok,1,scan_doc,1
KCI_FI002027684,fail_block,39,33,0,0,1,1.0,0,short_ok,1,scan_doc,1
KCI_FI002027684,fail_block,40,33,0,0,1,1.0,0,short_ok,1,scan_doc,1
KCI_FI002027684,fail_block,41,33,0,0,1,1.0,0,short_ok,1,scan_doc,1
KCI_FI002027684,fail_block,42,33,0,0,1,1.0,0,short_ok,1,scan_doc,1
KCI_FI002027684,fail_block,43,33,0,0,1,1.0,0,short_ok,1,scan_doc,1
KCI_FI002027684,fail_block,44,33,0,0,1,1.0,0,short_ok,1,scan_doc,1
KCI_FI002027684,fail_block,45,33,0,0,1,1.0,0,short_ok,1,scan_doc,1
KCI_FI002027684,fail_block,46,33,0,0,1,1.0,0,short_ok,1,scan_doc,1
KCI_FI002027684,fail_block,47,33,0,0,1,1.0,0,short_ok,1,scan_doc,1
KCI_FI002027684,fail_block,48,33,0,0,1,1.0,0,short_ok,1,scan_doc,1
KCI_FI002027684,fail_block,49,33,0,0,1,1.0,0,short_ok,1,scan_doc,1
KCI_FI002027684,fail_block,50,33,0,0,1,1.0,0,short_ok,1,scan_doc,1
KCI_FI002027685,fail_block,0,33,0,0,1,1.0,0,short_ok,1,scan_doc,1
KCI_FI002027685,fail_block,1,33,0,0,1,1.0,0,short_ok,1,scan_doc,1
KCI_FI002027685,fail_block,2,33,0,0,1,1.0,0,short_ok,1,scan_doc,1
KCI_FI002027685,fail_block,3,33,0,0,1,1.0,0,short_ok,1,scan_doc,1
KCI_FI002027685,fail_block,4,33,0,0,1,1.0,0,short_ok,1,scan_doc,1
KCI_FI002027685,fail_block,5,33,0,0,1,1.0,0,short_ok,1,scan_doc,1
KCI_FI002027685,fail_block,6,33,0,0,1,1.0,0,short_ok,1,scan_doc,1
KCI_FI002027685,fail_block,7,33,0,0,1,1.0,0,short_ok,1,scan_doc,1
KCI_FI002027685,fail_block,8,33,0,0,1,1.0,0,short_ok,1,scan_doc,1
KCI_FI002027685,fail_block,9,33,0,0,1,1.0,0,short_ok,1,scan_doc,1
KCI_FI002027685,fail_block,10,33,0,0,1,1.0,0,short_ok,1,scan_doc,1
KCI_FI002027685,fail_block,11,33,0,0,1,1.0,0,short_ok,1,scan_doc,1
KCI_FI002027685,fail_block,12,33,0,0,1,1.0,0,short_ok,1,scan_doc,1
KCI_FI002027685,fail_block,13,33,0,0,1,1.0,0,short_ok,1,scan_doc,1
KCI_FI002027685,fail_block,14,33,0,0,1,1.0,0,short_ok,1,scan_doc,1
KCI_FI002027685,fail_block,15,33,0,0,1,1.0,0,short_ok,1,scan_doc,1
KCI_FI002027685,fail_block,16,33,0,0,1,1.0,0,short_ok,1,scan_doc,1
KCI_FI002027685,fail_block,17,33,0,0,1,1.0,0,short_ok,1,scan_doc,1
KCI_FI002027685,fail_block,18,33,0,0,1,1.0,0,short_ok,1,scan_doc,1
KCI_FI002027685,fail_block,19,33,0,0,1,1.0,0,short_ok,1,scan_doc,1
KCI_FI002027680,fail_block,0,33,0,0,1,1.0,0,short_ok,1,scan_doc,1
KCI_FI002027680,fail_block,1,33,0,0,1,1.0,0,short_ok,1,scan_doc,1
KCI_FI002027680,fail_block,2,33,0,0,1,1.0,0,short_ok,1,scan_doc,1
KCI_FI002027680,fail_block,3,33,0,0,1,1.0,0,short_ok,1,scan_doc,1
KCI_FI002027680,fail_block,4,33,0,0,1,1.0,0,short_ok,1,scan_doc,1
KCI_FI002027680,fail_block,5,33,0,0,1,1.0,0,short_ok,1,scan_doc,1
KCI_FI002027680,fail_block,6,33,0,0,1,1.0,0,short_ok,1,scan_doc,1
KCI_FI002027680,fail_block,7,33,0,0,1,1.0,0,short_ok,1,scan_doc,1
KCI_FI002027680,fail_block,8,33,0,0,1,1.0,0,short_ok,1,scan_doc,1
KCI_FI002027680,fail_block,9,33,0,0,1,1.0,0,short_ok,1,scan_doc,1
KCI_FI002027680,fail_block,10,33,0,0,1,1.0,0,short_ok,1,scan_doc,1
KCI_FI002027680,fail_block,11,33,0,0,1,1.0,0,short_ok,1,scan_doc,1
KCI_FI002027680,fail_block,12,33,0,0,1,1.0,0,short_ok,1,scan_doc,1
KCI_FI002027680,fail_block,13,33,0,0,1,1.0,0,short_ok,1,scan_doc,1
KCI_FI002027680,fail_block,14,33,0,0,1,1.0,0,short_ok,1,scan_doc,1
KCI_FI002027680,fail_block,15,33,0,0,1,1.0,0,short_ok,1,scan_doc,1
KCI_FI002027680,fail_block,16,33,0,0,1,1.0,0,short_ok,1,scan_doc,1
KCI_FI002027680,fail_block,17,33,0,0,1,1.0,0,short_ok,1,scan_doc,1
KCI_FI002027680,fail_block,18,33,0,0,1,1.0,0,short_ok,1,scan_doc,1
KCI_FI002027680,fail_block,19,33,0,0,1,1.0,0,short_ok,1,scan_doc,1
KCI_FI002027680,fail_block,20,33,0,0,1,1.0,0,short_ok,1,scan_doc,1
KCI_FI002027680,fail_block,21,33,0,0,1,1.0,0,short_ok,1,scan_doc,1
KCI_FI002027680,fail_block,22,33,0,0,1,1.0,0,short_ok,1,scan_doc,1
KCI_FI002027680,fail_block,23,33,0,0,1,1.0,0,short_ok,1,scan_doc,1
KCI_FI002027680,fail_block,24,33,0,0,1,1.0,0,short_ok,1,scan_doc,1
KCI_FI002027680,fail_block,25,33,0,0,1,1.0,0,short_ok,1,scan_doc,1
KCI_FI002027680,fail_block,26,33,0,0,1,1.0,0,short_ok,1,scan_doc,1
KCI_FI002027680,fail_block,27,33,0,0,1,1.0,0,short_ok,1,scan_doc,1
KCI_FI002027656,fail_block,0,33,0,0,1,1.0,0,short_ok,1,scan_doc,1
KCI_FI002027656,fail_block,1,33,0,0,1,1.0,0,short_ok,1,scan_doc,1
KCI_FI002027656,fail_block,2,33,0,0,1,1.0,0,short_ok,1,scan_doc,1
KCI_FI002027656,fail_block,3,33,0,0,1,1.0,0,short_ok,1,scan_doc,1
KCI_FI002027656,fail_block,4,33,0,0,1,1.0,0,short_ok,1,scan_doc,1
KCI_FI002027656,fail_block,5,33,0,0,1,1.0,0,short_ok,1,scan_doc,1
KCI_FI002027656,fail_block,6,33,0,0,1,1.0,0,short_ok,1,scan_doc,1
KCI_FI002027656,fail_block,7,33,0,0,1,1.0,0,short_ok,1,scan_doc,1
KCI_FI002027656,fail_block,8,33,0,0,1,1.0,0,short_ok,1,scan_doc,1
KCI_FI002027656,fail_block,9,33,0,0,1,1.0,0,short_ok,1,scan_doc,1
KCI_FI002027656,fail_block,10,33,0,0,1,1.0,0,short_ok,1,scan_doc,1
KCI_FI002027656,fail_block,11,33,0,0,1,1.0,0,short_ok,1,scan_doc,1
KCI_FI002027656,fail_block,12,33,0,0,1,1.0,0,short_ok,1,scan_doc,1
KCI_FI002027656,fail_block,13,33,0,0,1,1.0,0,short_ok,1,scan_doc,1
KCI_FI002027656,fail_block,14,33,0,0,1,1.0,0,short_ok,1,scan_doc,1
KCI_FI002027656,fail_block,15,33,0,0,1,1.0,0,short_ok,1,scan_doc,1
KCI_FI002027656,fail_block,16,33,0,0,1,1.0,0,short_ok,1,scan_doc,1
KCI_FI002027656,fail_block,17,33,0,0,1,1.0,0,short_ok,1,scan_doc,1
KCI_FI002027656,fail_block,18,33,0,0,1,1.0,0,short_ok,1,scan_doc,1
KCI_FI002027656,fail_block,19,33,0,0,1,1.0,0,short_ok,1,scan_doc,1
KCI_FI002027656,fail_block,20,33,0,0,1,1.0,0,short_ok,1,scan_doc,1
KCI_FI002027656,fail_block,21,33,0,0,1,1.0,0,short_ok,1,scan_doc,1
KCI_FI002027656,fail_block,22,33,0,0,1,1.0,0,short_ok,1,scan_doc,1
KCI_FI002027656,fail_block,23,33,0,0,1,1.0,0,short_ok,1,scan_doc,1
KCI_FI002027656,fail_block,24,33,0,0,1,1.0,0,short_ok,1,scan_doc,1
KCI_FI002027656,fail_block,25,33,0,0,1,1.0,0,short_ok,1,scan_doc,1
KCI_FI002027656,fail_block,26,33,0,0,1,1.0,0,short_ok,1,scan_doc,1
KCI_FI002027656,fail_block,27,33,0,0,1,1.0,0,short_ok,1,scan_doc,1
KCI_FI002027656,fail_block,28,33,0,0,1,1.0,0,short_ok,1,scan_doc,1
KCI_FI002027656,fail_block,29,33,0,0,1,1.0,0,short_ok,1,scan_doc,1
KCI_FI002027656,fail_block,30,33,0,0,1,1.0,0,short_ok,1,scan_doc,1
KCI_FI002027656,fail_block,31,33,0,0,1,1.0,0,short_ok,1,scan_doc,1
KCI_FI002027656,fail_block,32,33,0,0,1,1.0,0,short_ok,1,scan_doc,1
KCI_FI002027656,fail_block,33,33,0,0,1,1.0,0,short_ok,1,scan_doc,1
KCI_FI002027656,fail_block,34,33,0,0,1,1.0,0,short_ok,1,scan_doc,1
KCI_FI002027656,fail_block,35,33,0,0,1,1.0,0,short_ok,1,scan_doc,1
KCI_FI002027656,fail_block,36,33,0,0,1,1.0,0,short_ok,1,scan_doc,1
KCI_FI002027656,fail_block,37,33,0,0,1,1.0,0,short_ok,1,scan_doc,1
KCI_FI002027656,fail_block,38,33,0,0,1,1.0,0,short_ok,1,scan_doc,1
KCI_FI002027656,fail_block,39,33,0,0,1,1.0,0,short_ok,1,scan_doc,1
KCI_FI002027656,fail_block,40,33,0,0,1,1.0,0,short_ok,1,scan_doc,1
KCI_FI002027656,fail_block,41,33,0,0,1,1.0,0,short_ok,1,scan_doc,1
KCI_FI002027656,fail_block,42,33,0,0,1,1.0,0,short_ok,1,scan_doc,1
KCI_FI002027656,fail_block,43,33,0,0,1,1.0,0,short_ok,1,scan_doc,1
KCI_FI002027656,fail_block,44,33,0,0,1,1.0,0,short_ok,1,scan_doc,1
KCI_FI002027656,fail_block,45,33,0,0,1,1.0,0,short_ok,1,scan_doc,1
KCI_FI002027656,fail_block,46,33,0,0,1,1.0,0,short_ok,1,scan_doc,1
KCI_FI002027656,fail_block,47,33,0,0,1,1.0,0,short_ok,1,scan_doc,1
KCI_FI002027656,fail_block,48,33,0,0,1,1.0,0,short_ok,1,scan_doc,1
KCI_FI002027656,fail_block,49,33,0,0,1,1.0,0,short_ok,1,scan_doc,1
KCI_FI002027656,fail_block,50,33,0,0,1,1.0,0,short_ok,1,scan_doc,1
KCI_FI002027656,fail_block,51,33,0,0,1,1.0,0,short_ok,1,scan_doc,1
KCI_FI002027656,fail_block,52,33,0,0,1,1.0,0,short_ok,1,scan_doc,1
KCI_FI002027637,fail_block,0,33,0,0,1,1.0,0,short_ok,1,scan_doc,1
KCI_FI002027637,fail_block,1,33,0,0,1,1.0,0,short_ok,1,scan_doc,1
KCI_FI002027637,fail_block,2,33,0,0,1,1.0,0,short_ok,1,scan_doc,1
KCI_FI002027637,fail_block,3,33,0,0,1,1.0,0,short_ok,1,scan_doc,1
KCI_FI002027637,fail_block,4,33,0,0,1,1.0,0,short_ok,1,scan_doc,1
KCI_FI002027637,fail_block,5,33,0,0,1,1.0,0,short_ok,1,scan_doc,1
KCI_FI002027637,fail_block,6,33,0,0,1,1.0,0,short_ok,1,scan_doc,1
KCI_FI002027637,fail_block,7,33,0,0,1,1.0,0,short_ok,1,scan_doc,1
KCI_FI002027637,fail_block,8,33,0,0,1,1.0,0,short_ok,1,scan_doc,1
KCI_FI002027637,fail_block,9,33,0,0,1,1.0,0,short_ok,1,scan_doc,1
KCI_FI002027637,fail_block,10,33,0,0,1,1.0,0,short_ok,1,scan_doc,1
KCI_FI002027637,fail_block,11,33,0,0,1,1.0,0,short_ok,1,scan_doc,1
KCI_FI002027637,fail_block,12,33,0,0,1,1.0,0,short_ok,1,scan_doc,1
KCI_FI002027637,fail_block,13,33,0,0,1,1.0,0,short_ok,1,scan_doc,1
KCI_FI002027637,fail_block,14,33,0,0,1,1.0,0,short_ok,1,scan_doc,1
KCI_FI002027637,fail_block,15,33,0,0,1,1.0,0,short_ok,1,scan_doc,1
KCI_FI002027637,fail_block,16,33,0,0,1,1.0,0,short_ok,1,scan_doc,1
KCI_FI002027651,fail_block,0,33,0,0,1,1.0,0,short_ok,1,scan_doc,1
KCI_FI002027651,fail_block,1,33,0,0,1,1.0,0,short_ok,1,scan_doc,1
KCI_FI002027651,fail_block,2,33,0,0,1,1.0,0,short_ok,1,scan_doc,1
KCI_FI002027651,fail_block,3,33,0,0,1,1.0,0,short_ok,1,scan_doc,1
KCI_FI002027651,fail_block,4,33,0,0,1,1.0,0,short_ok,1,scan_doc,1
KCI_FI002027651,fail_block,5,33,0,0,1,1.0,0,short_ok,1,scan_doc,1
KCI_FI002027651,fail_block,6,33,0,0,1,1.0,0,short_ok,1,scan_doc,1
KCI_FI002027651,fail_block,7,33,0,0,1,1.0,0,short_ok,1,scan_doc,1
KCI_FI002027651,fail_block,8,33,0,0,1,1.0,0,short_ok,1,scan_doc,1
KCI_FI002027651,fail_block,9,33,0,0,1,1.0,0,short_ok,1,scan_doc,1
KCI_FI002027651,fail_block,10,33,0,0,1,1.0,0,short_ok,1,scan_doc,1
KCI_FI002027651,fail_block,11,33,0,0,1,1.0,0,short_ok,1,scan_doc,1
KCI_FI002027651,fail_block,12,33,0,0,1,1.0,0,short_ok,1,scan_doc,1
KCI_FI002027651,fail_block,13,33,0,0,1,1.0,0,short_ok,1,scan_doc,1
KCI_FI002027651,fail_block,14,33,0,0,1,1.0,0,short_ok,1,scan_doc,1
KCI_FI002027651,fail_block,15,33,0,0,1,1.0,0,short_ok,1,scan_doc,1
KCI_FI002027651,fail_block,16,33,0,0,1,1.0,0,short_ok,1,scan_doc,1
KCI_FI002027651,fail_block,17,33,0,0,1,1.0,0,short_ok,1,scan_doc,1
KCI_FI002027651,fail_block,18,33,0,0,1,1.0,0,short_ok,1,scan_doc,1
KCI_FI002027651,fail_block,19,33,0,0,1,1.0,0,short_ok,1,scan_doc,1
KCI_FI002027651,fail_block,20,33,0,0,1,1.0,0,short_ok,1,scan_doc,1
KCI_FI002027640,fail_block,0,33,0,0,1,1.0,0,short_ok,1,scan_doc,1
KCI_FI002027640,fail_block,1,33,0,0,1,1.0,0,short_ok,1,scan_doc,1
KCI_FI002027640,fail_block,2,33,0,0,1,1.0,0,short_ok,1,scan_doc,1
KCI_FI002027640,fail_block,3,33,0,0,1,1.0,0,short_ok,1,scan_doc,1
KCI_FI002027640,fail_block,4,33,0,0,1,1.0,0,short_ok,1,scan_doc,1
KCI_FI002027640,fail_block,5,33,0,0,1,1.0,0,short_ok,1,scan_doc,1
KCI_FI002027640,fail_block,6,33,0,0,1,1.0,0,short_ok,1,scan_doc,1
KCI_FI002027640,fail_block,7,33,0,0,1,1.0,0,short_ok,1,scan_doc,1
KCI_FI002027640,fail_block,8,33,0,0,1,1.0,0,short_ok,1,scan_doc,1
KCI_FI002027640,fail_block,9,33,0,0,1,1.0,0,short_ok,1,scan_doc,1
KCI_FI002027640,fail_block,10,33,0,0,1,1.0,0,short_ok,1,scan_doc,1
KCI_FI002027640,fail_block,11,33,0,0,1,1.0,0,short_ok,1,scan_doc,1
KCI_FI002027640,fail_block,12,33,0,0,1,1.0,0,short_ok,1,scan_doc,1
KCI_FI002027640,fail_block,13,33,0,0,1,1.0,0,short_ok,1,scan_doc,1
KCI_FI002027640,fail_block,14,33,0,0,1,1.0,0,short_ok,1,scan_doc,1
KCI_FI002027640,fail_block,15,33,0,0,1,1.0,0,short_ok,1,scan_doc,1
KCI_FI002027640,fail_block,16,33,0,0,1,1.0,0,short_ok,1,scan_doc,1
KCI_FI002027640,fail_block,17,33,0,0,1,1.0,0,short_ok,1,scan_doc,1
KCI_FI002027640,fail_block,18,33,0,0,1,1.0,0,short_ok,1,scan_doc,1
KCI_FI002027663,fail_block,0,33,0,0,1,1.0,0,short_ok,1,scan_doc,1
KCI_FI002027663,fail_block,1,33,0,0,1,1.0,0,short_ok,1,scan_doc,1
KCI_FI002027663,fail_block,2,33,0,0,1,1.0,0,short_ok,1,scan_doc,1
KCI_FI002027663,fail_block,3,33,0,0,1,1.0,0,short_ok,1,scan_doc,1
KCI_FI002027663,fail_block,4,33,0,0,1,1.0,0,short_ok,1,scan_doc,1
KCI_FI002027663,fail_block,5,33,0,0,1,1.0,0,short_ok,1,scan_doc,1
KCI_FI002027663,fail_block,6,33,0,0,1,1.0,0,short_ok,1,scan_doc,1
KCI_FI002027663,fail_block,7,33,0,0,1,1.0,0,short_ok,1,scan_doc,1
KCI_FI002027663,fail_block,8,33,0,0,1,1.0,0,short_ok,1,scan_doc,1
KCI_FI002027663,fail_block,9,33,0,0,1,1.0,0,short_ok,1,scan_doc,1
KCI_FI002027663,fail_block,10,33,0,0,1,1.0,0,short_ok,1,scan_doc,1
KCI_FI002027663,fail_block,11,33,0,0,1,1.0,0,short_ok,1,scan_doc,1
KCI_FI002027663,fail_block,12,33,0,0,1,1.0,0,short_ok,1,scan_doc,1
KCI_FI002027663,fail_block,13,33,0,0,1,1.0,0,short_ok,1,scan_doc,1
KCI_FI002027663,fail_block,14,33,0,0,1,1.0,0,short_ok,1,scan_doc,1
KCI_FI002027663,fail_block,15,33,0,0,1,1.0,0,short_ok,1,scan_doc,1
KCI_FI002027663,fail_block,16,33,0,0,1,1.0,0,short_ok,1,scan_doc,1
KCI_FI002027663,fail_block,17,33,0,0,1,1.0,0,short_ok,1,scan_doc,1
KCI_FI002027663,fail_block,18,33,0,0,1,1.0,0,short_ok,1,scan_doc,1
KCI_FI002027644,fail_block,0,33,0,0,1,1.0,0,short_ok,1,scan_doc,1
KCI_FI002027644,fail_block,1,33,0,0,1,1.0,0,short_ok,1,scan_doc,1
KCI_FI002027644,fail_block,2,33,0,0,1,1.0,0,short_ok,1,scan_doc,1
KCI_FI002027644,fail_block,3,33,0,0,1,1.0,0,short_ok,1,scan_doc,1
KCI_FI002027644,fail_block,4,33,0,0,1,1.0,0,short_ok,1,scan_doc,1
KCI_FI002027644,fail_block,5,33,0,0,1,1.0,0,short_ok,1,scan_doc,1
KCI_FI002027644,fail_block,6,33,0,0,1,1.0,0,short_ok,1,scan_doc,1
KCI_FI002027644,fail_block,7,33,0,0,1,1.0,0,short_ok,1,scan_doc,1
KCI_FI002027644,fail_block,8,33,0,0,1,1.0,0,short_ok,1,scan_doc,1
KCI_FI002027644,fail_block,9,33,0,0,1,1.0,0,short_ok,1,scan_doc,1
KCI_FI002027644,fail_block,10,33,0,0,1,1.0,0,short_ok,1,scan_doc,1
KCI_FI002027644,fail_block,11,33,0,0,1,1.0,0,short_ok,1,scan_doc,1
KCI_FI002027644,fail_block,12,33,0,0,1,1.0,0,short_ok,1,scan_doc,1
KCI_FI002027644,fail_block,13,33,0,0,1,1.0,0,short_ok,1,scan_doc,1
KCI_FI002027644,fail_block,14,33,0,0,1,1.0,0,short_ok,1,scan_doc,1
KCI_FI002027644,fail_block,15,33,0,0,1,1.0,0,short_ok,1,scan_doc,1
KCI_FI002027644,fail_block,16,33,0,0,1,1.0,0,short_ok,1,scan_doc,1
KCI_FI002027644,fail_block,17,33,0,0,1,1.0,0,short_ok,1,scan_doc,1
KCI_FI002027644,fail_block,18,33,0,0,1,1.0,0,short_ok,1,scan_doc,1
KCI_FI002027644,fail_block,19,33,0,0,1,1.0,0,short_ok,1,scan_doc,1
KCI_FI002027644,fail_block,20,33,0,0,1,1.0,0,short_ok,1,scan_doc,1
KCI_FI002027644,fail_block,21,33,0,0,1,1.0,0,short_ok,1,scan_doc,1
KCI_FI002027659,fail_block,0,33,0,0,1,1.0,0,short_ok,1,scan_doc,1
KCI_FI002027659,fail_block,1,33,0,0,1,1.0,0,short_ok,1,scan_doc,1
KCI_FI002027659,fail_block,2,33,0,0,1,1.0,0,short_ok,1,scan_doc,1
KCI_FI002027659,fail_block,3,33,0,0,1,1.0,0,short_ok,1,scan_doc,1
KCI_FI002027659,fail_block,4,33,0,0,1,1.0,0,short_ok,1,scan_doc,1
KCI_FI002027659,fail_block,5,33,0,0,1,1.0,0,short_ok,1,scan_doc,1
KCI_FI002027659,fail_block,6,33,0,0,1,1.0,0,short_ok,1,scan_doc,1
KCI_FI002027659,fail_block,7,33,0,0,1,1.0,0,short_ok,1,scan_doc,1
KCI_FI002027659,fail_block,8,33,0,0,1,1.0,0,short_ok,1,scan_doc,1
KCI_FI002027659,fail_block,9,33,0,0,1,1.0,0,short_ok,1,scan_doc,1
KCI_FI002027659,fail_block,10,33,0,0,1,1.0,0,short_ok,1,scan_doc,1
KCI_FI002027659,fail_block,11,33,0,0,1,1.0,0,short_ok,1,scan_doc,1
KCI_FI002027659,fail_block,12,33,0,0,1,1.0,0,short_ok,1,scan_doc,1
KCI_FI002027659,fail_block,13,33,0,0,1,1.0,0,short_ok,1,scan_doc,1
KCI_FI002027659,fail_block,14,33,0,0,1,1.0,0,short_ok,1,scan_doc,1
KCI_FI002027659,fail_block,15,33,0,0,1,1.0,0,short_ok,1,scan_doc,1
KCI_FI002027659,fail_block,16,33,0,0,1,1.0,0,short_ok,1,scan_doc,1
KCI_FI002027659,fail_block,17,33,0,0,1,1.0,0,short_ok,1,scan_doc,1
KCI_FI002027659,fail_block,18,33,0,0,1,1.0,0,short_ok,1,scan_doc,1
KCI_FI002027659,fail_block,19,33,0,0,1,1.0,0,short_ok,1,scan_doc,1
KCI_FI002027659,fail_block,20,33,0,0,1,1.0,0,short_ok,1,scan_doc,1
KCI_FI002027659,fail_block,21,33,0,0,1,1.0,0,short_ok,1,scan_doc,1
KCI_FI002027649,fail_block,0,33,0,0,1,1.0,0,short_ok,1,scan_doc,1
KCI_FI002027649,fail_block,1,33,0,0,1,1.0,0,short_ok,1,scan_doc,1
KCI_FI002027649,fail_block,2,33,0,0,1,1.0,0,short_ok,1,scan_doc,1
KCI_FI002027649,fail_block,3,33,0,0,1,1.0,0,short_ok,1,scan_doc,1
KCI_FI002027649,fail_block,4,33,0,0,1,1.0,0,short_ok,1,scan_doc,1
KCI_FI002027649,fail_block,5,33,0,0,1,1.0,0,short_ok,1,scan_doc,1
KCI_FI002027649,fail_block,6,33,0,0,1,1.0,0,short_ok,1,scan_doc,1
KCI_FI002027649,fail_block,7,33,0,0,1,1.0,0,short_ok,1,scan_doc,1
KCI_FI002027649,fail_block,8,33,0,0,1,1.0,0,short_ok,1,scan_doc,1
KCI_FI002027649,fail_block,9,33,0,0,1,1.0,0,short_ok,1,scan_doc,1
KCI_FI002027649,fail_block,10,33,0,0,1,1.0,0,short_ok,1,scan_doc,1
KCI_FI002027649,fail_block,11,33,0,0,1,1.0,0,short_ok,1,scan_doc,1
KCI_FI002027649,fail_block,12,33,0,0,1,1.0,0,short_ok,1,scan_doc,1
KCI_FI002027654,fail_block,0,33,0,0,1,1.0,0,short_ok,1,scan_doc,1
KCI_FI002027654,fail_block,1,33,0,0,1,1.0,0,short_ok,1,scan_doc,1
KCI_FI002027654,fail_block,2,33,0,0,1,1.0,0,short_ok,1,scan_doc,1
KCI_FI002027654,fail_block,3,33,0,0,1,1.0,0,short_ok,1,scan_doc,1
KCI_FI002027654,fail_block,4,33,0,0,1,1.0,0,short_ok,1,scan_doc,1
KCI_FI002027654,fail_block,5,33,0,0,1,1.0,0,short_ok,1,scan_doc,1
KCI_FI002027654,fail_block,6,33,0,0,1,1.0,0,short_ok,1,scan_doc,1
KCI_FI002027654,fail_block,7,33,0,0,1,1.0,0,short_ok,1,scan_doc,1
KCI_FI002027654,fail_block,8,33,0,0,1,1.0,0,short_ok,1,scan_doc,1
KCI_FI002027654,fail_block,9,33,0,0,1,1.0,0,short_ok,1,scan_doc,1
KCI_FI002027654,fail_block,10,33,0,0,1,1.0,0,short_ok,1,scan_doc,1
KCI_FI002027654,fail_block,11,33,0,0,1,1.0,0,short_ok,1,scan_doc,1
KCI_FI002027654,fail_block,12,33,0,0,1,1.0,0,short_ok,1,scan_doc,1
KCI_FI002027654,fail_block,13,33,0,0,1,1.0,0,short_ok,1,scan_doc,1
KCI_FI002027654,fail_block,14,33,0,0,1,1.0,0,short_ok,1,scan_doc,1
KCI_FI002027654,fail_block,15,33,0,0,1,1.0,0,short_ok,1,scan_doc,1
KCI_FI002027654,fail_block,16,33,0,0,1,1.0,0,short_ok,1,scan_doc,1
KCI_FI002027654,fail_block,17,33,0,0,1,1.0,0,short_ok,1,scan_doc,1
KCI_FI002027607,fail_block,0,33,0,0,1,1.0,0,short_ok,1,scan_doc,1
KCI_FI002027607,fail_block,1,33,0,0,1,1.0,0,short_ok,1,scan_doc,1
KCI_FI002027607,fail_block,2,33,0,0,1,1.0,0,short_ok,1,scan_doc,1
KCI_FI002027607,fail_block,3,33,0,0,1,1.0,0,short_ok,1,scan_doc,1
KCI_FI002027607,fail_block,4,33,0,0,1,1.0,0,short_ok,1,scan_doc,1
KCI_FI002027607,fail_block,5,33,0,0,1,1.0,0,short_ok,1,scan_doc,1
KCI_FI002027607,fail_block,6,33,0,0,1,1.0,0,short_ok,1,scan_doc,1
KCI_FI002027607,fail_block,7,33,0,0,1,1.0,0,short_ok,1,scan_doc,1
KCI_FI002027607,fail_block,8,33,0,0,1,1.0,0,short_ok,1,scan_doc,1
KCI_FI002027607,fail_block,9,33,0,0,1,1.0,0,short_ok,1,scan_doc,1
KCI_FI002027607,fail_block,10,33,0,0,1,1.0,0,short_ok,1,scan_doc,1
KCI_FI002027607,fail_block,11,33,0,0,1,1.0,0,short_ok,1,scan_doc,1
KCI_FI002027607,fail_block,12,33,0,0,1,1.0,0,short_ok,1,scan_doc,1
KCI_FI002027607,fail_block,13,33,0,0,1,1.0,0,short_ok,1,scan_doc,1
KCI_FI002027607,fail_block,14,33,0,0,1,1.0,0,short_ok,1,scan_doc,1
KCI_FI002027607,fail_block,15,33,0,0,1,1.0,0,short_ok,1,scan_doc,1
KCI_FI002027607,fail_block,16,33,0,0,1,1.0,0,short_ok,1,scan_doc,1
KCI_FI002027607,fail_block,17,33,0,0,1,1.0,0,short_ok,1,scan_doc,1
KCI_FI002027607,fail_block,18,33,0,0,1,1.0,0,short_ok,1,scan_doc,1
KCI_FI002027607,fail_block,19,33,0,0,1,1.0,0,short_ok,1,scan_doc,1
KCI_FI002027616,fail_block,0,33,0,0,1,1.0,0,short_ok,1,scan_doc,1
KCI_FI002027616,fail_block,1,33,0,0,1,1.0,0,short_ok,1,scan_doc,1
KCI_FI002027616,fail_block,2,33,0,0,1,1.0,0,short_ok,1,scan_doc,1
KCI_FI002027616,fail_block,3,33,0,0,1,1.0,0,short_ok,1,scan_doc,1
KCI_FI002027616,fail_block,4,33,0,0,1,1.0,0,short_ok,1,scan_doc,1
KCI_FI002027616,fail_block,5,33,0,0,1,1.0,0,short_ok,1,scan_doc,1
KCI_FI002027616,fail_block,6,33,0,0,1,1.0,0,short_ok,1,scan_doc,1
KCI_FI002027616,fail_block,7,33,0,0,1,1.0,0,short_ok,1,scan_doc,1
KCI_FI002027616,fail_block,8,33,0,0,1,1.0,0,short_ok,1,scan_doc,1
KCI_FI002027616,fail_block,9,33,0,0,1,1.0,0,short_ok,1,scan_doc,1
KCI_FI002027616,fail_block,10,33,0,0,1,1.0,0,short_ok,1,scan_doc,1
KCI_FI002027616,fail_block,11,33,0,0,1,1.0,0,short_ok,1,scan_doc,1
KCI_FI002027616,fail_block,12,33,0,0,1,1.0,0,short_ok,1,scan_doc,1
KCI_FI002027616,fail_block,13,33,0,0,1,1.0,0,short_ok,1,scan_doc,1
KCI_FI002027616,fail_block,14,33,0,0,1,1.0,0,short_ok,1,scan_doc,1
KCI_FI002027616,fail_block,15,33,0,0,1,1.0,0,short_ok,1,scan_doc,1
KCI_FI002027616,fail_block,16,33,0,0,1,1.0,0,short_ok,1,scan_doc,1
KCI_FI002027616,fail_block,17,33,0,0,1,1.0,0,short_ok,1,scan_doc,1
KCI_FI002027616,fail_block,18,33,0,0,1,1.0,0,short_ok,1,scan_doc,1
KCI_FI002027616,fail_block,19,33,0,0,1,1.0,0,short_ok,1,scan_doc,1
KCI_FI002027613,fail_block,0,33,0,0,1,1.0,0,short_ok,1,scan_doc,1
KCI_FI002027613,fail_block,1,33,0,0,1,1.0,0,short_ok,1,scan_doc,1
KCI_FI002027613,fail_block,2,33,0,0,1,1.0,0,short_ok,1,scan_doc,1
KCI_FI002027613,fail_block,3,33,0,0,1,1.0,0,short_ok,1,scan_doc,1
KCI_FI002027613,fail_block,4,33,0,0,1,1.0,0,short_ok,1,scan_doc,1
KCI_FI002027613,fail_block,5,33,0,0,1,1.0,0,short_ok,1,scan_doc,1
KCI_FI002027613,fail_block,6,33,0,0,1,1.0,0,short_ok,1,scan_doc,1
KCI_FI002027613,fail_block,7,33,0,0,1,1.0,0,short_ok,1,scan_doc,1
KCI_FI002027613,fail_block,8,33,0,0,1,1.0,0,short_ok,1,scan_doc,1
KCI_FI002027613,fail_block,9,33,0,0,1,1.0,0,short_ok,1,scan_doc,1
KCI_FI002027613,fail_block,10,33,0,0,1,1.0,0,short_ok,1,scan_doc,1
KCI_FI002027613,fail_block,11,33,0,0,1,1.0,0,short_ok,1,scan_doc,1
KCI_FI002027613,fail_block,12,33,0,0,1,1.0,0,short_ok,1,scan_doc,1
KCI_FI002027613,fail_block,13,33,0,0,1,1.0,0,short_ok,1,scan_doc,1
KCI_FI002027613,fail_block,14,33,0,0,1,1.0,0,short_ok,1,scan_doc,1
KCI_FI002027613,fail_block,15,33,0,0,1,1.0,0,short_ok,1,scan_doc,1
KCI_FI002027613,fail_block,16,33,0,0,1,1.0,0,short_ok,1,scan_doc,1
KCI_FI002027613,fail_block,17,33,0,0,1,1.0,0,short_ok,1,scan_doc,1
KCI_FI002027613,fail_block,18,33,0,0,1,1.0,0,short_ok,1,scan_doc,1
KCI_FI002027625,fail_block,0,33,0,0,1,1.0,0,short_ok,1,scan_doc,1
KCI_FI002027625,fail_block,1,33,0,0,1,1.0,0,short_ok,1,scan_doc,1
KCI_FI002027625,fail_block,2,33,0,0,1,1.0,0,short_ok,1,scan_doc,1
KCI_FI002027625,fail_block,3,33,0,0,1,1.0,0,short_ok,1,scan_doc,1
KCI_FI002027625,fail_block,4,33,0,0,1,1.0,0,short_ok,1,scan_doc,1
KCI_FI002027625,fail_block,5,33,0,0,1,1.0,0,short_ok,1,scan_doc,1
KCI_FI002027625,fail_block,6,33,0,0,1,1.0,0,short_ok,1,scan_doc,1
KCI_FI002027625,fail_block,7,33,0,0,1,1.0,0,short_ok,1,scan_doc,1
KCI_FI002027625,fail_block,8,33,0,0,1,1.0,0,short_ok,1,scan_doc,1
KCI_FI002027625,fail_block,9,33,0,0,1,1.0,0,short_ok,1,scan_doc,1
KCI_FI002027625,fail_block,10,33,0,0,1,1.0,0,short_ok,1,scan_doc,1
KCI_FI002027625,fail_block,11,33,0,0,1,1.0,0,short_ok,1,scan_doc,1
KCI_FI002027625,fail_block,12,33,0,0,1,1.0,0,short_ok,1,scan_doc,1
KCI_FI002027625,fail_block,13,33,0,0,1,1.0,0,short_ok,1,scan_doc,1
KCI_FI002027625,fail_block,14,33,0,0,1,1.0,0,short_ok,1,scan_doc,1
KCI_FI002027625,fail_block,15,33,0,0,1,1.0,0,short_ok,1,scan_doc,1
KCI_FI002027625,fail_block,16,33,0,0,1,1.0,0,short_ok,1,scan_doc,1
KCI_FI002027608,fail_block,0,33,0,0,1,1.0,0,short_ok,1,scan_doc,1
KCI_FI002027608,fail_block,1,33,0,0,1,1.0,0,short_ok,1,scan_doc,1
KCI_FI002027608,fail_block,2,33,0,0,1,1.0,0,short_ok,1,scan_doc,1
KCI_FI002027608,fail_block,3,33,0,0,1,1.0,0,short_ok,1,scan_doc,1
KCI_FI002027608,fail_block,4,33,0,0,1,1.0,0,short_ok,1,scan_doc,1
KCI_FI002027608,fail_block,5,33,0,0,1,1.0,0,short_ok,1,scan_doc,1
KCI_FI002027608,fail_block,6,33,0,0,1,1.0,0,short_ok,1,scan_doc,1
KCI_FI002027608,fail_block,7,33,0,0,1,1.0,0,short_ok,1,scan_doc,1
KCI_FI002027608,fail_block,8,33,0,0,1,1.0,0,short_ok,1,scan_doc,1
KCI_FI002027608,fail_block,9,33,0,0,1,1.0,0,short_ok,1,scan_doc,1
KCI_FI002027608,fail_block,10,33,0,0,1,1.0,0,short_ok,1,scan_doc,1
KCI_FI002027608,fail_block,11,33,0,0,1,1.0,0,short_ok,1,scan_doc,1
KCI_FI002027608,fail_block,12,33,0,0,1,1.0,0,short_ok,1,scan_doc,1
KCI_FI002027608,fail_block,13,33,0,0,1,1.0,0,short_ok,1,scan_doc,1
KCI_FI002027608,fail_block,14,33,0,0,1,1.0,0,short_ok,1,scan_doc,1
KCI_FI002027608,fail_block,15,33,0,0,1,1.0,0,short_ok,1,scan_doc,1
KCI_FI002027608,fail_block,16,33,0,0,1,1.0,0,short_ok,1,scan_doc,1
KCI_FI002027608,fail_block,17,33,0,0,1,1.0,0,short_ok,1,scan_doc,1
KCI_FI002027608,fail_block,18,33,0,0,1,1.0,0,short_ok,1,scan_doc,1
KCI_FI002027608,fail_block,19,33,0,0,1,1.0,0,short_ok,1,scan_doc,1
KCI_FI002027608,fail_block,20,33,0,0,1,1.0,0,short_ok,1,scan_doc,1
KCI_FI002027608,fail_block,21,33,0,0,1,1.0,0,short_ok,1,scan_doc,1
KCI_FI002027608,fail_block,22,33,0,0,1,1.0,0,short_ok,1,scan_doc,1
KCI_FI002027608,fail_block,23,33,0,0,1,1.0,0,short_ok,1,scan_doc,1
KCI_FI002027608,fail_block,24,33,0,0,1,1.0,0,short_ok,1,scan_doc,1
KCI_FI002027608,fail_block,25,33,0,0,1,1.0,0,short_ok,1,scan_doc,1
KCI_FI002027610,fail_block,0,33,0,0,1,1.0,0,short_ok,1,scan_doc,1
KCI_FI002027610,fail_block,1,33,0,0,1,1.0,0,short_ok,1,scan_doc,1
KCI_FI002027610,fail_block,2,33,0,0,1,1.0,0,short_ok,1,scan_doc,1
KCI_FI002027610,fail_block,3,33,0,0,1,1.0,0,short_ok,1,scan_doc,1
KCI_FI002027610,fail_block,4,33,0,0,1,1.0,0,short_ok,1,scan_doc,1
KCI_FI002027610,fail_block,5,33,0,0,1,1.0,0,short_ok,1,scan_doc,1
KCI_FI002027610,fail_block,6,33,0,0,1,1.0,0,short_ok,1,scan_doc,1
KCI_FI002027610,fail_block,7,33,0,0,1,1.0,0,short_ok,1,scan_doc,1
KCI_FI002027610,fail_block,8,33,0,0,1,1.0,0,short_ok,1,scan_doc,1
KCI_FI002027610,fail_block,9,33,0,0,1,1.0,0,short_ok,1,scan_doc,1
KCI_FI002027610,fail_block,10,33,0,0,1,1.0,0,short_ok,1,scan_doc,1
KCI_FI002027610,fail_block,11,33,0,0,1,1.0,0,short_ok,1,scan_doc,1
KCI_FI002027610,fail_block,12,33,0,0,1,1.0,0,short_ok,1,scan_doc,1
KCI_FI002027610,fail_block,13,33,0,0,1,1.0,0,short_ok,1,scan_doc,1
KCI_FI002027610,fail_block,14,33,0,0,1,1.0,0,short_ok,1,scan_doc,1
KCI_FI002027610,fail_block,15,33,0,0,1,1.0,0,short_ok,1,scan_doc,1
KCI_FI002027610,fail_block,16,33,0,0,1,1.0,0,short_ok,1,scan_doc,1
KCI_FI002027602,fail_block,0,33,0,0,1,1.0,0,short_ok,1,scan_doc,1
KCI_FI002027602,fail_block,1,33,0,0,1,1.0,0,short_ok,1,scan_doc,1
KCI_FI002027602,fail_block,2,33,0,0,1,1.0,0,short_ok,1,scan_doc,1
KCI_FI002027602,fail_block,3,33,0,0,1,1.0,0,short_ok,1,scan_doc,1
KCI_FI002027602,fail_block,4,33,0,0,1,1.0,0,short_ok,1,scan_doc,1
KCI_FI002027602,fail_block,5,33,0,0,1,1.0,0,short_ok,1,scan_doc,1
KCI_FI002027602,fail_block,6,33,0,0,1,1.0,0,short_ok,1,scan_doc,1
KCI_FI002027602,fail_block,7,33,0,0,1,1.0,0,short_ok,1,scan_doc,1
KCI_FI002027602,fail_block,8,33,0,0,1,1.0,0,short_ok,1,scan_doc,1
KCI_FI002027602,fail_block,9,33,0,0,1,1.0,0,short_ok,1,scan_doc,1
KCI_FI002027602,fail_block,10,33,0,0,1,1.0,0,short_ok,1,scan_doc,1
KCI_FI002027602,fail_block,11,33,0,0,1,1.0,0,short_ok,1,scan_doc,1
KCI_FI002027602,fail_block,12,33,0,0,1,1.0,0,short_ok,1,scan_doc,1
KCI_FI002027602,fail_block,13,33,0,0,1,1.0,0,short_ok,1,scan_doc,1
KCI_FI002027602,fail_block,14,33,0,0,1,1.0,0,short_ok,1,scan_doc,1
KCI_FI002027629,fail_block,0,33,0,0,1,1.0,0,short_ok,1,scan_doc,1
KCI_FI002027629,fail_block,1,33,0,0,1,1.0,0,short_ok,1,scan_doc,1
KCI_FI002027629,fail_block,2,33,0,0,1,1.0,0,short_ok,1,scan_doc,1
KCI_FI002027629,fail_block,3,33,0,0,1,1.0,0,short_ok,1,scan_doc,1
KCI_FI002027629,fail_block,4,33,0,0,1,1.0,0,short_ok,1,scan_doc,1
KCI_FI002027629,fail_block,5,33,0,0,1,1.0,0,short_ok,1,scan_doc,1
KCI_FI002027629,fail_block,6,33,0,0,1,1.0,0,short_ok,1,scan_doc,1
KCI_FI002027629,fail_block,7,33,0,0,1,1.0,0,short_ok,1,scan_doc,1
KCI_FI002027629,fail_block,8,33,0,0,1,1.0,0,short_ok,1,scan_doc,1
KCI_FI002027629,fail_block,9,33,0,0,1,1.0,0,short_ok,1,scan_doc,1
KCI_FI002027629,fail_block,10,33,0,0,1,1.0,0,short_ok,1,scan_doc,1
KCI_FI002027629,fail_block,11,33,0,0,1,1.0,0,short_ok,1,scan_doc,1
KCI_FI002027629,fail_block,12,33,0,0,1,1.0,0,short_ok,1,scan_doc,1
KCI_FI002027629,fail_block,13,33,0,0,1,1.0,0,short_ok,1,scan_doc,1
KCI_FI002027629,fail_block,14,33,0,0,1,1.0,0,short_ok,1,scan_doc,1
KCI_FI002027629,fail_block,15,33,0,0,1,1.0,0,short_ok,1,scan_doc,1
KCI_FI002027623,fail_block,0,33,0,0,1,1.0,0,short_ok,1,scan_doc,1
KCI_FI002027623,fail_block,1,33,0,0,1,1.0,0,short_ok,1,scan_doc,1
KCI_FI002027623,fail_block,2,33,0,0,1,1.0,0,short_ok,1,scan_doc,1
KCI_FI002027623,fail_block,3,33,0,0,1,1.0,0,short_ok,1,scan_doc,1
KCI_FI002027623,fail_block,4,33,0,0,1,1.0,0,short_ok,1,scan_doc,1
KCI_FI002027623,fail_block,5,33,0,0,1,1.0,0,short_ok,1,scan_doc,1
KCI_FI002027623,fail_block,6,33,0,0,1,1.0,0,short_ok,1,scan_doc,1
KCI_FI002027623,fail_block,7,33,0,0,1,1.0,0,short_ok,1,scan_doc,1
KCI_FI002027623,fail_block,8,33,0,0,1,1.0,0,short_ok,1,scan_doc,1
KCI_FI002027623,fail_block,9,33,0,0,1,1.0,0,short_ok,1,scan_doc,1
KCI_FI002027623,fail_block,10,33,0,0,1,1.0,0,short_ok,1,scan_doc,1
KCI_FI002027623,fail_block,11,33,0,0,1,1.0,0,short_ok,1,scan_doc,1
KCI_FI002027623,fail_block,12,33,0,0,1,1.0,0,short_ok,1,scan_doc,1
KCI_FI002027623,fail_block,13,33,0,0,1,1.0,0,short_ok,1,scan_doc,1
KCI_FI002027623,fail_block,14,33,0,0,1,1.0,0,short_ok,1,scan_doc,1
KCI_FI002027612,fail_block,0,33,0,0,1,1.0,0,short_ok,1,scan_doc,1
KCI_FI002027612,fail_block,1,33,0,0,1,1.0,0,short_ok,1,scan_doc,1
KCI_FI002027612,fail_block,2,33,0,0,1,1.0,0,short_ok,1,scan_doc,1
KCI_FI002027612,fail_block,3,33,0,0,1,1.0,0,short_ok,1,scan_doc,1
KCI_FI002027612,fail_block,4,33,0,0,1,1.0,0,short_ok,1,scan_doc,1
KCI_FI002027612,fail_block,5,33,0,0,1,1.0,0,short_ok,1,scan_doc,1
KCI_FI002027612,fail_block,6,33,0,0,1,1.0,0,short_ok,1,scan_doc,1
KCI_FI002027612,fail_block,7,33,0,0,1,1.0,0,short_ok,1,scan_doc,1
KCI_FI002027612,fail_block,8,33,0,0,1,1.0,0,short_ok,1,scan_doc,1
KCI_FI002027612,fail_block,9,33,0,0,1,1.0,0,short_ok,1,scan_doc,1
KCI_FI002027612,fail_block,10,33,0,0,1,1.0,0,short_ok,1,scan_doc,1
KCI_FI002027612,fail_block,11,33,0,0,1,1.0,0,short_ok,1,scan_doc,1
KCI_FI002027612,fail_block,12,33,0,0,1,1.0,0,short_ok,1,scan_doc,1
KCI_FI002027612,fail_block,13,33,0,0,1,1.0,0,short_ok,1,scan_doc,1
KCI_FI002027612,fail_block,14,33,0,0,1,1.0,0,short_ok,1,scan_doc,1
KCI_FI002027612,fail_block,15,33,0,0,1,1.0,0,short_ok,1,scan_doc,1
KCI_FI002027612,fail_block,16,33,0,0,1,1.0,0,short_ok,1,scan_doc,1
KCI_FI002027612,fail_block,17,33,0,0,1,1.0,0,short_ok,1,scan_doc,1
KCI_FI002027612,fail_block,18,33,0,0,1,1.0,0,short_ok,1,scan_doc,1
KCI_FI002027612,fail_block,19,33,0,0,1,1.0,0,short_ok,1,scan_doc,1
KCI_FI002027612,fail_block,20,33,0,0,1,1.0,0,short_ok,1,scan_doc,1
KCI_FI002027612,fail_block,21,33,0,0,1,1.0,0,short_ok,1,scan_doc,1
KCI_FI002027612,fail_block,22,33,0,0,1,1.0,0,short_ok,1,scan_doc,1
KCI_FI002027612,fail_block,23,33,0,0,1,1.0,0,short_ok,1,scan_doc,1
KCI_FI002027612,fail_block,24,33,0,0,1,1.0,0,short_ok,1,scan_doc,1
KCI_FI002027612,fail_block,25,33,0,0,1,1.0,0,short_ok,1,scan_doc,1
KCI_FI002027612,fail_block,26,33,0,0,1,1.0,0,short_ok,1,scan_doc,1
KCI_FI002027612,fail_block,27,33,0,0,1,1.0,0,short_ok,1,scan_doc,1
KCI_FI002027612,fail_block,28,33,0,0,1,1.0,0,short_ok,1,scan_doc,1
KCI_FI002027612,fail_block,29,33,0,0,1,1.0,0,short_ok,1,scan_doc,1
KCI_FI002027612,fail_block,30,33,0,0,1,1.0,0,short_ok,1,scan_doc,1
KCI_FI002027612,fail_block,31,33,0,0,1,1.0,0,short_ok,1,scan_doc,1
KCI_FI002027615,fail_block,0,33,0,0,1,1.0,0,short_ok,1,scan_doc,1
KCI_FI002027615,fail_block,1,33,0,0,1,1.0,0,short_ok,1,scan_doc,1
KCI_FI002027615,fail_block,2,33,0,0,1,1.0,0,short_ok,1,scan_doc,1
KCI_FI002027615,fail_block,3,33,0,0,1,1.0,0,short_ok,1,scan_doc,1
KCI_FI002027615,fail_block,4,33,0,0,1,1.0,0,short_ok,1,scan_doc,1
KCI_FI002027615,fail_block,5,33,0,0,1,1.0,0,short_ok,1,scan_doc,1
KCI_FI002027615,fail_block,6,33,0,0,1,1.0,0,short_ok,1,scan_doc,1
KCI_FI002027615,fail_block,7,33,0,0,1,1.0,0,short_ok,1,scan_doc,1
KCI_FI002027615,fail_block,8,33,0,0,1,1.0,0,short_ok,1,scan_doc,1
KCI_FI002027615,fail_block,9,33,0,0,1,1.0,0,short_ok,1,scan_doc,1
KCI_FI002027615,fail_block,10,33,0,0,1,1.0,0,short_ok,1,scan_doc,1
KCI_FI002027615,fail_block,11,33,0,0,1,1.0,0,short_ok,1,scan_doc,1
KCI_FI002027615,fail_block,12,33,0,0,1,1.0,0,short_ok,1,scan_doc,1
KCI_FI002027615,fail_block,13,33,0,0,1,1.0,0,short_ok,1,scan_doc,1
KCI_FI002027615,fail_block,14,33,0,0,1,1.0,0,short_ok,1,scan_doc,1
KCI_FI002027615,fail_block,15,33,0,0,1,1.0,0,short_ok,1,scan_doc,1
KCI_FI002027615,fail_block,16,33,0,0,1,1.0,0,short_ok,1,scan_doc,1
KCI_FI002027615,fail_block,17,33,0,0,1,1.0,0,short_ok,1,scan_doc,1
KCI_FI002027615,fail_block,18,33,0,0,1,1.0,0,short_ok,1,scan_doc,1
KCI_FI002027615,fail_block,19,33,0,0,1,1.0,0,short_ok,1,scan_doc,1
KCI_FI002027615,fail_block,20,33,0,0,1,1.0,0,short_ok,1,scan_doc,1
KCI_FI002027615,fail_block,21,33,0,0,1,1.0,0,short_ok,1,scan_doc,1
KCI_FI002027615,fail_block,22,33,0,0,1,1.0,0,short_ok,1,scan_doc,1
KCI_FI002027615,fail_block,23,33,0,0,1,1.0,0,short_ok,1,scan_doc,1
KCI_FI002027615,fail_block,24,33,0,0,1,1.0,0,short_ok,1,scan_doc,1
KCI_FI002027615,fail_block,25,33,0,0,1,1.0,0,short_ok,1,scan_doc,1
KCI_FI002027615,fail_block,26,33,0,0,1,1.0,0,short_ok,1,scan_doc,1
KCI_FI002027615,fail_block,27,33,0,0,1,1.0,0,short_ok,1,scan_doc,1
KCI_FI002027615,fail_block,28,33,0,0,1,1.0,0,short_ok,1,scan_doc,1
KCI_FI002027615,fail_block,29,33,0,0,1,1.0,0,short_ok,1,scan_doc,1
KCI_FI002027615,fail_block,30,33,0,0,1,1.0,0,short_ok,1,scan_doc,1
KCI_FI002027615,fail_block,31,33,0,0,1,1.0,0,short_ok,1,scan_doc,1
KCI_FI002027618,fail_block,0,33,0,0,1,1.0,0,short_ok,1,scan_doc,1
KCI_FI002027618,fail_block,1,33,0,0,1,1.0,0,short_ok,1,scan_doc,1
KCI_FI002027618,fail_block,2,33,0,0,1,1.0,0,short_ok,1,scan_doc,1
KCI_FI002027618,fail_block,3,33,0,0,1,1.0,0,short_ok,1,scan_doc,1
KCI_FI002027618,fail_block,4,33,0,0,1,1.0,0,short_ok,1,scan_doc,1
KCI_FI002027618,fail_block,5,33,0,0,1,1.0,0,short_ok,1,scan_doc,1
KCI_FI002027618,fail_block,6,33,0,0,1,1.0,0,short_ok,1,scan_doc,1
KCI_FI002027618,fail_block,7,33,0,0,1,1.0,0,short_ok,1,scan_doc,1
KCI_FI002027618,fail_block,8,33,0,0,1,1.0,0,short_ok,1,scan_doc,1
KCI_FI002027618,fail_block,9,33,0,0,1,1.0,0,short_ok,1,scan_doc,1
KCI_FI002027618,fail_block,10,33,0,0,1,1.0,0,short_ok,1,scan_doc,1
KCI_FI002027618,fail_block,11,33,0,0,1,1.0,0,short_ok,1,scan_doc,1
KCI_FI002027618,fail_block,12,33,0,0,1,1.0,0,short_ok,1,scan_doc,1
KCI_FI002027618,fail_block,13,33,0,0,1,1.0,0,short_ok,1,scan_doc,1
KCI_FI002027618,fail_block,14,33,0,0,1,1.0,0,short_ok,1,scan_doc,1
KCI_FI002027618,fail_block,15,33,0,0,1,1.0,0,short_ok,1,scan_doc,1
KCI_FI002027618,fail_block,16,33,0,0,1,1.0,0,short_ok,1,scan_doc,1
KCI_FI002027618,fail_block,17,33,0,0,1,1.0,0,short_ok,1,scan_doc,1
KCI_FI002027618,fail_block,18,33,0,0,1,1.0,0,short_ok,1,scan_doc,1
KCI_FI002027618,fail_block,19,33,0,0,1,1.0,0,short_ok,1,scan_doc,1
KCI_FI002027618,fail_block,20,33,0,0,1,1.0,0,short_ok,1,scan_doc,1
KCI_FI002027620,fail_block,0,33,0,0,1,1.0,0,short_ok,1,scan_doc,1
KCI_FI002027620,fail_block,1,33,0,0,1,1.0,0,short_ok,1,scan_doc,1
KCI_FI002027620,fail_block,2,33,0,0,1,1.0,0,short_ok,1,scan_doc,1
KCI_FI002027620,fail_block,3,33,0,0,1,1.0,0,short_ok,1,scan_doc,1
KCI_FI002027620,fail_block,4,33,0,0,1,1.0,0,short_ok,1,scan_doc,1
KCI_FI002027620,fail_block,5,33,0,0,1,1.0,0,short_ok,1,scan_doc,1
KCI_FI002027620,fail_block,6,33,0,0,1,1.0,0,short_ok,1,scan_doc,1
KCI_FI002027620,fail_block,7,33,0,0,1,1.0,0,short_ok,1,scan_doc,1
KCI_FI002027620,fail_block,8,33,0,0,1,1.0,0,short_ok,1,scan_doc,1
KCI_FI002027620,fail_block,9,33,0,0,1,1.0,0,short_ok,1,scan_doc,1
KCI_FI002027620,fail_block,10,33,0,0,1,1.0,0,short_ok,1,scan_doc,1
KCI_FI002027620,fail_block,11,33,0,0,1,1.0,0,short_ok,1,scan_doc,1
KCI_FI002027620,fail_block,12,33,0,0,1,1.0,0,short_ok,1,scan_doc,1
KCI_FI002027620,fail_block,13,33,0,0,1,1.0,0,short_ok,1,scan_doc,1
KCI_FI002027620,fail_block,14,33,0,0,1,1.0,0,short_ok,1,scan_doc,1
KCI_FI002038922,fail_block,1,47,47,47,1,1.0,0,short_ok,1,scan_doc,1
KCI_FI002038922,fail_block,2,47,47,47,1,1.0,0,short_ok,1,scan_doc,1
KCI_FI002038922,fail_block,3,47,47,47,1,1.0,0,short_ok,1,scan_doc,1
KCI_FI002038922,fail_block,4,47,47,47,1,1.0,0,short_ok,1,scan_doc,1
KCI_FI002038922,fail_block,5,47,47,47,1,1.0,0,short_ok,1,scan_doc,1
KCI_FI002038922,fail_block,6,47,47,47,1,1.0,0,short_ok,1,scan_doc,1
KCI_FI002038922,fail_block,7,47,47,47,1,1.0,0,short_ok,1,scan_doc,1
KCI_FI002038922,fail_block,8,47,47,47,1,1.0,0,short_ok,1,scan_doc,1
KCI_FI002038922,fail_block,9,47,47,47,1,1.0,0,short_ok,1,scan_doc,1
KCI_FI002038922,fail_block,10,47,47,47,1,1.0,0,short_ok,1,scan_doc,1
KCI_FI002038922,fail_block,11,47,47,47,1,1.0,0,short_ok,1,scan_doc,1
KCI_FI002038922,fail_block,12,47,47,47,1,1.0,0,short_ok,1,scan_doc,1
KCI_FI002038922,fail_block,13,47,47,47,1,1.0,0,short_ok,1,scan_doc,1
KCI_FI002038922,fail_block,14,47,47,47,1,1.0,0,short_ok,1,scan_doc,1
KCI_FI002038922,fail_block,15,47,47,47,1,1.0,0,short_ok,1,scan_doc,1
KCI_FI002038922,fail_block,16,47,47,47,1,1.0,0,short_ok,1,scan_doc,1
KCI_FI002038922,fail_block,17,47,47,47,1,1.0,0,short_ok,1,scan_doc,1
KCI_FI002038922,fail_block,18,47,47,47,1,1.0,0,short_ok,1,scan_doc,1
KCI_FI002038922,fail_block,19,47,47,47,1,1.0,0,short_ok,1,scan_doc,1
KCI_FI002038922,fail_block,20,47,47,47,1,1.0,0,short_ok,1,scan_doc,1
KCI_FI002038922,fail_block,21,47,47,47,1,1.0,0,short_ok,1,scan_doc,1
KCI_FI002038922,fail_block,22,47,47,47,1,1.0,0,short_ok,1,scan_doc,1
KCI_FI002038922,fail_block,23,47,47,47,1,1.0,0,short_ok,1,scan_doc,1
KCI_FI002038922,fail_block,24,47,47,47,1,1.0,0,short_ok,1,scan_doc,1
KCI_FI002038922,fail_block,25,47,47,47,1,1.0,0,short_ok,1,scan_doc,1
KCI_FI002038922,fail_block,26,47,47,47,1,1.0,0,short_ok,1,scan_doc,1
KCI_FI002038922,fail_block,27,47,47,47,1,1.0,0,short_ok,1,scan_doc,1
KCI_FI002038922,fail_block,28,47,47,47,1,1.0,0,short_ok,1,scan_doc,1
KCI_FI002038922,fail_block,29,47,47,47,1,1.0,0,short_ok,1,scan_doc,1
KCI_FI002038920,fail_block,1,47,47,47,1,1.0,0,short_ok,1,scan_doc,1
KCI_FI002038920,fail_block,2,47,47,47,1,1.0,0,short_ok,1,scan_doc,1
KCI_FI002038920,fail_block,3,47,47,47,1,1.0,0,short_ok,1,scan_doc,1
KCI_FI002038920,fail_block,4,47,47,47,1,1.0,0,short_ok,1,scan_doc,1
KCI_FI002038920,fail_block,5,47,47,47,1,1.0,0,short_ok,1,scan_doc,1
KCI_FI002038920,fail_block,6,47,47,47,1,1.0,0,short_ok,1,scan_doc,1
KCI_FI002038920,fail_block,7,47,47,47,1,1.0,0,short_ok,1,scan_doc,1
KCI_FI002038920,fail_block,8,47,47,47,1,1.0,0,short_ok,1,scan_doc,1
KCI_FI002038920,fail_block,9,47,47,47,1,1.0,0,short_ok,1,scan_doc,1
KCI_FI002038920,fail_block,10,47,47,47,1,1.0,0,short_ok,1,scan_doc,1
KCI_FI002038920,fail_block,11,47,47,47,1,1.0,0,short_ok,1,scan_doc,1
KCI_FI002038920,fail_block,12,47,47,47,1,1.0,0,short_ok,1,scan_doc,1
KCI_FI002038920,fail_block,13,47,47,47,1,1.0,0,short_ok,1,scan_doc,1
KCI_FI002038920,fail_block,14,47,47,47,1,1.0,0,short_ok,1,scan_doc,1
KCI_FI002038920,fail_block,15,47,47,47,1,1.0,0,short_ok,1,scan_doc,1
KCI_FI002038920,fail_block,16,47,47,47,1,1.0,0,short_ok,1,scan_doc,1
KCI_FI002038920,fail_block,17,47,47,47,1,1.0,0,short_ok,1,scan_doc,1
KCI_FI002038920,fail_block,18,47,47,47,1,1.0,0,short_ok,1,scan_doc,1
KCI_FI002038920,fail_block,19,47,47,47,1,1.0,0,short_ok,1,scan_doc,1
KCI_FI002038931,fail_block,1,47,47,47,1,1.0,0,short_ok,1,scan_doc,1
KCI_FI002038931,fail_block,2,47,47,47,1,1.0,0,short_ok,1,scan_doc,1
KCI_FI002038931,fail_block,3,47,47,47,1,1.0,0,short_ok,1,scan_doc,1
KCI_FI002038931,fail_block,4,47,47,47,1,1.0,0,short_ok,1,scan_doc,1
KCI_FI002038931,fail_block,5,47,47,47,1,1.0,0,short_ok,1,scan_doc,1
KCI_FI002038931,fail_block,6,47,47,47,1,1.0,0,short_ok,1,scan_doc,1
KCI_FI002038931,fail_block,7,47,47,47,1,1.0,0,short_ok,1,scan_doc,1
KCI_FI002038931,fail_block,8,47,47,47,1,1.0,0,short_ok,1,scan_doc,1
KCI_FI002038931,fail_block,9,47,47,47,1,1.0,0,short_ok,1,scan_doc,1
KCI_FI002038931,fail_block,10,47,47,47,1,1.0,0,short_ok,1,scan_doc,1
KCI_FI002038931,fail_block,11,47,47,47,1,1.0,0,short_ok,1,scan_doc,1
KCI_FI002038931,fail_block,12,47,47,47,1,1.0,0,short_ok,1,scan_doc,1
KCI_FI002038931,fail_block,13,47,47,47,1,1.0,0,short_ok,1,scan_doc,1
KCI_FI002038931,fail_block,14,47,47,47,1,1.0,0,short_ok,1,scan_doc,1
KCI_FI002038931,fail_block,15,47,47,47,1,1.0,0,short_ok,1,scan_doc,1
KCI_FI002038931,fail_block,16,47,47,47,1,1.0,0,short_ok,1,scan_doc,1
KCI_FI002038931,fail_block,17,47,47,47,1,1.0,0,short_ok,1,scan_doc,1
KCI_FI002038929,fail_block,1,47,47,47,1,1.0,0,short_ok,1,scan_doc,1
KCI_FI002038929,fail_block,2,47,47,47,1,1.0,0,short_ok,1,scan_doc,1
KCI_FI002038929,fail_block,3,47,47,47,1,1.0,0,short_ok,1,scan_doc,1
KCI_FI002038929,fail_block,4,47,47,47,1,1.0,0,short_ok,1,scan_doc,1
KCI_FI002038929,fail_block,5,47,47,47,1,1.0,0,short_ok,1,scan_doc,1
KCI_FI002038929,fail_block,6,47,47,47,1,1.0,0,short_ok,1,scan_doc,1
KCI_FI002038929,fail_block,7,47,47,47,1,1.0,0,short_ok,1,scan_doc,1
KCI_FI002038929,fail_block,8,47,47,47,1,1.0,0,short_ok,1,scan_doc,1
KCI_FI002038929,fail_block,9,47,47,47,1,1.0,0,short_ok,1,scan_doc,1
KCI_FI002038929,fail_block,10,47,47,47,1,1.0,0,short_ok,1,scan_doc,1
KCI_FI002038929,fail_block,11,47,47,47,1,1.0,0,short_ok,1,scan_doc,1
KCI_FI002038929,fail_block,12,47,47,47,1,1.0,0,short_ok,1,scan_doc,1
KCI_FI002038929,fail_block,13,47,47,47,1,1.0,0,short_ok,1,scan_doc,1
KCI_FI002038929,fail_block,14,47,47,47,1,1.0,0,short_ok,1,scan_doc,1
KCI_FI002038929,fail_block,15,47,47,47,1,1.0,0,short_ok,1,scan_doc,1
KCI_FI002038929,fail_block,16,47,47,47,1,1.0,0,short_ok,1,scan_doc,1
KCI_FI002038929,fail_block,17,47,47,47,1,1.0,0,short_ok,1,scan_doc,1
KCI_FI002038929,fail_block,18,47,47,47,1,1.0,0,short_ok,1,scan_doc,1
KCI_FI002038929,fail_block,19,47,47,47,1,1.0,0,short_ok,1,scan_doc,1
KCI_FI002038929,fail_block,20,47,47,47,1,1.0,0,short_ok,1,scan_doc,1
KCI_FI002038929,fail_block,21,47,47,47,1,1.0,0,short_ok,1,scan_doc,1
KCI_FI002038929,fail_block,22,47,47,47,1,1.0,0,short_ok,1,scan_doc,1
KCI_FI002038929,fail_block,23,47,47,47,1,1.0,0,short_ok,1,scan_doc,1
KCI_FI002038929,fail_block,24,47,47,47,1,1.0,0,short_ok,1,scan_doc,1
KCI_FI002038929,fail_block,25,47,47,47,1,1.0,0,short_ok,1,scan_doc,1
KCI_FI002038929,fail_block,26,47,47,47,1,1.0,0,short_ok,1,scan_doc,1
KCI_FI002038929,fail_block,27,47,47,47,1,1.0,0,short_ok,1,scan_doc,1
KCI_FI002038929,fail_block,28,47,47,47,1,1.0,0,short_ok,1,scan_doc,1
KCI_FI002038929,fail_block,29,47,47,47,1,1.0,0,short_ok,1,scan_doc,1
KCI_FI002038929,fail_block,30,47,47,47,1,1.0,0,short_ok,1,scan_doc,1
KCI_FI002038927,fail_block,1,47,47,47,1,1.0,0,short_ok,1,scan_doc,1
KCI_FI002038927,fail_block,2,47,47,47,1,1.0,0,short_ok,1,scan_doc,1
KCI_FI002038927,fail_block,3,47,47,47,1,1.0,0,short_ok,1,scan_doc,1
KCI_FI002038927,fail_block,4,47,47,47,1,1.0,0,short_ok,1,scan_doc,1
KCI_FI002038927,fail_block,5,47,47,47,1,1.0,0,short_ok,1,scan_doc,1
KCI_FI002038927,fail_block,6,47,47,47,1,1.0,0,short_ok,1,scan_doc,1
KCI_FI002038927,fail_block,7,47,47,47,1,1.0,0,short_ok,1,scan_doc,1
KCI_FI002038927,fail_block,8,47,47,47,1,1.0,0,short_ok,1,scan_doc,1
KCI_FI002038927,fail_block,9,47,47,47,1,1.0,0,short_ok,1,scan_doc,1
KCI_FI002038927,fail_block,10,47,47,47,1,1.0,0,short_ok,1,scan_doc,1
KCI_FI002038927,fail_block,11,47,47,47,1,1.0,0,short_ok,1,scan_doc,1
KCI_FI002038927,fail_block,12,47,47,47,1,1.0,0,short_ok,1,scan_doc,1
KCI_FI002038927,fail_block,13,47,47,47,1,1.0,0,short_ok,1,scan_doc,1
KCI_FI002038927,fail_block,14,47,47,47,1,1.0,0,short_ok,1,scan_doc,1
KCI_FI002038927,fail_block,15,47,47,47,1,1.0,0,short_ok,1,scan_doc,1
KCI_FI002038927,fail_block,16,47,47,47,1,1.0,0,short_ok,1,scan_doc,1
KCI_FI002038927,fail_block,17,47,47,47,1,1.0,0,short_ok,1,scan_doc,1
KCI_FI002038927,fail_block,18,47,47,47,1,1.0,0,short_ok,1,scan_doc,1
KCI_FI002038927,fail_block,19,47,47,47,1,1.0,0,short_ok,1,scan_doc,1
KCI_FI002038927,fail_block,20,47,47,47,1,1.0,0,short_ok,1,scan_doc,1
KCI_FI002038927,fail_block,21,47,47,47,1,1.0,0,short_ok,1,scan_doc,1
KCI_FI002038927,fail_block,22,47,47,47,1,1.0,0,short_ok,1,scan_doc,1
KCI_FI002038927,fail_block,23,47,47,47,1,1.0,0,short_ok,1,scan_doc,1
KCI_FI002038927,fail_block,24,47,47,47,1,1.0,0,short_ok,1,scan_doc,1
KCI_FI002038927,fail_block,25,47,47,47,1,1.0,0,short_ok,1,scan_doc,1
KCI_FI002038927,fail_block,26,47,47,47,1,1.0,0,short_ok,1,scan_doc,1
KCI_FI002038927,fail_block,27,47,47,47,1,1.0,0,short_ok,1,scan_doc,1
KCI_FI002038930,fail_block,1,47,47,47,1,1.0,0,short_ok,1,scan_doc,1
KCI_FI002038930,fail_block,2,47,47,47,1,1.0,0,short_ok,1,scan_doc,1
KCI_FI002038930,fail_block,3,47,47,47,1,1.0,0,short_ok,1,scan_doc,1
KCI_FI002038930,fail_block,4,47,47,47,1,1.0,0,short_ok,1,scan_doc,1
KCI_FI002038930,fail_block,5,47,47,47,1,1.0,0,short_ok,1,scan_doc,1
KCI_FI002038930,fail_block,6,47,47,47,1,1.0,0,short_ok,1,scan_doc,1
KCI_FI002038930,fail_block,7,47,47,47,1,1.0,0,short_ok,1,scan_doc,1
KCI_FI002038930,fail_block,8,47,47,47,1,1.0,0,short_ok,1,scan_doc,1
KCI_FI002038930,fail_block,9,47,47,47,1,1.0,0,short_ok,1,scan_doc,1
KCI_FI002038930,fail_block,10,47,47,47,1,1.0,0,short_ok,1,scan_doc,1
KCI_FI002038930,fail_block,11,47,47,47,1,1.0,0,short_ok,1,scan_doc,1
KCI_FI002038930,fail_block,12,47,47,47,1,1.0,0,short_ok,1,scan_doc,1
KCI_FI002038930,fail_block,13,47,47,47,1,1.0,0,short_ok,1,scan_doc,1
KCI_FI002038926,fail_block,1,47,47,47,1,1.0,0,short_ok,1,scan_doc,1
KCI_FI002038926,fail_block,2,47,47,47,1,1.0,0,short_ok,1,scan_doc,1
KCI_FI002038926,fail_block,3,47,47,47,1,1.0,0,short_ok,1,scan_doc,1
KCI_FI002038926,fail_block,4,47,47,47,1,1.0,0,short_ok,1,scan_doc,1
KCI_FI002038926,fail_block,5,47,47,47,1,1.0,0,short_ok,1,scan_doc,1
KCI_FI002038926,fail_block,6,47,47,47,1,1.0,0,short_ok,1,scan_doc,1
KCI_FI002038926,fail_block,7,47,47,47,1,1.0,0,short_ok,1,scan_doc,1
KCI_FI002038926,fail_block,8,47,47,47,1,1.0,0,short_ok,1,scan_doc,1
KCI_FI002038926,fail_block,9,47,47,47,1,1.0,0,short_ok,1,scan_doc,1
KCI_FI002038926,fail_block,10,47,47,47,1,1.0,0,short_ok,1,scan_doc,1
KCI_FI002038926,fail_block,11,47,47,47,1,1.0,0,short_ok,1,scan_doc,1
KCI_FI002038926,fail_block,12,47,47,47,1,1.0,0,short_ok,1,scan_doc,1
KCI_FI002038926,fail_block,13,47,47,47,1,1.0,0,short_ok,1,scan_doc,1
KCI_FI002038926,fail_block,14,47,47,47,1,1.0,0,short_ok,1,scan_doc,1
KCI_FI002038926,fail_block,15,47,47,47,1,1.0,0,short_ok,1,scan_doc,1
KCI_FI002038926,fail_block,16,47,47,47,1,1.0,0,short_ok,1,scan_doc,1
KCI_FI002038926,fail_block,17,47,47,47,1,1.0,0,short_ok,1,scan_doc,1
KCI_FI002038926,fail_block,18,47,47,47,1,1.0,0,short_ok,1,scan_doc,1
KCI_FI002038935,fail_block,1,47,47,47,1,1.0,0,short_ok,1,scan_doc,1
KCI_FI002038935,fail_block,2,47,47,47,1,1.0,0,short_ok,1,scan_doc,1
KCI_FI002038935,fail_block,3,47,47,47,1,1.0,0,short_ok,1,scan_doc,1
KCI_FI002038935,fail_block,4,47,47,47,1,1.0,0,short_ok,1,scan_doc,1
KCI_FI002038935,fail_block,5,47,47,47,1,1.0,0,short_ok,1,scan_doc,1
KCI_FI002038935,fail_block,6,47,47,47,1,1.0,0,short_ok,1,scan_doc,1
KCI_FI002038935,fail_block,7,47,47,47,1,1.0,0,short_ok,1,scan_doc,1
KCI_FI002038935,fail_block,8,47,47,47,1,1.0,0,short_ok,1,scan_doc,1
KCI_FI002038935,fail_block,9,47,47,47,1,1.0,0,short_ok,1,scan_doc,1
KCI_FI002038935,fail_block,10,47,47,47,1,1.0,0,short_ok,1,scan_doc,1
KCI_FI002038935,fail_block,11,47,47,47,1,1.0,0,short_ok,1,scan_doc,1
KCI_FI002038935,fail_block,12,47,47,47,1,1.0,0,short_ok,1,scan_doc,1
KCI_FI002038935,fail_block,13,47,47,47,1,1.0,0,short_ok,1,scan_doc,1
KCI_FI002038935,fail_block,14,47,47,47,1,1.0,0,short_ok,1,scan_doc,1
KCI_FI002038935,fail_block,15,47,47,47,1,1.0,0,short_ok,1,scan_doc,1
KCI_FI002038935,fail_block,16,47,47,47,1,1.0,0,short_ok,1,scan_doc,1
KCI_FI002038935,fail_block,17,47,47,47,1,1.0,0,short_ok,1,scan_doc,1
KCI_FI002038935,fail_block,18,47,47,47,1,1.0,0,short_ok,1,scan_doc,1
KCI_FI002038936,fail_block,1,47,47,47,1,1.0,0,short_ok,1,scan_doc,1
KCI_FI002038936,fail_block,2,47,47,47,1,1.0,0,short_ok,1,scan_doc,1
KCI_FI002038936,fail_block,3,47,47,47,1,1.0,0,short_ok,1,scan_doc,1
KCI_FI002038936,fail_block,4,47,47,47,1,1.0,0,short_ok,1,scan_doc,1
KCI_FI002038936,fail_block,5,47,47,47,1,1.0,0,short_ok,1,scan_doc,1
KCI_FI002038936,fail_block,6,47,47,47,1,1.0,0,short_ok,1,scan_doc,1
KCI_FI002038936,fail_block,7,47,47,47,1,1.0,0,short_ok,1,scan_doc,1
KCI_FI002038936,fail_block,8,47,47,47,1,1.0,0,short_ok,1,scan_doc,1
KCI_FI002038936,fail_block,9,47,47,47,1,1.0,0,short_ok,1,scan_doc,1
KCI_FI002038936,fail_block,10,47,47,47,1,1.0,0,short_ok,1,scan_doc,1
KCI_FI002038936,fail_block,11,47,47,47,1,1.0,0,short_ok,1,scan_doc,1
KCI_FI002038936,fail_block,12,47,47,47,1,1.0,0,short_ok,1,scan_doc,1
KCI_FI002038936,fail_block,13,47,47,47,1,1.0,0,short_ok,1,scan_doc,1
KCI_FI002038936,fail_block,14,47,47,47,1,1.0,0,short_ok,1,scan_doc,1
KCI_FI002038936,fail_block,15,47,47,47,1,1.0,0,short_ok,1,scan_doc,1
KCI_FI002038936,fail_block,16,47,47,47,1,1.0,0,short_ok,1,scan_doc,1
KCI_FI002038936,fail_block,17,47,47,47,1,1.0,0,short_ok,1,scan_doc,1
KCI_FI002038936,fail_block,18,47,47,47,1,1.0,0,short_ok,1,scan_doc,1
KCI_FI002038936,fail_block,19,47,47,47,1,1.0,0,short_ok,1,scan_doc,1
KCI_FI002038936,fail_block,20,47,47,47,1,1.0,0,short_ok,1,scan_doc,1
KCI_FI002038936,fail_block,21,47,47,47,1,1.0,0,short_ok,1,scan_doc,1
KCI_FI002038936,fail_block,22,47,47,47,1,1.0,0,short_ok,1,scan_doc,1
KCI_FI002038923,fail_block,1,47,47,47,1,1.0,0,short_ok,1,scan_doc,1
KCI_FI002038923,fail_block,2,47,47,47,1,1.0,0,short_ok,1,scan_doc,1
KCI_FI002038923,fail_block,3,47,47,47,1,1.0,0,short_ok,1,scan_doc,1
KCI_FI002038923,fail_block,4,47,47,47,1,1.0,0,short_ok,1,scan_doc,1
KCI_FI002038923,fail_block,5,47,47,47,1,1.0,0,short_ok,1,scan_doc,1
KCI_FI002038923,fail_block,6,47,47,47,1,1.0,0,short_ok,1,scan_doc,1
KCI_FI002038923,fail_block,7,47,47,47,1,1.0,0,short_ok,1,scan_doc,1
KCI_FI002038923,fail_block,8,47,47,47,1,1.0,0,short_ok,1,scan_doc,1
KCI_FI002038923,fail_block,9,47,47,47,1,1.0,0,short_ok,1,scan_doc,1
KCI_FI002038923,fail_block,10,47,47,47,1,1.0,0,short_ok,1,scan_doc,1
KCI_FI002038923,fail_block,11,47,47,47,1,1.0,0,short_ok,1,scan_doc,1
KCI_FI002038923,fail_block,12,47,47,47,1,1.0,0,short_ok,1,scan_doc,1
KCI_FI002038923,fail_block,13,47,47,47,1,1.0,0,short_ok,1,scan_doc,1
KCI_FI002038923,fail_block,14,47,47,47,1,1.0,0,short_ok,1,scan_doc,1
KCI_FI002038923,fail_block,15,47,47,47,1,1.0,0,short_ok,1,scan_doc,1
KCI_FI002038923,fail_block,16,47,47,47,1,1.0,0,short_ok,1,scan_doc,1
KCI_FI002038923,fail_block,17,47,47,47,1,1.0,0,short_ok,1,scan_doc,1
KCI_FI002038923,fail_block,18,47,47,47,1,1.0,0,short_ok,1,scan_doc,1
KCI_FI002038923,fail_block,19,47,47,47,1,1.0,0,short_ok,1,scan_doc,1
KCI_FI002038923,fail_block,20,47,47,47,1,1.0,0,short_ok,1,scan_doc,1
KCI_FI002038923,fail_block,21,47,47,47,1,1.0,0,short_ok,1,scan_doc,1
KCI_FI002038923,fail_block,22,47,47,47,1,1.0,0,short_ok,1,scan_doc,1
KCI_FI002038924,fail_block,1,47,47,47,1,1.0,0,short_ok,1,scan_doc,1
KCI_FI002038924,fail_block,2,47,47,47,1,1.0,0,short_ok,1,scan_doc,1
KCI_FI002038924,fail_block,3,47,47,47,1,1.0,0,short_ok,1,scan_doc,1
KCI_FI002038924,fail_block,4,47,47,47,1,1.0,0,short_ok,1,scan_doc,1
KCI_FI002038924,fail_block,5,47,47,47,1,1.0,0,short_ok,1,scan_doc,1
KCI_FI002038924,fail_block,6,47,47,47,1,1.0,0,short_ok,1,scan_doc,1
KCI_FI002038924,fail_block,7,47,47,47,1,1.0,0,short_ok,1,scan_doc,1
KCI_FI002038924,fail_block,8,47,47,47,1,1.0,0,short_ok,1,scan_doc,1
KCI_FI002038924,fail_block,9,47,47,47,1,1.0,0,short_ok,1,scan_doc,1
KCI_FI002038924,fail_block,10,47,47,47,1,1.0,0,short_ok,1,scan_doc,1
KCI_FI002038924,fail_block,11,47,47,47,1,1.0,0,short_ok,1,scan_doc,1
KCI_FI002038924,fail_block,12,47,47,47,1,1.0,0,short_ok,1,scan_doc,1
KCI_FI002038928,fail_block,1,47,47,47,1,1.0,0,short_ok,1,scan_doc,1
KCI_FI002038928,fail_block,2,47,47,47,1,1.0,0,short_ok,1,scan_doc,1
KCI_FI002038928,fail_block,3,47,47,47,1,1.0,0,short_ok,1,scan_doc,1
KCI_FI002038928,fail_block,4,47,47,47,1,1.0,0,short_ok,1,scan_doc,1
KCI_FI002038928,fail_block,5,47,47,47,1,1.0,0,short_ok,1,scan_doc,1
KCI_FI002038928,fail_block,6,47,47,47,1,1.0,0,short_ok,1,scan_doc,1
KCI_FI002038928,fail_block,7,47,47,47,1,1.0,0,short_ok,1,scan_doc,1
KCI_FI002038928,fail_block,8,47,47,47,1,1.0,0,short_ok,1,scan_doc,1
KCI_FI002038928,fail_block,9,47,47,47,1,1.0,0,short_ok,1,scan_doc,1
KCI_FI002038928,fail_block,10,47,47,47,1,1.0,0,short_ok,1,scan_doc,1
KCI_FI002038928,fail_block,11,47,47,47,1,1.0,0,short_ok,1,scan_doc,1
KCI_FI002038928,fail_block,12,47,47,47,1,1.0,0,short_ok,1,scan_doc,1
KCI_FI002038928,fail_block,13,47,47,47,1,1.0,0,short_ok,1,scan_doc,1
KCI_FI002038934,fail_block,1,47,47,47,1,1.0,0,short_ok,1,scan_doc,1
KCI_FI002038934,fail_block,2,47,47,47,1,1.0,0,short_ok,1,scan_doc,1
KCI_FI002038934,fail_block,3,47,47,47,1,1.0,0,short_ok,1,scan_doc,1
KCI_FI002038934,fail_block,4,47,47,47,1,1.0,0,short_ok,1,scan_doc,1
KCI_FI002038934,fail_block,5,47,47,47,1,1.0,0,short_ok,1,scan_doc,1
KCI_FI002038934,fail_block,6,47,47,47,1,1.0,0,short_ok,1,scan_doc,1
KCI_FI002038934,fail_block,7,47,47,47,1,1.0,0,short_ok,1,scan_doc,1
KCI_FI002038934,fail_block,8,47,47,47,1,1.0,0,short_ok,1,scan_doc,1
KCI_FI002038934,fail_block,9,47,47,47,1,1.0,0,short_ok,1,scan_doc,1
KCI_FI002038934,fail_block,10,47,47,47,1,1.0,0,short_ok,1,scan_doc,1
KCI_FI002038934,fail_block,11,47,47,47,1,1.0,0,short_ok,1,scan_doc,1
KCI_FI002038934,fail_block,12,47,47,47,1,1.0,0,short_ok,1,scan_doc,1
KCI_FI002038934,fail_block,13,47,47,47,1,1.0,0,short_ok,1,scan_doc,1
KCI_FI002038934,fail_block,14,47,47,47,1,1.0,0,short_ok,1,scan_doc,1
KCI_FI002038934,fail_block,15,47,47,47,1,1.0,0,short_ok,1,scan_doc,1
KCI_FI002038934,fail_block,16,47,47,47,1,1.0,0,short_ok,1,scan_doc,1
KCI_FI002038934,fail_block,17,47,47,47,1,1.0,0,short_ok,1,scan_doc,1
KCI_FI002038934,fail_block,18,47,47,47,1,1.0,0,short_ok,1,scan_doc,1
KCI_FI002038934,fail_block,19,47,47,47,1,1.0,0,short_ok,1,scan_doc,1
KCI_FI002038934,fail_block,20,47,47,47,1,1.0,0,short_ok,1,scan_doc,1
KCI_FI002038934,fail_block,21,47,47,47,1,1.0,0,short_ok,1,scan_doc,1
KCI_FI002038934,fail_block,22,47,47,47,1,1.0,0,short_ok,1,scan_doc,1
KCI_FI002038934,fail_block,23,47,47,47,1,1.0,0,short_ok,1,scan_doc,1
KCI_FI002038934,fail_block,24,47,47,47,1,1.0,0,short_ok,1,scan_doc,1
KCI_FI002038934,fail_block,25,47,47,47,1,1.0,0,short_ok,1,scan_doc,1
KCI_FI002038934,fail_block,26,47,47,47,1,1.0,0,short_ok,1,scan_doc,1
KCI_FI002038934,fail_block,27,47,47,47,1,1.0,0,short_ok,1,scan_doc,1
KCI_FI002038934,fail_block,28,47,47,47,1,1.0,0,short_ok,1,scan_doc,1
KCI_FI002038934,fail_block,29,47,47,47,1,1.0,0,short_ok,1,scan_doc,1
KCI_FI002038934,fail_block,30,47,47,47,1,1.0,0,short_ok,1,scan_doc,1
KCI_FI002038934,fail_block,31,47,47,47,1,1.0,0,short_ok,1,scan_doc,1
KCI_FI002038934,fail_block,32,47,47,47,1,1.0,0,short_ok,1,scan_doc,1
KCI_FI002038934,fail_block,33,47,47,47,1,1.0,0,short_ok,1,scan_doc,1
KCI_FI002038934,fail_block,34,47,47,47,1,1.0,0,short_ok,1,scan_doc,1
KCI_FI002038921,fail_block,1,47,47,47,1,1.0,0,short_ok,1,scan_doc,1
KCI_FI002038921,fail_block,2,47,47,47,1,1.0,0,short_ok,1,scan_doc,1
KCI_FI002038921,fail_block,3,47,47,47,1,1.0,0,short_ok,1,scan_doc,1
KCI_FI002038921,fail_block,4,47,47,47,1,1.0,0,short_ok,1,scan_doc,1
KCI_FI002038921,fail_block,5,47,47,47,1,1.0,0,short_ok,1,scan_doc,1
KCI_FI002038921,fail_block,6,47,47,47,1,1.0,0,short_ok,1,scan_doc,1
KCI_FI002038921,fail_block,7,47,47,47,1,1.0,0,short_ok,1,scan_doc,1
KCI_FI002038921,fail_block,8,47,47,47,1,1.0,0,short_ok,1,scan_doc,1
KCI_FI002038921,fail_block,9,47,47,47,1,1.0,0,short_ok,1,scan_doc,1
KCI_FI002038921,fail_block,10,47,47,47,1,1.0,0,short_ok,1,scan_doc,1
KCI_FI002038921,fail_block,11,47,47,47,1,1.0,0,short_ok,1,scan_doc,1
KCI_FI002038921,fail_block,12,47,47,47,1,1.0,0,short_ok,1,scan_doc,1
KCI_FI002038921,fail_block,13,47,47,47,1,1.0,0,short_ok,1,scan_doc,1
KCI_FI002038921,fail_block,14,47,47,47,1,1.0,0,short_ok,1,scan_doc,1
KCI_FI002038921,fail_block,15,47,47,47,1,1.0,0,short_ok,1,scan_doc,1
KCI_FI002038921,fail_block,16,47,47,47,1,1.0,0,short_ok,1,scan_doc,1
KCI_FI002038921,fail_block,17,47,47,47,1,1.0,0,short_ok,1,scan_doc,1
KCI_FI002038921,fail_block,18,47,47,47,1,1.0,0,short_ok,1,scan_doc,1
KCI_FI002038921,fail_block,19,47,47,47,1,1.0,0,short_ok,1,scan_doc,1
KCI_FI002038921,fail_block,20,47,47,47,1,1.0,0,short_ok,1,scan_doc,1
KCI_FI002038921,fail_block,21,47,47,47,1,1.0,0,short_ok,1,scan_doc,1
KCI_FI002038937,fail_block,1,47,47,47,1,1.0,0,short_ok,1,scan_doc,1
KCI_FI002038937,fail_block,2,47,47,47,1,1.0,0,short_ok,1,scan_doc,1
KCI_FI002038937,fail_block,3,47,47,47,1,1.0,0,short_ok,1,scan_doc,1
KCI_FI002038937,fail_block,4,47,47,47,1,1.0,0,short_ok,1,scan_doc,1
KCI_FI002038937,fail_block,5,47,47,47,1,1.0,0,short_ok,1,scan_doc,1
KCI_FI002038937,fail_block,6,47,47,47,1,1.0,0,short_ok,1,scan_doc,1
KCI_FI002038937,fail_block,7,47,47,47,1,1.0,0,short_ok,1,scan_doc,1
KCI_FI002038937,fail_block,8,47,47,47,1,1.0,0,short_ok,1,scan_doc,1
KCI_FI002038937,fail_block,9,47,47,47,1,1.0,0,short_ok,1,scan_doc,1
KCI_FI002038937,fail_block,10,47,47,47,1,1.0,0,short_ok,1,scan_doc,1
KCI_FI002038937,fail_block,11,47,47,47,1,1.0,0,short_ok,1,scan_doc,1
KCI_FI002038937,fail_block,12,47,47,47,1,1.0,0,short_ok,1,scan_doc,1
KCI_FI002038937,fail_block,13,47,47,47,1,1.0,0,short_ok,1,scan_doc,1
KCI_FI002038937,fail_block,14,47,47,47,1,1.0,0,short_ok,1,scan_doc,1
KCI_FI002038937,fail_block,15,47,47,47,1,1.0,0,short_ok,1,scan_doc,1
KCI_FI002038937,fail_block,16,47,47,47,1,1.0,0,short_ok,1,scan_doc,1
KCI_FI002038937,fail_block,17,47,47,47,1,1.0,0,short_ok,1,scan_doc,1
KCI_FI002038937,fail_block,18,47,47,47,1,1.0,0,short_ok,1,scan_doc,1
KCI_FI002038937,fail_block,19,47,47,47,1,1.0,0,short_ok,1,scan_doc,1
KCI_FI002038937,fail_block,20,47,47,47,1,1.0,0,short_ok,1,scan_doc,1
KCI_FI002038937,fail_block,21,47,47,47,1,1.0,0,short_ok,1,scan_doc,1
KCI_FI002038937,fail_block,22,47,47,47,1,1.0,0,short_ok,1,scan_doc,1
KCI_FI002038937,fail_block,23,47,47,47,1,1.0,0,short_ok,1,scan_doc,1
KCI_FI002038937,fail_block,24,47,47,47,1,1.0,0,short_ok,1,scan_doc,1
KCI_FI002038937,fail_block,25,47,47,47,1,1.0,0,short_ok,1,scan_doc,1
KCI_FI002038937,fail_block,26,47,47,47,1,1.0,0,short_ok,1,scan_doc,1
KCI_FI002038937,fail_block,27,47,47,47,1,1.0,0,short_ok,1,scan_doc,1
KCI_FI002025428,fail_block,0,33,0,0,1,1.0,0,short_ok,1,scan_doc,1
KCI_FI002025428,fail_block,1,33,0,0,1,1.0,0,short_ok,1,scan_doc,1
KCI_FI002025428,fail_block,2,33,0,0,1,1.0,0,short_ok,1,scan_doc,1
KCI_FI002025428,fail_block,3,33,0,0,1,1.0,0,short_ok,1,scan_doc,1
KCI_FI002025428,fail_block,4,33,0,0,1,1.0,0,short_ok,1,scan_doc,1
KCI_FI002025428,fail_block,5,33,0,0,1,1.0,0,short_ok,1,scan_doc,1
KCI_FI002025428,fail_block,6,33,0,0,1,1.0,0,short_ok,1,scan_doc,1
KCI_FI002025428,fail_block,7,33,0,0,1,1.0,0,short_ok,1,scan_doc,1
KCI_FI002025428,fail_block,8,33,0,0,1,1.0,0,short_ok,1,scan_doc,1
KCI_FI002025428,fail_block,9,33,0,0,1,1.0,0,short_ok,1,scan_doc,1
KCI_FI002025428,fail_block,10,33,0,0,1,1.0,0,short_ok,1,scan_doc,1
KCI_FI002025428,fail_block,11,33,0,0,1,1.0,0,short_ok,1,scan_doc,1
KCI_FI002025428,fail_block,12,33,0,0,1,1.0,0,short_ok,1,scan_doc,1
KCI_FI002025428,fail_block,13,33,0,0,1,1.0,0,short_ok,1,scan_doc,1
KCI_FI002025428,fail_block,14,33,0,0,1,1.0,0,short_ok,1,scan_doc,1
KCI_FI002025428,fail_block,15,33,0,0,1,1.0,0,short_ok,1,scan_doc,1
KCI_FI002025428,fail_block,16,33,0,0,1,1.0,0,short_ok,1,scan_doc,1
KCI_FI002025428,fail_block,17,33,0,0,1,1.0,0,short_ok,1,scan_doc,1
KCI_FI002025428,fail_block,18,33,0,0,1,1.0,0,short_ok,1,scan_doc,1
KCI_FI002025428,fail_block,19,33,0,0,1,1.0,0,short_ok,1,scan_doc,1
KCI_FI002025428,fail_block,20,33,0,0,1,1.0,0,short_ok,1,scan_doc,1
KCI_FI002025424,fail_block,0,33,0,0,1,1.0,0,short_ok,1,scan_doc,1
KCI_FI002025424,fail_block,1,33,0,0,1,1.0,0,short_ok,1,scan_doc,1
KCI_FI002025424,fail_block,2,33,0,0,1,1.0,0,short_ok,1,scan_doc,1
KCI_FI002025424,fail_block,3,33,0,0,1,1.0,0,short_ok,1,scan_doc,1
KCI_FI002025424,fail_block,4,33,0,0,1,1.0,0,short_ok,1,scan_doc,1
KCI_FI002025424,fail_block,5,33,0,0,1,1.0,0,short_ok,1,scan_doc,1
KCI_FI002025424,fail_block,6,33,0,0,1,1.0,0,short_ok,1,scan_doc,1
KCI_FI002025424,fail_block,7,33,0,0,1,1.0,0,short_ok,1,scan_doc,1
KCI_FI002025424,fail_block,8,33,0,0,1,1.0,0,short_ok,1,scan_doc,1
KCI_FI002025424,fail_block,9,33,0,0,1,1.0,0,short_ok,1,scan_doc,1
KCI_FI002025424,fail_block,10,33,0,0,1,1.0,0,short_ok,1,scan_doc,1
KCI_FI002025424,fail_block,11,33,0,0,1,1.0,0,short_ok,1,scan_doc,1
KCI_FI002025424,fail_block,12,33,0,0,1,1.0,0,short_ok,1,scan_doc,1
KCI_FI002025424,fail_block,13,33,0,0,1,1.0,0,short_ok,1,scan_doc,1
KCI_FI002025424,fail_block,14,33,0,0,1,1.0,0,short_ok,1,scan_doc,1
KCI_FI002025424,fail_block,15,33,0,0,1,1.0,0,short_ok,1,scan_doc,1
KCI_FI002025424,fail_block,16,33,0,0,1,1.0,0,short_ok,1,scan_doc,1
KCI_FI002025424,fail_block,17,33,0,0,1,1.0,0,short_ok,1,scan_doc,1
KCI_FI002025424,fail_block,18,33,0,0,1,1.0,0,short_ok,1,scan_doc,1
KCI_FI002025424,fail_block,19,33,0,0,1,1.0,0,short_ok,1,scan_doc,1
KCI_FI002025398,fail_block,0,33,0,0,1,1.0,0,short_ok,1,scan_doc,1
KCI_FI002025398,fail_block,1,33,0,0,1,1.0,0,short_ok,1,scan_doc,1
KCI_FI002025398,fail_block,2,33,0,0,1,1.0,0,short_ok,1,scan_doc,1
KCI_FI002025398,fail_block,3,33,0,0,1,1.0,0,short_ok,1,scan_doc,1
KCI_FI002025398,fail_block,4,33,0,0,1,1.0,0,short_ok,1,scan_doc,1
KCI_FI002025398,fail_block,5,33,0,0,1,1.0,0,short_ok,1,scan_doc,1
KCI_FI002025398,fail_block,6,33,0,0,1,1.0,0,short_ok,1,scan_doc,1
KCI_FI002025398,fail_block,7,33,0,0,1,1.0,0,short_ok,1,scan_doc,1
KCI_FI002025398,fail_block,8,33,0,0,1,1.0,0,short_ok,1,scan_doc,1
KCI_FI002025398,fail_block,9,33,0,0,1,1.0,0,short_ok,1,scan_doc,1
KCI_FI002025398,fail_block,10,33,0,0,1,1.0,0,short_ok,1,scan_doc,1
KCI_FI002025398,fail_block,11,33,0,0,1,1.0,0,short_ok,1,scan_doc,1
KCI_FI002025398,fail_block,12,33,0,0,1,1.0,0,short_ok,1,scan_doc,1
KCI_FI002025398,fail_block,13,33,0,0,1,1.0,0,short_ok,1,scan_doc,1
KCI_FI002025398,fail_block,14,33,0,0,1,1.0,0,short_ok,1,scan_doc,1
KCI_FI002025398,fail_block,15,33,0,0,1,1.0,0,short_ok,1,scan_doc,1
KCI_FI002025398,fail_block,16,33,0,0,1,1.0,0,short_ok,1,scan_doc,1
KCI_FI002025445,fail_block,0,33,0,0,1,1.0,0,short_ok,1,scan_doc,1
KCI_FI002025445,fail_block,1,33,0,0,1,1.0,0,short_ok,1,scan_doc,1
KCI_FI002025445,fail_block,2,33,0,0,1,1.0,0,short_ok,1,scan_doc,1
KCI_FI002025445,fail_block,3,33,0,0,1,1.0,0,short_ok,1,scan_doc,1
KCI_FI002025445,fail_block,4,33,0,0,1,1.0,0,short_ok,1,scan_doc,1
KCI_FI002025445,fail_block,5,33,0,0,1,1.0,0,short_ok,1,scan_doc,1
KCI_FI002025445,fail_block,6,33,0,0,1,1.0,0,short_ok,1,scan_doc,1
KCI_FI002025445,fail_block,7,33,0,0,1,1.0,0,short_ok,1,scan_doc,1
KCI_FI002025445,fail_block,8,33,0,0,1,1.0,0,short_ok,1,scan_doc,1
KCI_FI002025445,fail_block,9,33,0,0,1,1.0,0,short_ok,1,scan_doc,1
KCI_FI002025445,fail_block,10,33,0,0,1,1.0,0,short_ok,1,scan_doc,1
KCI_FI002025445,fail_block,11,33,0,0,1,1.0,0,short_ok,1,scan_doc,1
KCI_FI002025445,fail_block,12,33,0,0,1,1.0,0,short_ok,1,scan_doc,1
KCI_FI002025445,fail_block,13,33,0,0,1,1.0,0,short_ok,1,scan_doc,1
KCI_FI002025445,fail_block,14,33,0,0,1,1.0,0,short_ok,1,scan_doc,1
KCI_FI002025445,fail_block,15,33,0,0,1,1.0,0,short_ok,1,scan_doc,1
KCI_FI002025445,fail_block,16,33,0,0,1,1.0,0,short_ok,1,scan_doc,1
KCI_FI002025445,fail_block,17,33,0,0,1,1.0,0,short_ok,1,scan_doc,1
KCI_FI002025445,fail_block,18,33,0,0,1,1.0,0,short_ok,1,scan_doc,1
KCI_FI002025445,fail_block,19,33,0,0,1,1.0,0,short_ok,1,scan_doc,1
KCI_FI002025445,fail_block,20,33,0,0,1,1.0,0,short_ok,1,scan_doc,1
KCI_FI002025445,fail_block,21,33,0,0,1,1.0,0,short_ok,1,scan_doc,1
KCI_FI002025445,fail_block,22,33,0,0,1,1.0,0,short_ok,1,scan_doc,1
KCI_FI002025445,fail_block,23,33,0,0,1,1.0,0,short_ok,1,scan_doc,1
KCI_FI002025445,fail_block,24,33,0,0,1,1.0,0,short_ok,1,scan_doc,1
KCI_FI002025392,fail_block,0,33,0,0,1,1.0,0,short_ok,1,scan_doc,1
KCI_FI002025392,fail_block,1,33,0,0,1,1.0,0,short_ok,1,scan_doc,1
KCI_FI002025392,fail_block,2,33,0,0,1,1.0,0,short_ok,1,scan_doc,1
KCI_FI002025392,fail_block,3,33,0,0,1,1.0,0,short_ok,1,scan_doc,1
KCI_FI002025392,fail_block,4,33,0,0,1,1.0,0,short_ok,1,scan_doc,1
KCI_FI002025392,fail_block,5,33,0,0,1,1.0,0,short_ok,1,scan_doc,1
KCI_FI002025392,fail_block,6,33,0,0,1,1.0,0,short_ok,1,scan_doc,1
KCI_FI002025392,fail_block,7,33,0,0,1,1.0,0,short_ok,1,scan_doc,1
KCI_FI002025392,fail_block,8,33,0,0,1,1.0,0,short_ok,1,scan_doc,1
KCI_FI002025392,fail_block,9,33,0,0,1,1.0,0,short_ok,1,scan_doc,1
KCI_FI002025392,fail_block,10,33,0,0,1,1.0,0,short_ok,1,scan_doc,1
KCI_FI002025392,fail_block,11,33,0,0,1,1.0,0,short_ok,1,scan_doc,1
KCI_FI002025392,fail_block,12,33,0,0,1,1.0,0,short_ok,1,scan_doc,1
KCI_FI002025392,fail_block,13,33,0,0,1,1.0,0,short_ok,1,scan_doc,1
KCI_FI002025392,fail_block,14,33,0,0,1,1.0,0,short_ok,1,scan_doc,1
KCI_FI002025392,fail_block,15,33,0,0,1,1.0,0,short_ok,1,scan_doc,1
KCI_FI002025392,fail_block,16,33,0,0,1,1.0,0,short_ok,1,scan_doc,1
KCI_FI002025392,fail_block,17,33,0,0,1,1.0,0,short_ok,1,scan_doc,1
KCI_FI002025392,fail_block,18,33,0,0,1,1.0,0,short_ok,1,scan_doc,1
KCI_FI002025392,fail_block,19,33,0,0,1,1.0,0,short_ok,1,scan_doc,1
KCI_FI002025392,fail_block,20,33,0,0,1,1.0,0,short_ok,1,scan_doc,1
KCI_FI002025392,fail_block,21,33,0,0,1,1.0,0,short_ok,1,scan_doc,1
KCI_FI002025392,fail_block,22,33,0,0,1,1.0,0,short_ok,1,scan_doc,1
KCI_FI002025392,fail_block,23,33,0,0,1,1.0,0,short_ok,1,scan_doc,1
KCI_FI002025392,fail_block,24,33,0,0,1,1.0,0,short_ok,1,scan_doc,1
KCI_FI002025392,fail_block,25,33,0,0,1,1.0,0,short_ok,1,scan_doc,1
KCI_FI002025392,fail_block,26,33,0,0,1,1.0,0,short_ok,1,scan_doc,1
KCI_FI002025392,fail_block,27,33,0,0,1,1.0,0,short_ok,1,scan_doc,1
KCI_FI002025395,fail_block,0,33,0,0,1,1.0,0,short_ok,1,scan_doc,1
KCI_FI002025395,fail_block,1,33,0,0,1,1.0,0,short_ok,1,scan_doc,1
KCI_FI002025395,fail_block,2,33,0,0,1,1.0,0,short_ok,1,scan_doc,1
KCI_FI002025395,fail_block,3,33,0,0,1,1.0,0,short_ok,1,scan_doc,1
KCI_FI002025395,fail_block,4,33,0,0,1,1.0,0,short_ok,1,scan_doc,1
KCI_FI002025395,fail_block,5,33,0,0,1,1.0,0,short_ok,1,scan_doc,1
KCI_FI002025395,fail_block,6,33,0,0,1,1.0,0,short_ok,1,scan_doc,1
KCI_FI002025395,fail_block,7,33,0,0,1,1.0,0,short_ok,1,scan_doc,1
KCI_FI002025395,fail_block,8,33,0,0,1,1.0,0,short_ok,1,scan_doc,1
KCI_FI002025395,fail_block,9,33,0,0,1,1.0,0,short_ok,1,scan_doc,1
KCI_FI002025395,fail_block,10,33,0,0,1,1.0,0,short_ok,1,scan_doc,1
KCI_FI002025395,fail_block,11,33,0,0,1,1.0,0,short_ok,1,scan_doc,1
KCI_FI002025395,fail_block,12,33,0,0,1,1.0,0,short_ok,1,scan_doc,1
KCI_FI002025395,fail_block,13,33,0,0,1,1.0,0,short_ok,1,scan_doc,1
KCI_FI002025395,fail_block,14,33,0,0,1,1.0,0,short_ok,1,scan_doc,1
KCI_FI002025395,fail_block,15,33,0,0,1,1.0,0,short_ok,1,scan_doc,1
KCI_FI002025395,fail_block,16,33,0,0,1,1.0,0,short_ok,1,scan_doc,1
KCI_FI002025395,fail_block,17,33,0,0,1,1.0,0,short_ok,1,scan_doc,1
KCI_FI002025395,fail_block,18,33,0,0,1,1.0,0,short_ok,1,scan_doc,1
KCI_FI002025395,fail_block,19,33,0,0,1,1.0,0,short_ok,1,scan_doc,1
KCI_FI002025395,fail_block,20,33,0,0,1,1.0,0,short_ok,1,scan_doc,1
KCI_FI002025395,fail_block,21,33,0,0,1,1.0,0,short_ok,1,scan_doc,1
KCI_FI002025395,fail_block,22,33,0,0,1,1.0,0,short_ok,1,scan_doc,1
KCI_FI002025395,fail_block,23,33,0,0,1,1.0,0,short_ok,1,scan_doc,1
KCI_FI002025395,fail_block,24,33,0,0,1,1.0,0,short_ok,1,scan_doc,1
KCI_FI002025395,fail_block,25,33,0,0,1,1.0,0,short_ok,1,scan_doc,1
KCI_FI002025395,fail_block,26,33,0,0,1,1.0,0,short_ok,1,scan_doc,1
KCI_FI002025395,fail_block,27,33,0,0,1,1.0,0,short_ok,1,scan_doc,1
KCI_FI002025395,fail_block,28,33,0,0,1,1.0,0,short_ok,1,scan_doc,1
KCI_FI002025395,fail_block,29,33,0,0,1,1.0,0,short_ok,1,scan_doc,1
KCI_FI002025395,fail_block,30,33,0,0,1,1.0,0,short_ok,1,scan_doc,1
KCI_FI002025395,fail_block,31,33,0,0,1,1.0,0,short_ok,1,scan_doc,1
KCI_FI002025400,fail_block,0,33,0,0,1,1.0,0,short_ok,1,scan_doc,1
KCI_FI002025400,fail_block,1,33,0,0,1,1.0,0,short_ok,1,scan_doc,1
KCI_FI002025400,fail_block,2,33,0,0,1,1.0,0,short_ok,1,scan_doc,1
KCI_FI002025400,fail_block,3,33,0,0,1,1.0,0,short_ok,1,scan_doc,1
KCI_FI002025400,fail_block,4,33,0,0,1,1.0,0,short_ok,1,scan_doc,1
KCI_FI002025400,fail_block,5,33,0,0,1,1.0,0,short_ok,1,scan_doc,1
KCI_FI002025400,fail_block,6,33,0,0,1,1.0,0,short_ok,1,scan_doc,1
KCI_FI002025400,fail_block,7,33,0,0,1,1.0,0,short_ok,1,scan_doc,1
KCI_FI002025400,fail_block,8,33,0,0,1,1.0,0,short_ok,1,scan_doc,1
KCI_FI002025400,fail_block,9,33,0,0,1,1.0,0,short_ok,1,scan_doc,1
KCI_FI002025400,fail_block,10,33,0,0,1,1.0,0,short_ok,1,scan_doc,1
KCI_FI002025400,fail_block,11,33,0,0,1,1.0,0,short_ok,1,scan_doc,1
KCI_FI002025400,fail_block,12,33,0,0,1,1.0,0,short_ok,1,scan_doc,1
KCI_FI002025400,fail_block,13,33,0,0,1,1.0,0,short_ok,1,scan_doc,1
KCI_FI002025400,fail_block,14,33,0,0,1,1.0,0,short_ok,1,scan_doc,1
KCI_FI002025400,fail_block,15,33,0,0,1,1.0,0,short_ok,1,scan_doc,1
KCI_FI002025400,fail_block,16,33,0,0,1,1.0,0,short_ok,1,scan_doc,1
KCI_FI002025400,fail_block,17,33,0,0,1,1.0,0,short_ok,1,scan_doc,1
KCI_FI002025400,fail_block,18,33,0,0,1,1.0,0,short_ok,1,scan_doc,1
KCI_FI002025400,fail_block,19,33,0,0,1,1.0,0,short_ok,1,scan_doc,1
KCI_FI002025400,fail_block,20,33,0,0,1,1.0,0,short_ok,1,scan_doc,1
KCI_FI002025400,fail_block,21,33,0,0,1,1.0,0,short_ok,1,scan_doc,1
KCI_FI002025400,fail_block,22,33,0,0,1,1.0,0,short_ok,1,scan_doc,1
KCI_FI002025400,fail_block,23,33,0,0,1,1.0,0,short_ok,1,scan_doc,1
KCI_FI002025400,fail_block,24,33,0,0,1,1.0,0,short_ok,1,scan_doc,1
KCI_FI002025404,fail_block,0,33,0,0,1,1.0,0,short_ok,1,scan_doc,1
KCI_FI002025404,fail_block,1,33,0,0,1,1.0,0,short_ok,1,scan_doc,1
KCI_FI002025404,fail_block,2,33,0,0,1,1.0,0,short_ok,1,scan_doc,1
KCI_FI002025404,fail_block,3,33,0,0,1,1.0,0,short_ok,1,scan_doc,1
KCI_FI002025404,fail_block,4,33,0,0,1,1.0,0,short_ok,1,scan_doc,1
KCI_FI002025404,fail_block,5,33,0,0,1,1.0,0,short_ok,1,scan_doc,1
KCI_FI002025404,fail_block,6,33,0,0,1,1.0,0,short_ok,1,scan_doc,1
KCI_FI002025404,fail_block,7,33,0,0,1,1.0,0,short_ok,1,scan_doc,1
KCI_FI002025404,fail_block,8,33,0,0,1,1.0,0,short_ok,1,scan_doc,1
KCI_FI002025422,fail_block,0,33,0,0,1,1.0,0,short_ok,1,scan_doc,1
KCI_FI002025422,fail_block,1,33,0,0,1,1.0,0,short_ok,1,scan_doc,1
KCI_FI002025422,fail_block,2,33,0,0,1,1.0,0,short_ok,1,scan_doc,1
KCI_FI002025422,fail_block,3,33,0,0,1,1.0,0,short_ok,1,scan_doc,1
KCI_FI002025422,fail_block,4,33,0,0,1,1.0,0,short_ok,1,scan_doc,1
KCI_FI002025422,fail_block,5,33,0,0,1,1.0,0,short_ok,1,scan_doc,1
KCI_FI002025422,fail_block,6,33,0,0,1,1.0,0,short_ok,1,scan_doc,1
KCI_FI002025422,fail_block,7,33,0,0,1,1.0,0,short_ok,1,scan_doc,1
KCI_FI002025422,fail_block,8,33,0,0,1,1.0,0,short_ok,1,scan_doc,1
KCI_FI002025422,fail_block,9,33,0,0,1,1.0,0,short_ok,1,scan_doc,1
KCI_FI002025422,fail_block,10,33,0,0,1,1.0,0,short_ok,1,scan_doc,1
KCI_FI002025422,fail_block,11,33,0,0,1,1.0,0,short_ok,1,scan_doc,1
KCI_FI002025422,fail_block,12,33,0,0,1,1.0,0,short_ok,1,scan_doc,1
KCI_FI002025422,fail_block,13,33,0,0,1,1.0,0,short_ok,1,scan_doc,1
KCI_FI002025422,fail_block,14,33,0,0,1,1.0,0,short_ok,1,scan_doc,1
KCI_FI002025422,fail_block,15,33,0,0,1,1.0,0,short_ok,1,scan_doc,1
KCI_FI002025422,fail_block,16,33,0,0,1,1.0,0,short_ok,1,scan_doc,1
KCI_FI002025422,fail_block,17,33,0,0,1,1.0,0,short_ok,1,scan_doc,1
KCI_FI002025422,fail_block,18,33,0,0,1,1.0,0,short_ok,1,scan_doc,1
KCI_FI002025412,fail_block,0,33,0,0,1,1.0,0,short_ok,1,scan_doc,1
KCI_FI002025412,fail_block,1,33,0,0,1,1.0,0,short_ok,1,scan_doc,1
KCI_FI002025412,fail_block,2,33,0,0,1,1.0,0,short_ok,1,scan_doc,1
KCI_FI002025412,fail_block,3,33,0,0,1,1.0,0,short_ok,1,scan_doc,1
KCI_FI002025412,fail_block,4,33,0,0,1,1.0,0,short_ok,1,scan_doc,1
KCI_FI002025412,fail_block,5,33,0,0,1,1.0,0,short_ok,1,scan_doc,1
KCI_FI002025412,fail_block,6,33,0,0,1,1.0,0,short_ok,1,scan_doc,1
KCI_FI002025412,fail_block,7,33,0,0,1,1.0,0,short_ok,1,scan_doc,1
KCI_FI002025412,fail_block,8,33,0,0,1,1.0,0,short_ok,1,scan_doc,1
KCI_FI002025412,fail_block,9,33,0,0,1,1.0,0,short_ok,1,scan_doc,1
KCI_FI002025418,fail_block,0,33,0,0,1,1.0,0,short_ok,1,scan_doc,1
KCI_FI002025418,fail_block,1,33,0,0,1,1.0,0,short_ok,1,scan_doc,1
KCI_FI002025418,fail_block,2,33,0,0,1,1.0,0,short_ok,1,scan_doc,1
KCI_FI002025418,fail_block,3,33,0,0,1,1.0,0,short_ok,1,scan_doc,1
KCI_FI002025418,fail_block,4,33,0,0,1,1.0,0,short_ok,1,scan_doc,1
KCI_FI002025418,fail_block,5,33,0,0,1,1.0,0,short_ok,1,scan_doc,1
KCI_FI002025418,fail_block,6,33,0,0,1,1.0,0,short_ok,1,scan_doc,1
KCI_FI002025418,fail_block,7,33,0,0,1,1.0,0,short_ok,1,scan_doc,1
KCI_FI002025418,fail_block,8,33,0,0,1,1.0,0,short_ok,1,scan_doc,1
KCI_FI002025418,fail_block,9,33,0,0,1,1.0,0,short_ok,1,scan_doc,1
KCI_FI002025418,fail_block,10,33,0,0,1,1.0,0,short_ok,1,scan_doc,1
KCI_FI002025426,fail_block,0,33,0,0,1,1.0,0,short_ok,1,scan_doc,1
KCI_FI002025426,fail_block,1,33,0,0,1,1.0,0,short_ok,1,scan_doc,1
KCI_FI002025426,fail_block,2,33,0,0,1,1.0,0,short_ok,1,scan_doc,1
KCI_FI002025426,fail_block,3,33,0,0,1,1.0,0,short_ok,1,scan_doc,1
KCI_FI002025426,fail_block,4,33,0,0,1,1.0,0,short_ok,1,scan_doc,1
KCI_FI002025426,fail_block,5,33,0,0,1,1.0,0,short_ok,1,scan_doc,1
KCI_FI002025426,fail_block,6,33,0,0,1,1.0,0,short_ok,1,scan_doc,1
KCI_FI002025426,fail_block,7,33,0,0,1,1.0,0,short_ok,1,scan_doc,1
KCI_FI002025426,fail_block,8,33,0,0,1,1.0,0,short_ok,1,scan_doc,1
KCI_FI002025426,fail_block,9,33,0,0,1,1.0,0,short_ok,1,scan_doc,1
KCI_FI002025426,fail_block,10,33,0,0,1,1.0,0,short_ok,1,scan_doc,1
KCI_FI002025426,fail_block,11,33,0,0,1,1.0,0,short_ok,1,scan_doc,1
KCI_FI002025426,fail_block,12,33,0,0,1,1.0,0,short_ok,1,scan_doc,1
KCI_FI002025426,fail_block,13,33,0,0,1,1.0,0,short_ok,1,scan_doc,1
KCI_FI002025426,fail_block,14,33,0,0,1,1.0,0,short_ok,1,scan_doc,1
KCI_FI002025426,fail_block,15,33,0,0,1,1.0,0,short_ok,1,scan_doc,1
KCI_FI002025436,fail_block,0,33,0,0,1,1.0,0,short_ok,1,scan_doc,1
KCI_FI002025436,fail_block,1,33,0,0,1,1.0,0,short_ok,1,scan_doc,1
KCI_FI002025436,fail_block,2,33,0,0,1,1.0,0,short_ok,1,scan_doc,1
KCI_FI002025436,fail_block,3,33,0,0,1,1.0,0,short_ok,1,scan_doc,1
KCI_FI002025436,fail_block,4,33,0,0,1,1.0,0,short_ok,1,scan_doc,1
KCI_FI002025436,fail_block,5,33,0,0,1,1.0,0,short_ok,1,scan_doc,1
KCI_FI002025436,fail_block,6,33,0,0,1,1.0,0,short_ok,1,scan_doc,1
KCI_FI002025436,fail_block,7,33,0,0,1,1.0,0,short_ok,1,scan_doc,1
KCI_FI002025436,fail_block,8,33,0,0,1,1.0,0,short_ok,1,scan_doc,1
KCI_FI002025436,fail_block,9,33,0,0,1,1.0,0,short_ok,1,scan_doc,1
KCI_FI002025436,fail_block,10,33,0,0,1,1.0,0,short_ok,1,scan_doc,1
KCI_FI002025321,fail_block,0,33,0,0,1,1.0,0,short_ok,1,scan_doc,1
KCI_FI002025321,fail_block,1,33,0,0,1,1.0,0,short_ok,1,scan_doc,1
KCI_FI002025321,fail_block,2,33,0,0,1,1.0,0,short_ok,1,scan_doc,1
KCI_FI002025321,fail_block,3,33,0,0,1,1.0,0,short_ok,1,scan_doc,1
KCI_FI002025321,fail_block,4,33,0,0,1,1.0,0,short_ok,1,scan_doc,1
KCI_FI002025321,fail_block,5,33,0,0,1,1.0,0,short_ok,1,scan_doc,1
KCI_FI002025321,fail_block,6,33,0,0,1,1.0,0,short_ok,1,scan_doc,1
KCI_FI002025321,fail_block,7,33,0,0,1,1.0,0,short_ok,1,scan_doc,1
KCI_FI002025321,fail_block,8,33,0,0,1,1.0,0,short_ok,1,scan_doc,1
KCI_FI002025321,fail_block,9,33,0,0,1,1.0,0,short_ok,1,scan_doc,1
KCI_FI002025321,fail_block,10,33,0,0,1,1.0,0,short_ok,1,scan_doc,1
KCI_FI002025321,fail_block,11,33,0,0,1,1.0,0,short_ok,1,scan_doc,1
KCI_FI002025321,fail_block,12,33,0,0,1,1.0,0,short_ok,1,scan_doc,1
KCI_FI002025321,fail_block,13,33,0,0,1,1.0,0,short_ok,1,scan_doc,1
KCI_FI002025321,fail_block,14,33,0,0,1,1.0,0,short_ok,1,scan_doc,1
KCI_FI002025321,fail_block,15,33,0,0,1,1.0,0,short_ok,1,scan_doc,1
KCI_FI002025321,fail_block,16,33,0,0,1,1.0,0,short_ok,1,scan_doc,1
KCI_FI002025321,fail_block,17,33,0,0,1,1.0,0,short_ok,1,scan_doc,1
KCI_FI002025321,fail_block,18,33,0,0,1,1.0,0,short_ok,1,scan_doc,1
KCI_FI002025321,fail_block,19,33,0,0,1,1.0,0,short_ok,1,scan_doc,1
KCI_FI002025321,fail_block,20,33,0,0,1,1.0,0,short_ok,1,scan_doc,1
KCI_FI002025321,fail_block,21,33,0,0,1,1.0,0,short_ok,1,scan_doc,1
KCI_FI002025321,fail_block,22,33,0,0,1,1.0,0,short_ok,1,scan_doc,1
KCI_FI002025321,fail_block,23,33,0,0,1,1.0,0,short_ok,1,scan_doc,1
KCI_FI002025321,fail_block,24,33,0,0,1,1.0,0,short_ok,1,scan_doc,1
KCI_FI002025330,fail_block,0,33,0,0,1,1.0,0,short_ok,1,scan_doc,1
KCI_FI002025330,fail_block,1,33,0,0,1,1.0,0,short_ok,1,scan_doc,1
KCI_FI002025330,fail_block,2,33,0,0,1,1.0,0,short_ok,1,scan_doc,1
KCI_FI002025330,fail_block,3,33,0,0,1,1.0,0,short_ok,1,scan_doc,1
KCI_FI002025330,fail_block,4,33,0,0,1,1.0,0,short_ok,1,scan_doc,1
KCI_FI002025330,fail_block,5,33,0,0,1,1.0,0,short_ok,1,scan_doc,1
KCI_FI002025330,fail_block,6,33,0,0,1,1.0,0,short_ok,1,scan_doc,1
KCI_FI002025330,fail_block,7,33,0,0,1,1.0,0,short_ok,1,scan_doc,1
KCI_FI002025330,fail_block,8,33,0,0,1,1.0,0,short_ok,1,scan_doc,1
KCI_FI002025330,fail_block,9,33,0,0,1,1.0,0,short_ok,1,scan_doc,1
KCI_FI002025330,fail_block,10,33,0,0,1,1.0,0,short_ok,1,scan_doc,1
KCI_FI002025330,fail_block,11,33,0,0,1,1.0,0,short_ok,1,scan_doc,1
KCI_FI002025330,fail_block,12,33,0,0,1,1.0,0,short_ok,1,scan_doc,1
KCI_FI002025330,fail_block,13,33,0,0,1,1.0,0,short_ok,1,scan_doc,1
KCI_FI002025330,fail_block,14,33,0,0,1,1.0,0,short_ok,1,scan_doc,1
KCI_FI002025330,fail_block,15,33,0,0,1,1.0,0,short_ok,1,scan_doc,1
KCI_FI002025330,fail_block,16,33,0,0,1,1.0,0,short_ok,1,scan_doc,1
KCI_FI002025330,fail_block,17,33,0,0,1,1.0,0,short_ok,1,scan_doc,1
KCI_FI002025330,fail_block,18,33,0,0,1,1.0,0,short_ok,1,scan_doc,1
KCI_FI002025330,fail_block,19,33,0,0,1,1.0,0,short_ok,1,scan_doc,1
KCI_FI002025330,fail_block,20,33,0,0,1,1.0,0,short_ok,1,scan_doc,1
KCI_FI002025330,fail_block,21,33,0,0,1,1.0,0,short_ok,1,scan_doc,1
KCI_FI002025330,fail_block,22,33,0,0,1,1.0,0,short_ok,1,scan_doc,1
KCI_FI002025330,fail_block,23,33,0,0,1,1.0,0,short_ok,1,scan_doc,1
KCI_FI002025330,fail_block,24,33,0,0,1,1.0,0,short_ok,1,scan_doc,1
KCI_FI002025330,fail_block,25,33,0,0,1,1.0,0,short_ok,1,scan_doc,1
KCI_FI002025330,fail_block,26,33,0,0,1,1.0,0,short_ok,1,scan_doc,1
KCI_FI002025330,fail_block,27,33,0,0,1,1.0,0,short_ok,1,scan_doc,1
KCI_FI002025330,fail_block,28,33,0,0,1,1.0,0,short_ok,1,scan_doc,1
KCI_FI002025356,fail_block,0,33,0,0,1,1.0,0,short_ok,1,scan_doc,1
KCI_FI002025356,fail_block,1,33,0,0,1,1.0,0,short_ok,1,scan_doc,1
KCI_FI002025356,fail_block,2,33,0,0,1,1.0,0,short_ok,1,scan_doc,1
KCI_FI002025356,fail_block,3,33,0,0,1,1.0,0,short_ok,1,scan_doc,1
KCI_FI002025356,fail_block,4,33,0,0,1,1.0,0,short_ok,1,scan_doc,1
KCI_FI002025356,fail_block,5,33,0,0,1,1.0,0,short_ok,1,scan_doc,1
KCI_FI002025356,fail_block,6,33,0,0,1,1.0,0,short_ok,1,scan_doc,1
KCI_FI002025356,fail_block,7,33,0,0,1,1.0,0,short_ok,1,scan_doc,1
KCI_FI002025356,fail_block,8,33,0,0,1,1.0,0,short_ok,1,scan_doc,1
KCI_FI002025356,fail_block,9,33,0,0,1,1.0,0,short_ok,1,scan_doc,1
KCI_FI002025356,fail_block,10,33,0,0,1,1.0,0,short_ok,1,scan_doc,1
KCI_FI002025356,fail_block,11,33,0,0,1,1.0,0,short_ok,1,scan_doc,1
KCI_FI002025356,fail_block,12,33,0,0,1,1.0,0,short_ok,1,scan_doc,1
KCI_FI002025356,fail_block,13,33,0,0,1,1.0,0,short_ok,1,scan_doc,1
KCI_FI002025356,fail_block,14,33,0,0,1,1.0,0,short_ok,1,scan_doc,1
KCI_FI002025356,fail_block,15,33,0,0,1,1.0,0,short_ok,1,scan_doc,1
KCI_FI002025356,fail_block,16,33,0,0,1,1.0,0,short_ok,1,scan_doc,1
KCI_FI002025356,fail_block,17,33,0,0,1,1.0,0,short_ok,1,scan_doc,1
KCI_FI002025332,fail_block,0,33,0,0,1,1.0,0,short_ok,1,scan_doc,1
KCI_FI002025332,fail_block,1,33,0,0,1,1.0,0,short_ok,1,scan_doc,1
KCI_FI002025332,fail_block,2,33,0,0,1,1.0,0,short_ok,1,scan_doc,1
KCI_FI002025332,fail_block,3,33,0,0,1,1.0,0,short_ok,1,scan_doc,1
KCI_FI002025332,fail_block,4,33,0,0,1,1.0,0,short_ok,1,scan_doc,1
KCI_FI002025332,fail_block,5,33,0,0,1,1.0,0,short_ok,1,scan_doc,1
KCI_FI002025332,fail_block,6,33,0,0,1,1.0,0,short_ok,1,scan_doc,1
KCI_FI002025332,fail_block,7,33,0,0,1,1.0,0,short_ok,1,scan_doc,1
KCI_FI002025332,fail_block,8,33,0,0,1,1.0,0,short_ok,1,scan_doc,1
KCI_FI002025332,fail_block,9,33,0,0,1,1.0,0,short_ok,1,scan_doc,1
KCI_FI002025332,fail_block,10,33,0,0,1,1.0,0,short_ok,1,scan_doc,1
KCI_FI002025332,fail_block,11,33,0,0,1,1.0,0,short_ok,1,scan_doc,1
KCI_FI002025332,fail_block,12,33,0,0,1,1.0,0,short_ok,1,scan_doc,1
KCI_FI002025386,fail_block,0,33,0,0,1,1.0,0,short_ok,1,scan_doc,1
KCI_FI002025386,fail_block,1,33,0,0,1,1.0,0,short_ok,1,scan_doc,1
KCI_FI002025386,fail_block,2,33,0,0,1,1.0,0,short_ok,1,scan_doc,1
KCI_FI002025386,fail_block,3,33,0,0,1,1.0,0,short_ok,1,scan_doc,1
KCI_FI002025386,fail_block,4,33,0,0,1,1.0,0,short_ok,1,scan_doc,1
KCI_FI002025386,fail_block,5,33,0,0,1,1.0,0,short_ok,1,scan_doc,1
KCI_FI002025386,fail_block,6,33,0,0,1,1.0,0,short_ok,1,scan_doc,1
KCI_FI002025386,fail_block,7,33,0,0,1,1.0,0,short_ok,1,scan_doc,1
KCI_FI002025386,fail_block,8,33,0,0,1,1.0,0,short_ok,1,scan_doc,1
KCI_FI002025386,fail_block,9,33,0,0,1,1.0,0,short_ok,1,scan_doc,1
KCI_FI002025386,fail_block,10,33,0,0,1,1.0,0,short_ok,1,scan_doc,1
KCI_FI002025386,fail_block,11,33,0,0,1,1.0,0,short_ok,1,scan_doc,1
KCI_FI002025386,fail_block,12,33,0,0,1,1.0,0,short_ok,1,scan_doc,1
KCI_FI002025346,fail_block,0,33,0,0,1,1.0,0,short_ok,1,scan_doc,1
KCI_FI002025346,fail_block,1,33,0,0,1,1.0,0,short_ok,1,scan_doc,1
KCI_FI002025346,fail_block,2,33,0,0,1,1.0,0,short_ok,1,scan_doc,1
KCI_FI002025346,fail_block,3,33,0,0,1,1.0,0,short_ok,1,scan_doc,1
KCI_FI002025346,fail_block,4,33,0,0,1,1.0,0,short_ok,1,scan_doc,1
KCI_FI002025346,fail_block,5,33,0,0,1,1.0,0,short_ok,1,scan_doc,1
KCI_FI002025363,fail_block,0,33,0,0,1,1.0,0,short_ok,1,scan_doc,1
KCI_FI002025363,fail_block,1,33,0,0,1,1.0,0,short_ok,1,scan_doc,1
KCI_FI002025363,fail_block,2,33,0,0,1,1.0,0,short_ok,1,scan_doc,1
KCI_FI002025363,fail_block,3,33,0,0,1,1.0,0,short_ok,1,scan_doc,1
KCI_FI002025363,fail_block,4,33,0,0,1,1.0,0,short_ok,1,scan_doc,1
KCI_FI002025363,fail_block,5,33,0,0,1,1.0,0,short_ok,1,scan_doc,1
KCI_FI002025363,fail_block,6,33,0,0,1,1.0,0,short_ok,1,scan_doc,1
KCI_FI002025363,fail_block,7,33,0,0,1,1.0,0,short_ok,1,scan_doc,1
KCI_FI002025363,fail_block,8,33,0,0,1,1.0,0,short_ok,1,scan_doc,1
KCI_FI002025363,fail_block,9,33,0,0,1,1.0,0,short_ok,1,scan_doc,1
KCI_FI002025363,fail_block,10,33,0,0,1,1.0,0,short_ok,1,scan_doc,1
KCI_FI002025363,fail_block,11,33,0,0,1,1.0,0,short_ok,1,scan_doc,1
KCI_FI002025363,fail_block,12,33,0,0,1,1.0,0,short_ok,1,scan_doc,1
KCI_FI002025323,fail_block,0,33,0,0,1,1.0,0,short_ok,1,scan_doc,1
KCI_FI002025323,fail_block,1,33,0,0,1,1.0,0,short_ok,1,scan_doc,1
KCI_FI002025323,fail_block,2,33,0,0,1,1.0,0,short_ok,1,scan_doc,1
KCI_FI002025323,fail_block,3,33,0,0,1,1.0,0,short_ok,1,scan_doc,1
KCI_FI002025323,fail_block,4,33,0,0,1,1.0,0,short_ok,1,scan_doc,1
KCI_FI002025323,fail_block,5,33,0,0,1,1.0,0,short_ok,1,scan_doc,1
KCI_FI002025323,fail_block,6,33,0,0,1,1.0,0,short_ok,1,scan_doc,1
KCI_FI002025323,fail_block,7,33,0,0,1,1.0,0,short_ok,1,scan_doc,1
KCI_FI002025323,fail_block,8,33,0,0,1,1.0,0,short_ok,1,scan_doc,1
KCI_FI002025323,fail_block,9,33,0,0,1,1.0,0,short_ok,1,scan_doc,1
KCI_FI002025323,fail_block,10,33,0,0,1,1.0,0,short_ok,1,scan_doc,1
KCI_FI002025323,fail_block,11,33,0,0,1,1.0,0,short_ok,1,scan_doc,1
KCI_FI002025323,fail_block,12,33,0,0,1,1.0,0,short_ok,1,scan_doc,1
KCI_FI002025323,fail_block,13,33,0,0,1,1.0,0,short_ok,1,scan_doc,1
KCI_FI002025323,fail_block,14,33,0,0,1,1.0,0,short_ok,1,scan_doc,1
KCI_FI002025323,fail_block,15,33,0,0,1,1.0,0,short_ok,1,scan_doc,1
KCI_FI002025323,fail_block,16,33,0,0,1,1.0,0,short_ok,1,scan_doc,1
KCI_FI002025358,fail_block,0,33,0,0,1,1.0,0,short_ok,1,scan_doc,1
KCI_FI002025358,fail_block,1,33,0,0,1,1.0,0,short_ok,1,scan_doc,1
KCI_FI002025358,fail_block,2,33,0,0,1,1.0,0,short_ok,1,scan_doc,1
KCI_FI002025358,fail_block,3,33,0,0,1,1.0,0,short_ok,1,scan_doc,1
KCI_FI002025358,fail_block,4,33,0,0,1,1.0,0,short_ok,1,scan_doc,1
KCI_FI002025358,fail_block,5,33,0,0,1,1.0,0,short_ok,1,scan_doc,1
KCI_FI002025358,fail_block,6,33,0,0,1,1.0,0,short_ok,1,scan_doc,1
KCI_FI002025358,fail_block,7,33,0,0,1,1.0,0,short_ok,1,scan_doc,1
KCI_FI002025358,fail_block,8,33,0,0,1,1.0,0,short_ok,1,scan_doc,1
KCI_FI002025358,fail_block,9,33,0,0,1,1.0,0,short_ok,1,scan_doc,1
KCI_FI002025358,fail_block,10,33,0,0,1,1.0,0,short_ok,1,scan_doc,1
KCI_FI002025358,fail_block,11,33,0,0,1,1.0,0,short_ok,1,scan_doc,1
KCI_FI002025358,fail_block,12,33,0,0,1,1.0,0,short_ok,1,scan_doc,1
KCI_FI002025358,fail_block,13,33,0,0,1,1.0,0,short_ok,1,scan_doc,1
KCI_FI002025358,fail_block,14,33,0,0,1,1.0,0,short_ok,1,scan_doc,1
KCI_FI002025358,fail_block,15,33,0,0,1,1.0,0,short_ok,1,scan_doc,1
KCI_FI002025361,fail_block,0,33,0,0,1,1.0,0,short_ok,1,scan_doc,1
KCI_FI002025361,fail_block,1,33,0,0,1,1.0,0,short_ok,1,scan_doc,1
KCI_FI002025361,fail_block,2,33,0,0,1,1.0,0,short_ok,1,scan_doc,1
KCI_FI002025361,fail_block,3,33,0,0,1,1.0,0,short_ok,1,scan_doc,1
KCI_FI002025361,fail_block,4,33,0,0,1,1.0,0,short_ok,1,scan_doc,1
KCI_FI002025361,fail_block,5,33,0,0,1,1.0,0,short_ok,1,scan_doc,1
KCI_FI002025361,fail_block,6,33,0,0,1,1.0,0,short_ok,1,scan_doc,1
KCI_FI002025361,fail_block,7,33,0,0,1,1.0,0,short_ok,1,scan_doc,1
KCI_FI002025361,fail_block,8,33,0,0,1,1.0,0,short_ok,1,scan_doc,1
KCI_FI002025361,fail_block,9,33,0,0,1,1.0,0,short_ok,1,scan_doc,1
KCI_FI002025361,fail_block,10,33,0,0,1,1.0,0,short_ok,1,scan_doc,1
KCI_FI002025361,fail_block,11,33,0,0,1,1.0,0,short_ok,1,scan_doc,1
KCI_FI002025361,fail_block,12,33,0,0,1,1.0,0,short_ok,1,scan_doc,1
KCI_FI002025361,fail_block,13,33,0,0,1,1.0,0,short_ok,1,scan_doc,1
KCI_FI002025361,fail_block,14,33,0,0,1,1.0,0,short_ok,1,scan_doc,1
KCI_FI002025361,fail_block,15,33,0,0,1,1.0,0,short_ok,1,scan_doc,1
KCI_FI002025361,fail_block,16,33,0,0,1,1.0,0,short_ok,1,scan_doc,1
KCI_FI002025361,fail_block,17,33,0,0,1,1.0,0,short_ok,1,scan_doc,1
KCI_FI002025361,fail_block,18,33,0,0,1,1.0,0,short_ok,1,scan_doc,1
KCI_FI002025361,fail_block,19,33,0,0,1,1.0,0,short_ok,1,scan_doc,1
KCI_FI002025361,fail_block,20,33,0,0,1,1.0,0,short_ok,1,scan_doc,1
KCI_FI002025361,fail_block,21,33,0,0,1,1.0,0,short_ok,1,scan_doc,1
KCI_FI002025361,fail_block,22,33,0,0,1,1.0,0,short_ok,1,scan_doc,1
KCI_FI002025361,fail_block,23,33,0,0,1,1.0,0,short_ok,1,scan_doc,1
KCI_FI002025361,fail_block,24,33,0,0,1,1.0,0,short_ok,1,scan_doc,1
KCI_FI002025361,fail_block,25,33,0,0,1,1.0,0,short_ok,1,scan_doc,1
KCI_FI002025361,fail_block,26,33,0,0,1,1.0,0,short_ok,1,scan_doc,1
KCI_FI002025361,fail_block,27,33,0,0,1,1.0,0,short_ok,1,scan_doc,1
KCI_FI002025361,fail_block,28,33,0,0,1,1.0,0,short_ok,1,scan_doc,1
KCI_FI002025361,fail_block,29,33,0,0,1,1.0,0,short_ok,1,scan_doc,1
KCI_FI002025372,fail_block,0,33,0,0,1,1.0,0,short_ok,1,scan_doc,1
KCI_FI002025372,fail_block,1,33,0,0,1,1.0,0,short_ok,1,scan_doc,1
KCI_FI002025372,fail_block,2,33,0,0,1,1.0,0,short_ok,1,scan_doc,1
KCI_FI002025372,fail_block,3,33,0,0,1,1.0,0,short_ok,1,scan_doc,1
KCI_FI002025372,fail_block,4,33,0,0,1,1.0,0,short_ok,1,scan_doc,1
KCI_FI002025372,fail_block,5,33,0,0,1,1.0,0,short_ok,1,scan_doc,1
KCI_FI002025372,fail_block,6,33,0,0,1,1.0,0,short_ok,1,scan_doc,1
KCI_FI002025372,fail_block,7,33,0,0,1,1.0,0,short_ok,1,scan_doc,1
KCI_FI002025372,fail_block,8,33,0,0,1,1.0,0,short_ok,1,scan_doc,1
KCI_FI002025372,fail_block,9,33,0,0,1,1.0,0,short_ok,1,scan_doc,1
KCI_FI002025372,fail_block,10,33,0,0,1,1.0,0,short_ok,1,scan_doc,1
KCI_FI002025372,fail_block,11,33,0,0,1,1.0,0,short_ok,1,scan_doc,1
KCI_FI002025372,fail_block,12,33,0,0,1,1.0,0,short_ok,1,scan_doc,1
KCI_FI002025372,fail_block,13,33,0,0,1,1.0,0,short_ok,1,scan_doc,1
KCI_FI002025372,fail_block,14,33,0,0,1,1.0,0,short_ok,1,scan_doc,1
KCI_FI002025372,fail_block,15,33,0,0,1,1.0,0,short_ok,1,scan_doc,1
KCI_FI002025372,fail_block,16,33,0,0,1,1.0,0,short_ok,1,scan_doc,1
KCI_FI002025372,fail_block,17,33,0,0,1,1.0,0,short_ok,1,scan_doc,1
KCI_FI002025372,fail_block,18,33,0,0,1,1.0,0,short_ok,1,scan_doc,1
KCI_FI002025372,fail_block,19,33,0,0,1,1.0,0,short_ok,1,scan_doc,1
KCI_FI002025372,fail_block,20,33,0,0,1,1.0,0,short_ok,1,scan_doc,1
KCI_FI002025372,fail_block,21,33,0,0,1,1.0,0,short_ok,1,scan_doc,1
KCI_FI002025372,fail_block,22,33,0,0,1,1.0,0,short_ok,1,scan_doc,1
KCI_FI002025372,fail_block,23,33,0,0,1,1.0,0,short_ok,1,scan_doc,1
KCI_FI002025372,fail_block,24,33,0,0,1,1.0,0,short_ok,1,scan_doc,1
KCI_FI002025372,fail_block,25,33,0,0,1,1.0,0,short_ok,1,scan_doc,1
KCI_FI002025372,fail_block,26,33,0,0,1,1.0,0,short_ok,1,scan_doc,1
KCI_FI002025372,fail_block,27,33,0,0,1,1.0,0,short_ok,1,scan_doc,1
KCI_FI002025372,fail_block,28,33,0,0,1,1.0,0,short_ok,1,scan_doc,1
KCI_FI002025372,fail_block,29,33,0,0,1,1.0,0,short_ok,1,scan_doc,1
KCI_FI002025372,fail_block,30,33,0,0,1,1.0,0,short_ok,1,scan_doc,1
KCI_FI002025372,fail_block,31,33,0,0,1,1.0,0,short_ok,1,scan_doc,1
KCI_FI002025372,fail_block,32,33,0,0,1,1.0,0,short_ok,1,scan_doc,1
KCI_FI002025372,fail_block,33,33,0,0,1,1.0,0,short_ok,1,scan_doc,1
KCI_FI002025381,fail_block,0,33,0,0,1,1.0,0,short_ok,1,scan_doc,1
KCI_FI002025381,fail_block,1,33,0,0,1,1.0,0,short_ok,1,scan_doc,1
KCI_FI002025381,fail_block,2,33,0,0,1,1.0,0,short_ok,1,scan_doc,1
KCI_FI002025381,fail_block,3,33,0,0,1,1.0,0,short_ok,1,scan_doc,1
KCI_FI002025381,fail_block,4,33,0,0,1,1.0,0,short_ok,1,scan_doc,1
KCI_FI002025381,fail_block,5,33,0,0,1,1.0,0,short_ok,1,scan_doc,1
KCI_FI002025381,fail_block,6,33,0,0,1,1.0,0,short_ok,1,scan_doc,1
KCI_FI002025381,fail_block,7,33,0,0,1,1.0,0,short_ok,1,scan_doc,1
KCI_FI002025381,fail_block,8,33,0,0,1,1.0,0,short_ok,1,scan_doc,1
KCI_FI002025381,fail_block,9,33,0,0,1,1.0,0,short_ok,1,scan_doc,1
KCI_FI002025381,fail_block,10,33,0,0,1,1.0,0,short_ok,1,scan_doc,1
KCI_FI002025381,fail_block,11,33,0,0,1,1.0,0,short_ok,1,scan_doc,1
KCI_FI002025381,fail_block,12,33,0,0,1,1.0,0,short_ok,1,scan_doc,1
KCI_FI002025381,fail_block,13,33,0,0,1,1.0,0,short_ok,1,scan_doc,1
KCI_FI002025381,fail_block,14,33,0,0,1,1.0,0,short_ok,1,scan_doc,1
KCI_FI002025381,fail_block,15,33,0,0,1,1.0,0,short_ok,1,scan_doc,1
KCI_FI002025381,fail_block,16,33,0,0,1,1.0,0,short_ok,1,scan_doc,1
KCI_FI002025381,fail_block,17,33,0,0,1,1.0,0,short_ok,1,scan_doc,1
KCI_FI002025381,fail_block,18,33,0,0,1,1.0,0,short_ok,1,scan_doc,1
KCI_FI002025381,fail_block,19,33,0,0,1,1.0,0,short_ok,1,scan_doc,1
KCI_FI002025381,fail_block,20,33,0,0,1,1.0,0,short_ok,1,scan_doc,1
KCI_FI002025381,fail_block,21,33,0,0,1,1.0,0,short_ok,1,scan_doc,1
KCI_FI002025381,fail_block,22,33,0,0,1,1.0,0,short_ok,1,scan_doc,1
KCI_FI002025381,fail_block,23,33,0,0,1,1.0,0,short_ok,1,scan_doc,1
KCI_FI002025381,fail_block,24,33,0,0,1,1.0,0,short_ok,1,scan_doc,1
KCI_FI002025381,fail_block,25,33,0,0,1,1.0,0,short_ok,1,scan_doc,1
KCI_FI002025381,fail_block,26,33,0,0,1,1.0,0,short_ok,1,scan_doc,1
KCI_FI002025381,fail_block,27,33,0,0,1,1.0,0,short_ok,1,scan_doc,1
KCI_FI002025381,fail_block,28,33,0,0,1,1.0,0,short_ok,1,scan_doc,1
KCI_FI002025381,fail_block,29,33,0,0,1,1.0,0,short_ok,1,scan_doc,1
KCI_FI002025381,fail_block,30,33,0,0,1,1.0,0,short_ok,1,scan_doc,1
KCI_FI002025381,fail_block,31,33,0,0,1,1.0,0,short_ok,1,scan_doc,1
KCI_FI002025385,fail_block,0,33,0,0,1,1.0,0,short_ok,1,scan_doc,1
KCI_FI002025385,fail_block,1,33,0,0,1,1.0,0,short_ok,1,scan_doc,1
KCI_FI002025385,fail_block,2,33,0,0,1,1.0,0,short_ok,1,scan_doc,1
KCI_FI002025385,fail_block,3,33,0,0,1,1.0,0,short_ok,1,scan_doc,1
KCI_FI002025385,fail_block,4,33,0,0,1,1.0,0,short_ok,1,scan_doc,1
KCI_FI002025385,fail_block,5,33,0,0,1,1.0,0,short_ok,1,scan_doc,1
KCI_FI002025385,fail_block,6,33,0,0,1,1.0,0,short_ok,1,scan_doc,1
KCI_FI002025385,fail_block,7,33,0,0,1,1.0,0,short_ok,1,scan_doc,1
KCI_FI002025385,fail_block,8,33,0,0,1,1.0,0,short_ok,1,scan_doc,1
KCI_FI002025385,fail_block,9,33,0,0,1,1.0,0,short_ok,1,scan_doc,1
KCI_FI002025385,fail_block,10,33,0,0,1,1.0,0,short_ok,1,scan_doc,1
KCI_FI002025385,fail_block,11,33,0,0,1,1.0,0,short_ok,1,scan_doc,1
KCI_FI002025385,fail_block,12,33,0,0,1,1.0,0,short_ok,1,scan_doc,1
KCI_FI002025336,fail_block,0,33,0,0,1,1.0,0,short_ok,1,scan_doc,1
KCI_FI002025336,fail_block,1,33,0,0,1,1.0,0,short_ok,1,scan_doc,1
KCI_FI002025336,fail_block,2,33,0,0,1,1.0,0,short_ok,1,scan_doc,1
KCI_FI002025336,fail_block,3,33,0,0,1,1.0,0,short_ok,1,scan_doc,1
KCI_FI002025336,fail_block,4,33,0,0,1,1.0,0,short_ok,1,scan_doc,1
KCI_FI002025336,fail_block,5,33,0,0,1,1.0,0,short_ok,1,scan_doc,1
KCI_FI002025336,fail_block,6,33,0,0,1,1.0,0,short_ok,1,scan_doc,1
KCI_FI002025336,fail_block,7,33,0,0,1,1.0,0,short_ok,1,scan_doc,1
KCI_FI002025336,fail_block,8,33,0,0,1,1.0,0,short_ok,1,scan_doc,1
KCI_FI002025336,fail_block,9,33,0,0,1,1.0,0,short_ok,1,scan_doc,1
KCI_FI002025336,fail_block,10,33,0,0,1,1.0,0,short_ok,1,scan_doc,1
KCI_FI002025336,fail_block,11,33,0,0,1,1.0,0,short_ok,1,scan_doc,1
KCI_FI002025336,fail_block,12,33,0,0,1,1.0,0,short_ok,1,scan_doc,1
KCI_FI002025336,fail_block,13,33,0,0,1,1.0,0,short_ok,1,scan_doc,1
KCI_FI002025336,fail_block,14,33,0,0,1,1.0,0,short_ok,1,scan_doc,1
KCI_FI002025336,fail_block,15,33,0,0,1,1.0,0,short_ok,1,scan_doc,1
KCI_FI002025336,fail_block,16,33,0,0,1,1.0,0,short_ok,1,scan_doc,1
KCI_FI002025336,fail_block,17,33,0,0,1,1.0,0,short_ok,1,scan_doc,1
KCI_FI002025336,fail_block,18,33,0,0,1,1.0,0,short_ok,1,scan_doc,1
KCI_FI002025336,fail_block,19,33,0,0,1,1.0,0,short_ok,1,scan_doc,1
KCI_FI002025336,fail_block,20,33,0,0,1,1.0,0,short_ok,1,scan_doc,1
KCI_FI002025336,fail_block,21,33,0,0,1,1.0,0,short_ok,1,scan_doc,1
KCI_FI002025336,fail_block,22,33,0,0,1,1.0,0,short_ok,1,scan_doc,1
KCI_FI002025336,fail_block,23,33,0,0,1,1.0,0,short_ok,1,scan_doc,1
KCI_FI002025336,fail_block,24,33,0,0,1,1.0,0,short_ok,1,scan_doc,1
KCI_FI002025336,fail_block,25,33,0,0,1,1.0,0,short_ok,1,scan_doc,1
KCI_FI002025344,fail_block,0,33,0,0,1,1.0,0,short_ok,1,scan_doc,1
KCI_FI002025344,fail_block,1,33,0,0,1,1.0,0,short_ok,1,scan_doc,1
KCI_FI002025344,fail_block,2,33,0,0,1,1.0,0,short_ok,1,scan_doc,1
KCI_FI002025344,fail_block,3,33,0,0,1,1.0,0,short_ok,1,scan_doc,1
KCI_FI002025344,fail_block,4,33,0,0,1,1.0,0,short_ok,1,scan_doc,1
KCI_FI002025352,fail_block,0,33,0,0,1,1.0,0,short_ok,1,scan_doc,1
KCI_FI002025352,fail_block,1,33,0,0,1,1.0,0,short_ok,1,scan_doc,1
KCI_FI002025352,fail_block,2,33,0,0,1,1.0,0,short_ok,1,scan_doc,1
KCI_FI002025352,fail_block,3,33,0,0,1,1.0,0,short_ok,1,scan_doc,1
KCI_FI002025352,fail_block,4,33,0,0,1,1.0,0,short_ok,1,scan_doc,1
KCI_FI002025352,fail_block,5,33,0,0,1,1.0,0,short_ok,1,scan_doc,1
KCI_FI002025352,fail_block,6,33,0,0,1,1.0,0,short_ok,1,scan_doc,1
KCI_FI002025352,fail_block,7,33,0,0,1,1.0,0,short_ok,1,scan_doc,1
KCI_FI002025374,fail_block,0,33,0,0,1,1.0,0,short_ok,1,scan_doc,1
KCI_FI002025374,fail_block,1,33,0,0,1,1.0,0,short_ok,1,scan_doc,1
KCI_FI002025374,fail_block,2,33,0,0,1,1.0,0,short_ok,1,scan_doc,1
KCI_FI002025374,fail_block,3,33,0,0,1,1.0,0,short_ok,1,scan_doc,1
KCI_FI002025374,fail_block,4,33,0,0,1,1.0,0,short_ok,1,scan_doc,1
KCI_FI002025374,fail_block,5,33,0,0,1,1.0,0,short_ok,1,scan_doc,1
KCI_FI002025374,fail_block,6,33,0,0,1,1.0,0,short_ok,1,scan_doc,1
KCI_FI002025374,fail_block,7,33,0,0,1,1.0,0,short_ok,1,scan_doc,1
KCI_FI002025374,fail_block,8,33,0,0,1,1.0,0,short_ok,1,scan_doc,1
KCI_FI002025374,fail_block,9,33,0,0,1,1.0,0,short_ok,1,scan_doc,1
KCI_FI002025374,fail_block,10,33,0,0,1,1.0,0,short_ok,1,scan_doc,1
KCI_FI002025374,fail_block,11,33,0,0,1,1.0,0,short_ok,1,scan_doc,1
KCI_FI002025374,fail_block,12,33,0,0,1,1.0,0,short_ok,1,scan_doc,1
KCI_FI002025374,fail_block,13,33,0,0,1,1.0,0,short_ok,1,scan_doc,1
KCI_FI002025374,fail_block,14,33,0,0,1,1.0,0,short_ok,1,scan_doc,1
KCI_FI002025374,fail_block,15,33,0,0,1,1.0,0,short_ok,1,scan_doc,1
KCI_FI002025374,fail_block,16,33,0,0,1,1.0,0,short_ok,1,scan_doc,1
KCI_FI002025374,fail_block,17,33,0,0,1,1.0,0,short_ok,1,scan_doc,1
KCI_FI002025374,fail_block,18,33,0,0,1,1.0,0,short_ok,1,scan_doc,1
KCI_FI002025374,fail_block,19,33,0,0,1,1.0,0,short_ok,1,scan_doc,1
KCI_FI002025374,fail_block,20,33,0,0,1,1.0,0,short_ok,1,scan_doc,1
KCI_FI002025374,fail_block,21,33,0,0,1,1.0,0,short_ok,1,scan_doc,1
KCI_FI002025374,fail_block,22,33,0,0,1,1.0,0,short_ok,1,scan_doc,1
KCI_FI002025374,fail_block,23,33,0,0,1,1.0,0,short_ok,1,scan_doc,1
KCI_FI002025374,fail_block,24,33,0,0,1,1.0,0,short_ok,1,scan_doc,1
KCI_FI002025374,fail_block,25,33,0,0,1,1.0,0,short_ok,1,scan_doc,1
KCI_FI002100544,fail_block,0,33,0,0,1,1.0,0,short_ok,1,scan_doc,1
KCI_FI002100544,fail_block,1,33,0,0,1,1.0,0,short_ok,1,scan_doc,1
KCI_FI002100544,fail_block,2,33,0,0,1,1.0,0,short_ok,1,scan_doc,1
KCI_FI002100544,fail_block,3,33,0,0,1,1.0,0,short_ok,1,scan_doc,1
KCI_FI002100544,fail_block,4,33,0,0,1,1.0,0,short_ok,1,scan_doc,1
KCI_FI002100544,fail_block,5,33,0,0,1,1.0,0,short_ok,1,scan_doc,1
KCI_FI002100544,fail_block,6,33,0,0,1,1.0,0,short_ok,1,scan_doc,1
KCI_FI002100544,fail_block,7,33,0,0,1,1.0,0,short_ok,1,scan_doc,1
KCI_FI002100544,fail_block,8,33,0,0,1,1.0,0,short_ok,1,scan_doc,1
KCI_FI002100544,fail_block,9,33,0,0,1,1.0,0,short_ok,1,scan_doc,1
KCI_FI002098767,fail_block,0,33,0,0,1,1.0,0,short_ok,1,scan_doc,1
KCI_FI002098767,fail_block,1,33,0,0,1,1.0,0,short_ok,1,scan_doc,1
KCI_FI002098767,fail_block,2,33,0,0,1,1.0,0,short_ok,1,scan_doc,1
KCI_FI002098767,fail_block,3,33,0,0,1,1.0,0,short_ok,1,scan_doc,1
KCI_FI002098767,fail_block,4,33,0,0,1,1.0,0,short_ok,1,scan_doc,1
KCI_FI002098767,fail_block,5,33,0,0,1,1.0,0,short_ok,1,scan_doc,1
KCI_FI002098767,fail_block,6,33,0,0,1,1.0,0,short_ok,1,scan_doc,1
KCI_FI002098767,fail_block,7,33,0,0,1,1.0,0,short_ok,1,scan_doc,1
KCI_FI002098767,fail_block,8,33,0,0,1,1.0,0,short_ok,1,scan_doc,1
KCI_FI002098767,fail_block,9,33,0,0,1,1.0,0,short_ok,1,scan_doc,1
KCI_FI002098767,fail_block,10,33,0,0,1,1.0,0,short_ok,1,scan_doc,1
KCI_FI002098767,fail_block,11,33,0,0,1,1.0,0,short_ok,1,scan_doc,1
KCI_FI002098767,fail_block,12,33,0,0,1,1.0,0,short_ok,1,scan_doc,1
KCI_FI002098767,fail_block,13,33,0,0,1,1.0,0,short_ok,1,scan_doc,1
KCI_FI002098767,fail_block,14,33,0,0,1,1.0,0,short_ok,1,scan_doc,1
KCI_FI002098767,fail_block,15,33,0,0,1,1.0,0,short_ok,1,scan_doc,1
KCI_FI002098767,fail_block,16,33,0,0,1,1.0,0,short_ok,1,scan_doc,1
KCI_FI002098767,fail_block,17,33,0,0,1,1.0,0,short_ok,1,scan_doc,1
KCI_FI002098767,fail_block,18,33,0,0,1,1.0,0,short_ok,1,scan_doc,1
KCI_FI002098767,fail_block,19,33,0,0,1,1.0,0,short_ok,1,scan_doc,1
KCI_FI002098767,fail_block,20,33,0,0,1,1.0,0,short_ok,1,scan_doc,1
KCI_FI002098767,fail_block,21,33,0,0,1,1.0,0,short_ok,1,scan_doc,1
KCI_FI002098767,fail_block,22,33,0,0,1,1.0,0,short_ok,1,scan_doc,1
KCI_FI002025248,fail_block,0,33,0,0,1,1.0,0,short_ok,1,scan_doc,1
KCI_FI002025248,fail_block,1,33,0,0,1,1.0,0,short_ok,1,scan_doc,1
KCI_FI002025248,fail_block,2,33,0,0,1,1.0,0,short_ok,1,scan_doc,1
KCI_FI002025248,fail_block,3,33,0,0,1,1.0,0,short_ok,1,scan_doc,1
KCI_FI002025283,fail_block,0,33,0,0,1,1.0,0,short_ok,1,scan_doc,1
KCI_FI002025283,fail_block,1,33,0,0,1,1.0,0,short_ok,1,scan_doc,1
KCI_FI002025283,fail_block,2,33,0,0,1,1.0,0,short_ok,1,scan_doc,1
KCI_FI002025283,fail_block,3,33,0,0,1,1.0,0,short_ok,1,scan_doc,1
KCI_FI002025283,fail_block,4,33,0,0,1,1.0,0,short_ok,1,scan_doc,1
KCI_FI002025283,fail_block,5,33,0,0,1,1.0,0,short_ok,1,scan_doc,1
KCI_FI002025283,fail_block,6,33,0,0,1,1.0,0,short_ok,1,scan_doc,1
KCI_FI002025283,fail_block,7,33,0,0,1,1.0,0,short_ok,1,scan_doc,1
KCI_FI002025283,fail_block,8,33,0,0,1,1.0,0,short_ok,1,scan_doc,1
KCI_FI002025283,fail_block,9,33,0,0,1,1.0,0,short_ok,1,scan_doc,1
KCI_FI002025283,fail_block,10,33,0,0,1,1.0,0,short_ok,1,scan_doc,1
KCI_FI002025283,fail_block,11,33,0,0,1,1.0,0,short_ok,1,scan_doc,1
KCI_FI002025283,fail_block,12,33,0,0,1,1.0,0,short_ok,1,scan_doc,1
KCI_FI002025283,fail_block,13,33,0,0,1,1.0,0,short_ok,1,scan_doc,1
KCI_FI002025283,fail_block,14,33,0,0,1,1.0,0,short_ok,1,scan_doc,1
KCI_FI002025283,fail_block,15,33,0,0,1,1.0,0,short_ok,1,scan_doc,1
KCI_FI002025283,fail_block,16,33,0,0,1,1.0,0,short_ok,1,scan_doc,1
KCI_FI002025283,fail_block,17,33,0,0,1,1.0,0,short_ok,1,scan_doc,1
KCI_FI002025283,fail_block,18,33,0,0,1,1.0,0,short_ok,1,scan_doc,1
KCI_FI002025283,fail_block,19,33,0,0,1,1.0,0,short_ok,1,scan_doc,1
KCI_FI002098759,fail_block,0,33,0,0,1,1.0,0,short_ok,1,scan_doc,1
KCI_FI002098759,fail_block,1,33,0,0,1,1.0,0,short_ok,1,scan_doc,1
KCI_FI002098759,fail_block,2,33,0,0,1,1.0,0,short_ok,1,scan_doc,1
KCI_FI002098759,fail_block,3,33,0,0,1,1.0,0,short_ok,1,scan_doc,1
KCI_FI002098759,fail_block,4,33,0,0,1,1.0,0,short_ok,1,scan_doc,1
KCI_FI002098759,fail_block,5,33,0,0,1,1.0,0,short_ok,1,scan_doc,1
KCI_FI002098759,fail_block,6,33,0,0,1,1.0,0,short_ok,1,scan_doc,1
KCI_FI002098759,fail_block,7,33,0,0,1,1.0,0,short_ok,1,scan_doc,1
KCI_FI002098759,fail_block,8,33,0,0,1,1.0,0,short_ok,1,scan_doc,1
KCI_FI002098759,fail_block,9,33,0,0,1,1.0,0,short_ok,1,scan_doc,1
KCI_FI002098759,fail_block,10,33,0,0,1,1.0,0,short_ok,1,scan_doc,1
KCI_FI002098759,fail_block,11,33,0,0,1,1.0,0,short_ok,1,scan_doc,1
KCI_FI002098759,fail_block,12,33,0,0,1,1.0,0,short_ok,1,scan_doc,1
KCI_FI002098759,fail_block,13,33,0,0,1,1.0,0,short_ok,1,scan_doc,1
KCI_FI002098759,fail_block,14,33,0,0,1,1.0,0,short_ok,1,scan_doc,1
KCI_FI002098759,fail_block,15,33,0,0,1,1.0,0,short_ok,1,scan_doc,1
KCI_FI002098759,fail_block,16,33,0,0,1,1.0,0,short_ok,1,scan_doc,1
KCI_FI002098759,fail_block,17,33,0,0,1,1.0,0,short_ok,1,scan_doc,1
KCI_FI002098759,fail_block,18,33,0,0,1,1.0,0,short_ok,1,scan_doc,1
KCI_FI002098759,fail_block,19,33,0,0,1,1.0,0,short_ok,1,scan_doc,1
KCI_FI002098759,fail_block,20,33,0,0,1,1.0,0,short_ok,1,scan_doc,1
KCI_FI002098759,fail_block,21,33,0,0,1,1.0,0,short_ok,1,scan_doc,1
KCI_FI002098759,fail_block,22,33,0,0,1,1.0,0,short_ok,1,scan_doc,1
KCI_FI002098759,fail_block,23,33,0,0,1,1.0,0,short_ok,1,scan_doc,1
KCI_FI002098759,fail_block,24,33,0,0,1,1.0,0,short_ok,1,scan_doc,1
KCI_FI002098759,fail_block,25,33,0,0,1,1.0,0,short_ok,1,scan_doc,1
KCI_FI002098759,fail_block,26,33,0,0,1,1.0,0,short_ok,1,scan_doc,1
KCI_FI002098761,fail_block,0,33,0,0,1,1.0,0,short_ok,1,scan_doc,1
KCI_FI002098761,fail_block,1,33,0,0,1,1.0,0,short_ok,1,scan_doc,1
KCI_FI002098761,fail_block,2,33,0,0,1,1.0,0,short_ok,1,scan_doc,1
KCI_FI002098761,fail_block,3,33,0,0,1,1.0,0,short_ok,1,scan_doc,1
KCI_FI002098761,fail_block,4,33,0,0,1,1.0,0,short_ok,1,scan_doc,1
KCI_FI002098766,fail_block,0,33,0,0,1,1.0,0,short_ok,1,scan_doc,1
KCI_FI002098766,fail_block,1,33,0,0,1,1.0,0,short_ok,1,scan_doc,1
KCI_FI002098766,fail_block,2,33,0,0,1,1.0,0,short_ok,1,scan_doc,1
KCI_FI002098766,fail_block,3,33,0,0,1,1.0,0,short_ok,1,scan_doc,1
KCI_FI002098760,fail_block,0,33,0,0,1,1.0,0,short_ok,1,scan_doc,1
KCI_FI002098760,fail_block,1,33,0,0,1,1.0,0,short_ok,1,scan_doc,1
KCI_FI002098760,fail_block,2,33,0,0,1,1.0,0,short_ok,1,scan_doc,1
KCI_FI002098760,fail_block,3,33,0,0,1,1.0,0,short_ok,1,scan_doc,1
KCI_FI002098760,fail_block,4,33,0,0,1,1.0,0,short_ok,1,scan_doc,1
KCI_FI002098760,fail_block,5,33,0,0,1,1.0,0,short_ok,1,scan_doc,1
KCI_FI002098760,fail_block,6,33,0,0,1,1.0,0,short_ok,1,scan_doc,1
KCI_FI002098764,fail_block,0,33,0,0,1,1.0,0,short_ok,1,scan_doc,1
KCI_FI002098764,fail_block,1,33,0,0,1,1.0,0,short_ok,1,scan_doc,1
KCI_FI002098764,fail_block,2,33,0,0,1,1.0,0,short_ok,1,scan_doc,1
KCI_FI002098764,fail_block,3,33,0,0,1,1.0,0,short_ok,1,scan_doc,1
KCI_FI002098764,fail_block,4,33,0,0,1,1.0,0,short_ok,1,scan_doc,1
KCI_FI002098770,fail_block,0,33,0,0,1,1.0,0,short_ok,1,scan_doc,1
KCI_FI002098770,fail_block,1,33,0,0,1,1.0,0,short_ok,1,scan_doc,1
KCI_FI002098770,fail_block,2,33,0,0,1,1.0,0,short_ok,1,scan_doc,1
KCI_FI002098770,fail_block,3,33,0,0,1,1.0,0,short_ok,1,scan_doc,1
KCI_FI002098770,fail_block,4,33,0,0,1,1.0,0,short_ok,1,scan_doc,1
KCI_FI002098770,fail_block,5,33,0,0,1,1.0,0,short_ok,1,scan_doc,1
KCI_FI002098770,fail_block,6,33,0,0,1,1.0,0,short_ok,1,scan_doc,1
KCI_FI002098770,fail_block,7,33,0,0,1,1.0,0,short_ok,1,scan_doc,1
KCI_FI002098770,fail_block,8,33,0,0,1,1.0,0,short_ok,1,scan_doc,1
KCI_FI002098770,fail_block,9,33,0,0,1,1.0,0,short_ok,1,scan_doc,1
KCI_FI002098770,fail_block,10,33,0,0,1,1.0,0,short_ok,1,scan_doc,1
KCI_FI002098770,fail_block,11,33,0,0,1,1.0,0,short_ok,1,scan_doc,1
KCI_FI002098770,fail_block,12,33,0,0,1,1.0,0,short_ok,1,scan_doc,1
KCI_FI002098770,fail_block,13,33,0,0,1,1.0,0,short_ok,1,scan_doc,1
KCI_FI002098770,fail_block,14,33,0,0,1,1.0,0,short_ok,1,scan_doc,1
KCI_FI002098770,fail_block,15,33,0,0,1,1.0,0,short_ok,1,scan_doc,1
KCI_FI002098770,fail_block,16,33,0,0,1,1.0,0,short_ok,1,scan_doc,1
KCI_FI002098770,fail_block,17,33,0,0,1,1.0,0,short_ok,1,scan_doc,1
KCI_FI002098770,fail_block,18,33,0,0,1,1.0,0,short_ok,1,scan_doc,1
KCI_FI002098770,fail_block,19,33,0,0,1,1.0,0,short_ok,1,scan_doc,1
KCI_FI002098770,fail_block,20,33,0,0,1,1.0,0,short_ok,1,scan_doc,1
KCI_FI002098772,fail_block,0,33,0,0,1,1.0,0,short_ok,1,scan_doc,1
KCI_FI002098772,fail_block,1,33,0,0,1,1.0,0,short_ok,1,scan_doc,1
KCI_FI002098772,fail_block,2,33,0,0,1,1.0,0,short_ok,1,scan_doc,1
KCI_FI002098772,fail_block,3,33,0,0,1,1.0,0,short_ok,1,scan_doc,1
KCI_FI002098772,fail_block,4,33,0,0,1,1.0,0,short_ok,1,scan_doc,1
KCI_FI002098772,fail_block,5,33,0,0,1,1.0,0,short_ok,1,scan_doc,1
KCI_FI002098772,fail_block,6,33,0,0,1,1.0,0,short_ok,1,scan_doc,1
KCI_FI002098772,fail_block,7,33,0,0,1,1.0,0,short_ok,1,scan_doc,1
KCI_FI002098772,fail_block,8,33,0,0,1,1.0,0,short_ok,1,scan_doc,1
KCI_FI002098772,fail_block,9,33,0,0,1,1.0,0,short_ok,1,scan_doc,1
KCI_FI002098772,fail_block,10,33,0,0,1,1.0,0,short_ok,1,scan_doc,1
KCI_FI002098772,fail_block,11,33,0,0,1,1.0,0,short_ok,1,scan_doc,1
KCI_FI002098772,fail_block,12,33,0,0,1,1.0,0,short_ok,1,scan_doc,1
KCI_FI002098772,fail_block,13,33,0,0,1,1.0,0,short_ok,1,scan_doc,1
KCI_FI002098772,fail_block,14,33,0,0,1,1.0,0,short_ok,1,scan_doc,1
KCI_FI002098772,fail_block,15,33,0,0,1,1.0,0,short_ok,1,scan_doc,1
KCI_FI002098772,fail_block,16,33,0,0,1,1.0,0,short_ok,1,scan_doc,1
KCI_FI002098772,fail_block,17,33,0,0,1,1.0,0,short_ok,1,scan_doc,1
KCI_FI002098772,fail_block,18,33,0,0,1,1.0,0,short_ok,1,scan_doc,1
KCI_FI002025261,fail_block,0,33,0,0,1,1.0,0,short_ok,1,scan_doc,1
KCI_FI002025261,fail_block,1,33,0,0,1,1.0,0,short_ok,1,scan_doc,1
KCI_FI002025261,fail_block,2,33,0,0,1,1.0,0,short_ok,1,scan_doc,1
KCI_FI002025261,fail_block,3,33,0,0,1,1.0,0,short_ok,1,scan_doc,1
KCI_FI002025261,fail_block,4,33,0,0,1,1.0,0,short_ok,1,scan_doc,1
KCI_FI002025261,fail_block,5,33,0,0,1,1.0,0,short_ok,1,scan_doc,1
KCI_FI002025261,fail_block,6,33,0,0,1,1.0,0,short_ok,1,scan_doc,1
KCI_FI002025261,fail_block,7,33,0,0,1,1.0,0,short_ok,1,scan_doc,1
KCI_FI002025261,fail_block,8,33,0,0,1,1.0,0,short_ok,1,scan_doc,1
KCI_FI002025261,fail_block,9,33,0,0,1,1.0,0,short_ok,1,scan_doc,1
KCI_FI002025261,fail_block,10,33,0,0,1,1.0,0,short_ok,1,scan_doc,1
KCI_FI002025261,fail_block,11,33,0,0,1,1.0,0,short_ok,1,scan_doc,1
KCI_FI002025261,fail_block,12,33,0,0,1,1.0,0,short_ok,1,scan_doc,1
KCI_FI002025261,fail_block,13,33,0,0,1,1.0,0,short_ok,1,scan_doc,1
KCI_FI002025261,fail_block,14,33,0,0,1,1.0,0,short_ok,1,scan_doc,1
KCI_FI002025261,fail_block,15,33,0,0,1,1.0,0,short_ok,1,scan_doc,1
KCI_FI002025261,fail_block,16,33,0,0,1,1.0,0,short_ok,1,scan_doc,1
KCI_FI002025261,fail_block,17,33,0,0,1,1.0,0,short_ok,1,scan_doc,1
KCI_FI002025261,fail_block,18,33,0,0,1,1.0,0,short_ok,1,scan_doc,1
KCI_FI002025261,fail_block,19,33,0,0,1,1.0,0,short_ok,1,scan_doc,1
KCI_FI002025261,fail_block,20,33,0,0,1,1.0,0,short_ok,1,scan_doc,1
KCI_FI002025261,fail_block,21,33,0,0,1,1.0,0,short_ok,1,scan_doc,1
KCI_FI002025261,fail_block,22,33,0,0,1,1.0,0,short_ok,1,scan_doc,1
KCI_FI002025261,fail_block,23,33,0,0,1,1.0,0,short_ok,1,scan_doc,1
KCI_FI002025261,fail_block,24,33,0,0,1,1.0,0,short_ok,1,scan_doc,1
KCI_FI002025261,fail_block,25,33,0,0,1,1.0,0,short_ok,1,scan_doc,1
KCI_FI002025261,fail_block,26,33,0,0,1,1.0,0,short_ok,1,scan_doc,1
KCI_FI002025261,fail_block,27,33,0,0,1,1.0,0,short_ok,1,scan_doc,1
KCI_FI002025261,fail_block,28,33,0,0,1,1.0,0,short_ok,1,scan_doc,1
KCI_FI002025261,fail_block,29,33,0,0,1,1.0,0,short_ok,1,scan_doc,1
KCI_FI002025261,fail_block,30,33,0,0,1,1.0,0,short_ok,1,scan_doc,1
KCI_FI002025261,fail_block,31,33,0,0,1,1.0,0,short_ok,1,scan_doc,1
KCI_FI002025261,fail_block,32,33,0,0,1,1.0,0,short_ok,1,scan_doc,1
KCI_FI002025261,fail_block,33,33,0,0,1,1.0,0,short_ok,1,scan_doc,1
KCI_FI002025290,fail_block,0,33,0,0,1,1.0,0,short_ok,1,scan_doc,1
KCI_FI002025290,fail_block,1,33,0,0,1,1.0,0,short_ok,1,scan_doc,1
KCI_FI002025290,fail_block,2,33,0,0,1,1.0,0,short_ok,1,scan_doc,1
KCI_FI002025290,fail_block,3,33,0,0,1,1.0,0,short_ok,1,scan_doc,1
KCI_FI002096807,fail_block,0,33,0,0,1,1.0,0,short_ok,1,scan_doc,1
KCI_FI002096807,fail_block,1,33,0,0,1,1.0,0,short_ok,1,scan_doc,1
KCI_FI002096807,fail_block,2,33,0,0,1,1.0,0,short_ok,1,scan_doc,1
KCI_FI002096807,fail_block,3,33,0,0,1,1.0,0,short_ok,1,scan_doc,1
KCI_FI002096807,fail_block,4,33,0,0,1,1.0,0,short_ok,1,scan_doc,1
KCI_FI002096807,fail_block,5,33,0,0,1,1.0,0,short_ok,1,scan_doc,1
KCI_FI002096807,fail_block,6,33,0,0,1,1.0,0,short_ok,1,scan_doc,1
KCI_FI002096807,fail_block,7,33,0,0,1,1.0,0,short_ok,1,scan_doc,1
KCI_FI002096807,fail_block,8,33,0,0,1,1.0,0,short_ok,1,scan_doc,1
KCI_FI002096807,fail_block,9,33,0,0,1,1.0,0,short_ok,1,scan_doc,1
KCI_FI002096807,fail_block,10,33,0,0,1,1.0,0,short_ok,1,scan_doc,1
KCI_FI002096807,fail_block,11,33,0,0,1,1.0,0,short_ok,1,scan_doc,1
KCI_FI002096807,fail_block,12,33,0,0,1,1.0,0,short_ok,1,scan_doc,1
KCI_FI002096807,fail_block,13,33,0,0,1,1.0,0,short_ok,1,scan_doc,1
KCI_FI002096807,fail_block,14,33,0,0,1,1.0,0,short_ok,1,scan_doc,1
KCI_FI002096807,fail_block,15,33,0,0,1,1.0,0,short_ok,1,scan_doc,1
KCI_FI002096807,fail_block,16,33,0,0,1,1.0,0,short_ok,1,scan_doc,1
KCI_FI002096807,fail_block,17,33,0,0,1,1.0,0,short_ok,1,scan_doc,1
KCI_FI002096807,fail_block,18,33,0,0,1,1.0,0,short_ok,1,scan_doc,1
KCI_FI002096807,fail_block,19,33,0,0,1,1.0,0,short_ok,1,scan_doc,1
KCI_FI002096807,fail_block,20,33,0,0,1,1.0,0,short_ok,1,scan_doc,1
KCI_FI002096807,fail_block,21,33,0,0,1,1.0,0,short_ok,1,scan_doc,1
KCI_FI002096807,fail_block,22,33,0,0,1,1.0,0,short_ok,1,scan_doc,1
KCI_FI002096807,fail_block,23,33,0,0,1,1.0,0,short_ok,1,scan_doc,1
KCI_FI002096808,fail_block,0,33,0,0,1,1.0,0,short_ok,1,scan_doc,1
KCI_FI002096808,fail_block,1,33,0,0,1,1.0,0,short_ok,1,scan_doc,1
KCI_FI002096808,fail_block,2,33,0,0,1,1.0,0,short_ok,1,scan_doc,1
KCI_FI002096808,fail_block,3,33,0,0,1,1.0,0,short_ok,1,scan_doc,1
KCI_FI002096808,fail_block,4,33,0,0,1,1.0,0,short_ok,1,scan_doc,1
KCI_FI002096808,fail_block,5,33,0,0,1,1.0,0,short_ok,1,scan_doc,1
KCI_FI002096808,fail_block,6,33,0,0,1,1.0,0,short_ok,1,scan_doc,1
KCI_FI002096808,fail_block,7,33,0,0,1,1.0,0,short_ok,1,scan_doc,1
KCI_FI002096808,fail_block,8,33,0,0,1,1.0,0,short_ok,1,scan_doc,1
KCI_FI002096808,fail_block,9,33,0,0,1,1.0,0,short_ok,1,scan_doc,1
KCI_FI002096808,fail_block,10,33,0,0,1,1.0,0,short_ok,1,scan_doc,1
KCI_FI002096808,fail_block,11,33,0,0,1,1.0,0,short_ok,1,scan_doc,1
KCI_FI002096808,fail_block,12,33,0,0,1,1.0,0,short_ok,1,scan_doc,1
KCI_FI002096808,fail_block,13,33,0,0,1,1.0,0,short_ok,1,scan_doc,1
KCI_FI002096808,fail_block,14,33,0,0,1,1.0,0,short_ok,1,scan_doc,1
KCI_FI002096808,fail_block,15,33,0,0,1,1.0,0,short_ok,1,scan_doc,1
KCI_FI002096808,fail_block,16,33,0,0,1,1.0,0,short_ok,1,scan_doc,1
KCI_FI002096808,fail_block,17,33,0,0,1,1.0,0,short_ok,1,scan_doc,1
KCI_FI002096808,fail_block,18,33,0,0,1,1.0,0,short_ok,1,scan_doc,1
KCI_FI002096808,fail_block,19,33,0,0,1,1.0,0,short_ok,1,scan_doc,1
KCI_FI002096808,fail_block,20,33,0,0,1,1.0,0,short_ok,1,scan_doc,1
KCI_FI002096808,fail_block,21,33,0,0,1,1.0,0,short_ok,1,scan_doc,1
KCI_FI002096808,fail_block,22,33,0,0,1,1.0,0,short_ok,1,scan_doc,1
KCI_FI002096808,fail_block,23,33,0,0,1,1.0,0,short_ok,1,scan_doc,1
KCI_FI002096808,fail_block,24,33,0,0,1,1.0,0,short_ok,1,scan_doc,1
KCI_FI002096808,fail_block,25,33,0,0,1,1.0,0,short_ok,1,scan_doc,1
KCI_FI002096808,fail_block,26,33,0,0,1,1.0,0,short_ok,1,scan_doc,1
KCI_FI002096808,fail_block,27,33,0,0,1,1.0,0,short_ok,1,scan_doc,1
KCI_FI002096808,fail_block,28,33,0,0,1,1.0,0,short_ok,1,scan_doc,1
KCI_FI002097140,fail_block,0,33,0,0,1,1.0,0,short_ok,1,scan_doc,1
KCI_FI002097140,fail_block,1,33,0,0,1,1.0,0,short_ok,1,scan_doc,1
KCI_FI002097140,fail_block,2,33,0,0,1,1.0,0,short_ok,1,scan_doc,1
KCI_FI002097140,fail_block,3,33,0,0,1,1.0,0,short_ok,1,scan_doc,1
KCI_FI002097140,fail_block,4,33,0,0,1,1.0,0,short_ok,1,scan_doc,1
KCI_FI002097140,fail_block,5,33,0,0,1,1.0,0,short_ok,1,scan_doc,1
KCI_FI002097140,fail_block,6,33,0,0,1,1.0,0,short_ok,1,scan_doc,1
KCI_FI002097140,fail_block,7,33,0,0,1,1.0,0,short_ok,1,scan_doc,1
KCI_FI002097140,fail_block,8,33,0,0,1,1.0,0,short_ok,1,scan_doc,1
KCI_FI002097140,fail_block,9,33,0,0,1,1.0,0,short_ok,1,scan_doc,1
KCI_FI002097140,fail_block,10,33,0,0,1,1.0,0,short_ok,1,scan_doc,1
KCI_FI002097140,fail_block,11,33,0,0,1,1.0,0,short_ok,1,scan_doc,1
KCI_FI002097140,fail_block,12,33,0,0,1,1.0,0,short_ok,1,scan_doc,1
KCI_FI002097140,fail_block,13,33,0,0,1,1.0,0,short_ok,1,scan_doc,1
KCI_FI002097140,fail_block,14,33,0,0,1,1.0,0,short_ok,1,scan_doc,1
KCI_FI002097140,fail_block,15,33,0,0,1,1.0,0,short_ok,1,scan_doc,1
KCI_FI002097140,fail_block,16,33,0,0,1,1.0,0,short_ok,1,scan_doc,1
KCI_FI002097140,fail_block,17,33,0,0,1,1.0,0,short_ok,1,scan_doc,1
KCI_FI002097140,fail_block,18,33,0,0,1,1.0,0,short_ok,1,scan_doc,1
KCI_FI002097140,fail_block,19,33,0,0,1,1.0,0,short_ok,1,scan_doc,1
KCI_FI002097140,fail_block,20,33,0,0,1,1.0,0,short_ok,1,scan_doc,1
KCI_FI002097140,fail_block,21,33,0,0,1,1.0,0,short_ok,1,scan_doc,1
KCI_FI002097140,fail_block,22,33,0,0,1,1.0,0,short_ok,1,scan_doc,1
KCI_FI002097140,fail_block,23,33,0,0,1,1.0,0,short_ok,1,scan_doc,1
KCI_FI002097172,fail_block,0,33,0,0,1,1.0,0,short_ok,1,scan_doc,1
KCI_FI002097172,fail_block,1,33,0,0,1,1.0,0,short_ok,1,scan_doc,1
KCI_FI002097172,fail_block,2,33,0,0,1,1.0,0,short_ok,1,scan_doc,1
KCI_FI002097172,fail_block,3,33,0,0,1,1.0,0,short_ok,1,scan_doc,1
KCI_FI002097172,fail_block,4,33,0,0,1,1.0,0,short_ok,1,scan_doc,1
KCI_FI002097172,fail_block,5,33,0,0,1,1.0,0,short_ok,1,scan_doc,1
KCI_FI002097172,fail_block,6,33,0,0,1,1.0,0,short_ok,1,scan_doc,1
KCI_FI002097172,fail_block,7,33,0,0,1,1.0,0,short_ok,1,scan_doc,1
KCI_FI002097172,fail_block,8,33,0,0,1,1.0,0,short_ok,1,scan_doc,1
KCI_FI002097172,fail_block,9,33,0,0,1,1.0,0,short_ok,1,scan_doc,1
KCI_FI002097172,fail_block,10,33,0,0,1,1.0,0,short_ok,1,scan_doc,1
KCI_FI002097172,fail_block,11,33,0,0,1,1.0,0,short_ok,1,scan_doc,1
KCI_FI002097172,fail_block,12,33,0,0,1,1.0,0,short_ok,1,scan_doc,1
KCI_FI002097172,fail_block,13,33,0,0,1,1.0,0,short_ok,1,scan_doc,1
KCI_FI002097172,fail_block,14,33,0,0,1,1.0,0,short_ok,1,scan_doc,1
KCI_FI002097172,fail_block,15,33,0,0,1,1.0,0,short_ok,1,scan_doc,1
KCI_FI002097172,fail_block,16,33,0,0,1,1.0,0,short_ok,1,scan_doc,1
KCI_FI002097172,fail_block,17,33,0,0,1,1.0,0,short_ok,1,scan_doc,1
KCI_FI002097172,fail_block,18,33,0,0,1,1.0,0,short_ok,1,scan_doc,1
KCI_FI002097172,fail_block,19,33,0,0,1,1.0,0,short_ok,1,scan_doc,1
KCI_FI002097172,fail_block,20,33,0,0,1,1.0,0,short_ok,1,scan_doc,1
KCI_FI002097172,fail_block,21,33,0,0,1,1.0,0,short_ok,1,scan_doc,1
KCI_FI002097172,fail_block,22,33,0,0,1,1.0,0,short_ok,1,scan_doc,1
KCI_FI002097172,fail_block,23,33,0,0,1,1.0,0,short_ok,1,scan_doc,1
KCI_FI002097172,fail_block,24,33,0,0,1,1.0,0,short_ok,1,scan_doc,1
KCI_FI002097172,fail_block,25,33,0,0,1,1.0,0,short_ok,1,scan_doc,1
KCI_FI002097172,fail_block,26,33,0,0,1,1.0,0,short_ok,1,scan_doc,1
KCI_FI002097172,fail_block,27,33,0,0,1,1.0,0,short_ok,1,scan_doc,1
KCI_FI002097172,fail_block,28,33,0,0,1,1.0,0,short_ok,1,scan_doc,1
KCI_FI002097172,fail_block,29,33,0,0,1,1.0,0,short_ok,1,scan_doc,1
KCI_FI002097172,fail_block,30,33,0,0,1,1.0,0,short_ok,1,scan_doc,1
KCI_FI002097172,fail_block,31,33,0,0,1,1.0,0,short_ok,1,scan_doc,1
KCI_FI002097172,fail_block,32,33,0,0,1,1.0,0,short_ok,1,scan_doc,1
KCI_FI002097172,fail_block,33,33,0,0,1,1.0,0,short_ok,1,scan_doc,1
KCI_FI002097172,fail_block,34,33,0,0,1,1.0,0,short_ok,1,scan_doc,1
KCI_FI002097172,fail_block,35,33,0,0,1,1.0,0,short_ok,1,scan_doc,1
KCI_FI002097172,fail_block,36,33,0,0,1,1.0,0,short_ok,1,scan_doc,1
KCI_FI002097172,fail_block,37,33,0,0,1,1.0,0,short_ok,1,scan_doc,1
KCI_FI002097172,fail_block,38,33,0,0,1,1.0,0,short_ok,1,scan_doc,1
KCI_FI002097258,fail_block,0,33,0,0,1,1.0,0,short_ok,1,scan_doc,1
KCI_FI002097258,fail_block,1,33,0,0,1,1.0,0,short_ok,1,scan_doc,1
KCI_FI002097258,fail_block,2,33,0,0,1,1.0,0,short_ok,1,scan_doc,1
KCI_FI002097258,fail_block,3,33,0,0,1,1.0,0,short_ok,1,scan_doc,1
KCI_FI002097258,fail_block,4,33,0,0,1,1.0,0,short_ok,1,scan_doc,1
KCI_FI002097258,fail_block,5,33,0,0,1,1.0,0,short_ok,1,scan_doc,1
KCI_FI002097258,fail_block,6,33,0,0,1,1.0,0,short_ok,1,scan_doc,1
KCI_FI002097258,fail_block,7,33,0,0,1,1.0,0,short_ok,1,scan_doc,1
KCI_FI002097258,fail_block,8,33,0,0,1,1.0,0,short_ok,1,scan_doc,1
KCI_FI002097258,fail_block,9,33,0,0,1,1.0,0,short_ok,1,scan_doc,1
KCI_FI002097258,fail_block,10,33,0,0,1,1.0,0,short_ok,1,scan_doc,1
KCI_FI002097258,fail_block,11,33,0,0,1,1.0,0,short_ok,1,scan_doc,1
KCI_FI002097258,fail_block,12,33,0,0,1,1.0,0,short_ok,1,scan_doc,1
KCI_FI002097258,fail_block,13,33,0,0,1,1.0,0,short_ok,1,scan_doc,1
KCI_FI002097258,fail_block,14,33,0,0,1,1.0,0,short_ok,1,scan_doc,1
KCI_FI002097258,fail_block,15,33,0,0,1,1.0,0,short_ok,1,scan_doc,1
KCI_FI002097258,fail_block,16,33,0,0,1,1.0,0,short_ok,1,scan_doc,1
KCI_FI002097258,fail_block,17,33,0,0,1,1.0,0,short_ok,1,scan_doc,1
KCI_FI002097258,fail_block,18,33,0,0,1,1.0,0,short_ok,1,scan_doc,1
KCI_FI002097258,fail_block,19,33,0,0,1,1.0,0,short_ok,1,scan_doc,1
KCI_FI002097258,fail_block,20,33,0,0,1,1.0,0,short_ok,1,scan_doc,1
KCI_FI002097258,fail_block,21,33,0,0,1,1.0,0,short_ok,1,scan_doc,1
KCI_FI002097258,fail_block,22,33,0,0,1,1.0,0,short_ok,1,scan_doc,1
KCI_FI002097258,fail_block,23,33,0,0,1,1.0,0,short_ok,1,scan_doc,1
KCI_FI002097258,fail_block,24,33,0,0,1,1.0,0,short_ok,1,scan_doc,1
KCI_FI002097258,fail_block,25,33,0,0,1,1.0,0,short_ok,1,scan_doc,1
KCI_FI002097258,fail_block,26,33,0,0,1,1.0,0,short_ok,1,scan_doc,1
KCI_FI002097258,fail_block,27,33,0,0,1,1.0,0,short_ok,1,scan_doc,1
KCI_FI002097258,fail_block,28,33,0,0,1,1.0,0,short_ok,1,scan_doc,1
KCI_FI002097258,fail_block,29,33,0,0,1,1.0,0,short_ok,1,scan_doc,1
KCI_FI002097258,fail_block,30,33,0,0,1,1.0,0,short_ok,1,scan_doc,1
KCI_FI002097258,fail_block,31,33,0,0,1,1.0,0,short_ok,1,scan_doc,1
KCI_FI002097258,fail_block,32,33,0,0,1,1.0,0,short_ok,1,scan_doc,1
KCI_FI002097258,fail_block,33,33,0,0,1,1.0,0,short_ok,1,scan_doc,1
KCI_FI002097258,fail_block,34,33,0,0,1,1.0,0,short_ok,1,scan_doc,1
KCI_FI002097258,fail_block,35,33,0,0,1,1.0,0,short_ok,1,scan_doc,1
KCI_FI002097258,fail_block,36,33,0,0,1,1.0,0,short_ok,1,scan_doc,1
KCI_FI002097258,fail_block,37,33,0,0,1,1.0,0,short_ok,1,scan_doc,1
KCI_FI002097258,fail_block,38,33,0,0,1,1.0,0,short_ok,1,scan_doc,1
KCI_FI002097258,fail_block,39,33,0,0,1,1.0,0,short_ok,1,scan_doc,1
KCI_FI002097258,fail_block,40,33,0,0,1,1.0,0,short_ok,1,scan_doc,1
KCI_FI002097258,fail_block,41,33,0,0,1,1.0,0,short_ok,1,scan_doc,1
KCI_FI002097261,fail_block,0,33,0,0,1,1.0,0,short_ok,1,scan_doc,1
KCI_FI002097261,fail_block,1,33,0,0,1,1.0,0,short_ok,1,scan_doc,1
KCI_FI002097261,fail_block,2,33,0,0,1,1.0,0,short_ok,1,scan_doc,1
KCI_FI002097261,fail_block,3,33,0,0,1,1.0,0,short_ok,1,scan_doc,1
KCI_FI002097261,fail_block,4,33,0,0,1,1.0,0,short_ok,1,scan_doc,1
KCI_FI002097261,fail_block,5,33,0,0,1,1.0,0,short_ok,1,scan_doc,1
KCI_FI002097261,fail_block,6,33,0,0,1,1.0,0,short_ok,1,scan_doc,1
KCI_FI002097261,fail_block,7,33,0,0,1,1.0,0,short_ok,1,scan_doc,1
KCI_FI002097261,fail_block,8,33,0,0,1,1.0,0,short_ok,1,scan_doc,1
KCI_FI002097261,fail_block,9,33,0,0,1,1.0,0,short_ok,1,scan_doc,1
KCI_FI002097261,fail_block,10,33,0,0,1,1.0,0,short_ok,1,scan_doc,1
KCI_FI002097261,fail_block,11,33,0,0,1,1.0,0,short_ok,1,scan_doc,1
KCI_FI002097261,fail_block,12,33,0,0,1,1.0,0,short_ok,1,scan_doc,1
KCI_FI002097261,fail_block,13,33,0,0,1,1.0,0,short_ok,1,scan_doc,1
KCI_FI002097261,fail_block,14,33,0,0,1,1.0,0,short_ok,1,scan_doc,1
KCI_FI002097261,fail_block,15,33,0,0,1,1.0,0,short_ok,1,scan_doc,1
KCI_FI002097261,fail_block,16,33,0,0,1,1.0,0,short_ok,1,scan_doc,1
KCI_FI002097261,fail_block,17,33,0,0,1,1.0,0,short_ok,1,scan_doc,1
KCI_FI002097261,fail_block,18,33,0,0,1,1.0,0,short_ok,1,scan_doc,1
KCI_FI002097261,fail_block,19,33,0,0,1,1.0,0,short_ok,1,scan_doc,1
KCI_FI002097261,fail_block,20,33,0,0,1,1.0,0,short_ok,1,scan_doc,1
KCI_FI002097261,fail_block,21,33,0,0,1,1.0,0,short_ok,1,scan_doc,1
KCI_FI002097261,fail_block,22,33,0,0,1,1.0,0,short_ok,1,scan_doc,1
KCI_FI002097261,fail_block,23,33,0,0,1,1.0,0,short_ok,1,scan_doc,1
KCI_FI002097261,fail_block,24,33,0,0,1,1.0,0,short_ok,1,scan_doc,1
KCI_FI002097261,fail_block,25,33,0,0,1,1.0,0,short_ok,1,scan_doc,1
KCI_FI002097261,fail_block,26,33,0,0,1,1.0,0,short_ok,1,scan_doc,1
KCI_FI002097261,fail_block,27,33,0,0,1,1.0,0,short_ok,1,scan_doc,1
KCI_FI002097261,fail_block,28,33,0,0,1,1.0,0,short_ok,1,scan_doc,1
KCI_FI002097261,fail_block,29,33,0,0,1,1.0,0,short_ok,1,scan_doc,1
KCI_FI002098762,fail_block,0,33,0,0,1,1.0,0,short_ok,1,scan_doc,1
KCI_FI002098762,fail_block,1,33,0,0,1,1.0,0,short_ok,1,scan_doc,1
KCI_FI002098762,fail_block,2,33,0,0,1,1.0,0,short_ok,1,scan_doc,1
KCI_FI002098762,fail_block,3,33,0,0,1,1.0,0,short_ok,1,scan_doc,1
KCI_FI002098762,fail_block,4,33,0,0,1,1.0,0,short_ok,1,scan_doc,1
KCI_FI002098769,fail_block,0,33,0,0,1,1.0,0,short_ok,1,scan_doc,1
KCI_FI002098769,fail_block,1,33,0,0,1,1.0,0,short_ok,1,scan_doc,1
KCI_FI002098769,fail_block,2,33,0,0,1,1.0,0,short_ok,1,scan_doc,1
KCI_FI002098769,fail_block,3,33,0,0,1,1.0,0,short_ok,1,scan_doc,1
KCI_FI002098769,fail_block,4,33,0,0,1,1.0,0,short_ok,1,scan_doc,1
KCI_FI002098769,fail_block,5,33,0,0,1,1.0,0,short_ok,1,scan_doc,1
KCI_FI002098769,fail_block,6,33,0,0,1,1.0,0,short_ok,1,scan_doc,1
KCI_FI002098769,fail_block,7,33,0,0,1,1.0,0,short_ok,1,scan_doc,1
KCI_FI002098769,fail_block,8,33,0,0,1,1.0,0,short_ok,1,scan_doc,1
KCI_FI002098769,fail_block,9,33,0,0,1,1.0,0,short_ok,1,scan_doc,1
KCI_FI002098769,fail_block,10,33,0,0,1,1.0,0,short_ok,1,scan_doc,1
KCI_FI002098769,fail_block,11,33,0,0,1,1.0,0,short_ok,1,scan_doc,1
KCI_FI002098769,fail_block,12,33,0,0,1,1.0,0,short_ok,1,scan_doc,1
KCI_FI002098769,fail_block,13,33,0,0,1,1.0,0,short_ok,1,scan_doc,1
KCI_FI002098769,fail_block,14,33,0,0,1,1.0,0,short_ok,1,scan_doc,1
KCI_FI002098769,fail_block,15,33,0,0,1,1.0,0,short_ok,1,scan_doc,1
KCI_FI002098769,fail_block,16,33,0,0,1,1.0,0,short_ok,1,scan_doc,1
KCI_FI002098769,fail_block,17,33,0,0,1,1.0,0,short_ok,1,scan_doc,1
KCI_FI002098769,fail_block,18,33,0,0,1,1.0,0,short_ok,1,scan_doc,1
KCI_FI002098769,fail_block,19,33,0,0,1,1.0,0,short_ok,1,scan_doc,1
KCI_FI002098769,fail_block,20,33,0,0,1,1.0,0,short_ok,1,scan_doc,1
KCI_FI002098769,fail_block,21,33,0,0,1,1.0,0,short_ok,1,scan_doc,1
KCI_FI002098769,fail_block,22,33,0,0,1,1.0,0,short_ok,1,scan_doc,1
KCI_FI002098769,fail_block,23,33,0,0,1,1.0,0,short_ok,1,scan_doc,1
KCI_FI002098769,fail_block,24,33,0,0,1,1.0,0,short_ok,1,scan_doc,1
KCI_FI002098769,fail_block,25,33,0,0,1,1.0,0,short_ok,1,scan_doc,1
KCI_FI002098769,fail_block,26,33,0,0,1,1.0,0,short_ok,1,scan_doc,1
KCI_FI002098769,fail_block,27,33,0,0,1,1.0,0,short_ok,1,scan_doc,1
KCI_FI002098769,fail_block,28,33,0,0,1,1.0,0,short_ok,1,scan_doc,1
KCI_FI002098769,fail_block,29,33,0,0,1,1.0,0,short_ok,1,scan_doc,1
KCI_FI002098769,fail_block,30,33,0,0,1,1.0,0,short_ok,1,scan_doc,1
KCI_FI002098769,fail_block,31,33,0,0,1,1.0,0,short_ok,1,scan_doc,1
KCI_FI002098769,fail_block,32,33,0,0,1,1.0,0,short_ok,1,scan_doc,1
KCI_FI002098769,fail_block,33,33,0,0,1,1.0,0,short_ok,1,scan_doc,1
KCI_FI002098769,fail_block,34,33,0,0,1,1.0,0,short_ok,1,scan_doc,1
KCI_FI002098769,fail_block,35,33,0,0,1,1.0,0,short_ok,1,scan_doc,1
KCI_FI002098769,fail_block,36,33,0,0,1,1.0,0,short_ok,1,scan_doc,1
KCI_FI002098769,fail_block,37,33,0,0,1,1.0,0,short_ok,1,scan_doc,1
KCI_FI002098769,fail_block,38,33,0,0,1,1.0,0,short_ok,1,scan_doc,1
KCI_FI002098769,fail_block,39,33,0,0,1,1.0,0,short_ok,1,scan_doc,1
KCI_FI002098769,fail_block,40,33,0,0,1,1.0,0,short_ok,1,scan_doc,1
KCI_FI002098769,fail_block,41,33,0,0,1,1.0,0,short_ok,1,scan_doc,1
KCI_FI002098769,fail_block,42,33,0,0,1,1.0,0,short_ok,1,scan_doc,1
KCI_FI002098769,fail_block,43,33,0,0,1,1.0,0,short_ok,1,scan_doc,1
KCI_FI002098769,fail_block,44,33,0,0,1,1.0,0,short_ok,1,scan_doc,1
KCI_FI002098769,fail_block,45,33,0,0,1,1.0,0,short_ok,1,scan_doc,1
KCI_FI002098769,fail_block,46,33,0,0,1,1.0,0,short_ok,1,scan_doc,1
KCI_FI002098769,fail_block,47,33,0,0,1,1.0,0,short_ok,1,scan_doc,1
KCI_FI002098769,fail_block,48,33,0,0,1,1.0,0,short_ok,1,scan_doc,1
KCI_FI002098769,fail_block,49,33,0,0,1,1.0,0,short_ok,1,scan_doc,1
KCI_FI002098769,fail_block,50,33,0,0,1,1.0,0,short_ok,1,scan_doc,1
KCI_FI002098769,fail_block,51,33,0,0,1,1.0,0,short_ok,1,scan_doc,1
KCI_FI002098769,fail_block,52,33,0,0,1,1.0,0,short_ok,1,scan_doc,1
KCI_FI002097257,fail_block,0,33,0,0,1,1.0,0,short_ok,1,scan_doc,1
KCI_FI002097257,fail_block,1,33,0,0,1,1.0,0,short_ok,1,scan_doc,1
KCI_FI002097257,fail_block,2,33,0,0,1,1.0,0,short_ok,1,scan_doc,1
KCI_FI002097257,fail_block,3,33,0,0,1,1.0,0,short_ok,1,scan_doc,1
KCI_FI002097257,fail_block,4,33,0,0,1,1.0,0,short_ok,1,scan_doc,1
KCI_FI002097257,fail_block,5,33,0,0,1,1.0,0,short_ok,1,scan_doc,1
KCI_FI002097257,fail_block,6,33,0,0,1,1.0,0,short_ok,1,scan_doc,1
KCI_FI002097257,fail_block,7,33,0,0,1,1.0,0,short_ok,1,scan_doc,1
KCI_FI002097257,fail_block,8,33,0,0,1,1.0,0,short_ok,1,scan_doc,1
KCI_FI002097257,fail_block,9,33,0,0,1,1.0,0,short_ok,1,scan_doc,1
KCI_FI002097257,fail_block,10,33,0,0,1,1.0,0,short_ok,1,scan_doc,1
KCI_FI002097257,fail_block,11,33,0,0,1,1.0,0,short_ok,1,scan_doc,1
KCI_FI002097257,fail_block,12,33,0,0,1,1.0,0,short_ok,1,scan_doc,1
KCI_FI002097257,fail_block,13,33,0,0,1,1.0,0,short_ok,1,scan_doc,1
KCI_FI002097257,fail_block,14,33,0,0,1,1.0,0,short_ok,1,scan_doc,1
KCI_FI002097257,fail_block,15,33,0,0,1,1.0,0,short_ok,1,scan_doc,1
KCI_FI002097257,fail_block,16,33,0,0,1,1.0,0,short_ok,1,scan_doc,1
KCI_FI002097257,fail_block,17,33,0,0,1,1.0,0,short_ok,1,scan_doc,1
KCI_FI002097257,fail_block,18,33,0,0,1,1.0,0,short_ok,1,scan_doc,1
KCI_FI002097257,fail_block,19,33,0,0,1,1.0,0,short_ok,1,scan_doc,1
KCI_FI002097257,fail_block,20,33,0,0,1,1.0,0,short_ok,1,scan_doc,1
KCI_FI002097257,fail_block,21,33,0,0,1,1.0,0,short_ok,1,scan_doc,1
KCI_FI002097257,fail_block,22,33,0,0,1,1.0,0,short_ok,1,scan_doc,1
KCI_FI002097257,fail_block,23,33,0,0,1,1.0,0,short_ok,1,scan_doc,1
KCI_FI002097257,fail_block,24,33,0,0,1,1.0,0,short_ok,1,scan_doc,1
KCI_FI002097257,fail_block,25,33,0,0,1,1.0,0,short_ok,1,scan_doc,1
KCI_FI002097257,fail_block,26,33,0,0,1,1.0,0,short_ok,1,scan_doc,1
KCI_FI002097257,fail_block,27,33,0,0,1,1.0,0,short_ok,1,scan_doc,1
KCI_FI002097257,fail_block,28,33,0,0,1,1.0,0,short_ok,1,scan_doc,1
KCI_FI002097257,fail_block,29,33,0,0,1,1.0,0,short_ok,1,scan_doc,1
KCI_FI002097257,fail_block,30,33,0,0,1,1.0,0,short_ok,1,scan_doc,1
KCI_FI002097257,fail_block,31,33,0,0,1,1.0,0,short_ok,1,scan_doc,1
KCI_FI002097257,fail_block,32,33,0,0,1,1.0,0,short_ok,1,scan_doc,1
KCI_FI002097257,fail_block,33,33,0,0,1,1.0,0,short_ok,1,scan_doc,1
KCI_FI002097257,fail_block,34,33,0,0,1,1.0,0,short_ok,1,scan_doc,1
KCI_FI002097257,fail_block,35,33,0,0,1,1.0,0,short_ok,1,scan_doc,1
KCI_FI002097257,fail_block,36,33,0,0,1,1.0,0,short_ok,1,scan_doc,1
KCI_FI002097257,fail_block,37,33,0,0,1,1.0,0,short_ok,1,scan_doc,1
KCI_FI002097257,fail_block,38,33,0,0,1,1.0,0,short_ok,1,scan_doc,1
KCI_FI002097257,fail_block,39,33,0,0,1,1.0,0,short_ok,1,scan_doc,1
KCI_FI002097257,fail_block,40,33,0,0,1,1.0,0,short_ok,1,scan_doc,1
KCI_FI002097257,fail_block,41,33,0,0,1,1.0,0,short_ok,1,scan_doc,1
KCI_FI002097257,fail_block,42,33,0,0,1,1.0,0,short_ok,1,scan_doc,1
KCI_FI002097257,fail_block,43,33,0,0,1,1.0,0,short_ok,1,scan_doc,1
KCI_FI002097257,fail_block,44,33,0,0,1,1.0,0,short_ok,1,scan_doc,1
KCI_FI002097257,fail_block,45,33,0,0,1,1.0,0,short_ok,1,scan_doc,1
KCI_FI002097257,fail_block,46,33,0,0,1,1.0,0,short_ok,1,scan_doc,1
KCI_FI002097257,fail_block,47,33,0,0,1,1.0,0,short_ok,1,scan_doc,1
KCI_FI002097257,fail_block,48,33,0,0,1,1.0,0,short_ok,1,scan_doc,1
KCI_FI002097257,fail_block,49,33,0,0,1,1.0,0,short_ok,1,scan_doc,1
KCI_FI002097257,fail_block,50,33,0,0,1,1.0,0,short_ok,1,scan_doc,1
KCI_FI002097257,fail_block,51,33,0,0,1,1.0,0,short_ok,1,scan_doc,1
KCI_FI002097257,fail_block,52,33,0,0,1,1.0,0,short_ok,1,scan_doc,1
KCI_FI002097257,fail_block,53,33,0,0,1,1.0,0,short_ok,1,scan_doc,1
KCI_FI002097257,fail_block,54,33,0,0,1,1.0,0,short_ok,1,scan_doc,1
KCI_FI002097257,fail_block,55,33,0,0,1,1.0,0,short_ok,1,scan_doc,1
KCI_FI002097257,fail_block,56,33,0,0,1,1.0,0,short_ok,1,scan_doc,1
KCI_FI002097257,fail_block,57,33,0,0,1,1.0,0,short_ok,1,scan_doc,1
KCI_FI002097257,fail_block,58,33,0,0,1,1.0,0,short_ok,1,scan_doc,1
KCI_FI002097257,fail_block,59,33,0,0,1,1.0,0,short_ok,1,scan_doc,1
KCI_FI002097257,fail_block,60,33,0,0,1,1.0,0,short_ok,1,scan_doc,1
KCI_FI002097260,fail_block,0,33,0,0,1,1.0,0,short_ok,1,scan_doc,1
KCI_FI002097260,fail_block,1,33,0,0,1,1.0,0,short_ok,1,scan_doc,1
KCI_FI002097260,fail_block,2,33,0,0,1,1.0,0,short_ok,1,scan_doc,1
KCI_FI002097260,fail_block,3,33,0,0,1,1.0,0,short_ok,1,scan_doc,1
KCI_FI002097260,fail_block,4,33,0,0,1,1.0,0,short_ok,1,scan_doc,1
KCI_FI002097260,fail_block,5,33,0,0,1,1.0,0,short_ok,1,scan_doc,1
KCI_FI002097260,fail_block,6,33,0,0,1,1.0,0,short_ok,1,scan_doc,1
KCI_FI002097260,fail_block,7,33,0,0,1,1.0,0,short_ok,1,scan_doc,1
KCI_FI002097260,fail_block,8,33,0,0,1,1.0,0,short_ok,1,scan_doc,1
KCI_FI002097260,fail_block,9,33,0,0,1,1.0,0,short_ok,1,scan_doc,1
KCI_FI002097260,fail_block,10,33,0,0,1,1.0,0,short_ok,1,scan_doc,1
KCI_FI002097260,fail_block,11,33,0,0,1,1.0,0,short_ok,1,scan_doc,1
KCI_FI002097260,fail_block,12,33,0,0,1,1.0,0,short_ok,1,scan_doc,1
KCI_FI002097260,fail_block,13,33,0,0,1,1.0,0,short_ok,1,scan_doc,1
KCI_FI002097260,fail_block,14,33,0,0,1,1.0,0,short_ok,1,scan_doc,1
KCI_FI002097260,fail_block,15,33,0,0,1,1.0,0,short_ok,1,scan_doc,1
KCI_FI002097260,fail_block,16,33,0,0,1,1.0,0,short_ok,1,scan_doc,1
KCI_FI002097260,fail_block,17,33,0,0,1,1.0,0,short_ok,1,scan_doc,1
KCI_FI002025278,fail_block,0,33,0,0,1,1.0,0,short_ok,1,scan_doc,1
KCI_FI002025278,fail_block,1,33,0,0,1,1.0,0,short_ok,1,scan_doc,1
KCI_FI002025278,fail_block,2,33,0,0,1,1.0,0,short_ok,1,scan_doc,1
KCI_FI002025278,fail_block,3,33,0,0,1,1.0,0,short_ok,1,scan_doc,1
KCI_FI002025278,fail_block,4,33,0,0,1,1.0,0,short_ok,1,scan_doc,1
KCI_FI002025278,fail_block,5,33,0,0,1,1.0,0,short_ok,1,scan_doc,1
KCI_FI002025278,fail_block,6,33,0,0,1,1.0,0,short_ok,1,scan_doc,1
KCI_FI002025278,fail_block,7,33,0,0,1,1.0,0,short_ok,1,scan_doc,1
KCI_FI002025278,fail_block,8,33,0,0,1,1.0,0,short_ok,1,scan_doc,1
KCI_FI002025278,fail_block,9,33,0,0,1,1.0,0,short_ok,1,scan_doc,1
KCI_FI002025278,fail_block,10,33,0,0,1,1.0,0,short_ok,1,scan_doc,1
KCI_FI002025278,fail_block,11,33,0,0,1,1.0,0,short_ok,1,scan_doc,1
KCI_FI002025278,fail_block,12,33,0,0,1,1.0,0,short_ok,1,scan_doc,1
KCI_FI002025278,fail_block,13,33,0,0,1,1.0,0,short_ok,1,scan_doc,1
KCI_FI002025278,fail_block,14,33,0,0,1,1.0,0,short_ok,1,scan_doc,1
KCI_FI002025278,fail_block,15,33,0,0,1,1.0,0,short_ok,1,scan_doc,1
KCI_FI002025278,fail_block,16,33,0,0,1,1.0,0,short_ok,1,scan_doc,1
KCI_FI002025278,fail_block,17,33,0,0,1,1.0,0,short_ok,1,scan_doc,1
KCI_FI002025278,fail_block,18,33,0,0,1,1.0,0,short_ok,1,scan_doc,1
KCI_FI002025278,fail_block,19,33,0,0,1,1.0,0,short_ok,1,scan_doc,1
KCI_FI002025278,fail_block,20,33,0,0,1,1.0,0,short_ok,1,scan_doc,1
KCI_FI002025278,fail_block,21,33,0,0,1,1.0,0,short_ok,1,scan_doc,1
KCI_FI002025275,fail_block,0,33,0,0,1,1.0,0,short_ok,1,scan_doc,1
KCI_FI002025275,fail_block,1,33,0,0,1,1.0,0,short_ok,1,scan_doc,1
KCI_FI002025275,fail_block,2,33,0,0,1,1.0,0,short_ok,1,scan_doc,1
KCI_FI002025275,fail_block,3,33,0,0,1,1.0,0,short_ok,1,scan_doc,1
KCI_FI002025275,fail_block,4,33,0,0,1,1.0,0,short_ok,1,scan_doc,1
KCI_FI002025275,fail_block,5,33,0,0,1,1.0,0,short_ok,1,scan_doc,1
KCI_FI002025275,fail_block,6,33,0,0,1,1.0,0,short_ok,1,scan_doc,1
KCI_FI002025275,fail_block,7,33,0,0,1,1.0,0,short_ok,1,scan_doc,1
KCI_FI002025275,fail_block,8,33,0,0,1,1.0,0,short_ok,1,scan_doc,1
KCI_FI002025275,fail_block,9,33,0,0,1,1.0,0,short_ok,1,scan_doc,1
KCI_FI002025275,fail_block,10,33,0,0,1,1.0,0,short_ok,1,scan_doc,1
KCI_FI002025275,fail_block,11,33,0,0,1,1.0,0,short_ok,1,scan_doc,1
KCI_FI002025267,fail_block,0,33,0,0,1,1.0,0,short_ok,1,scan_doc,1
KCI_FI002025267,fail_block,1,33,0,0,1,1.0,0,short_ok,1,scan_doc,1
KCI_FI002025267,fail_block,2,33,0,0,1,1.0,0,short_ok,1,scan_doc,1
KCI_FI002025267,fail_block,3,33,0,0,1,1.0,0,short_ok,1,scan_doc,1
KCI_FI002025267,fail_block,4,33,0,0,1,1.0,0,short_ok,1,scan_doc,1
KCI_FI002025267,fail_block,5,33,0,0,1,1.0,0,short_ok,1,scan_doc,1
KCI_FI002025267,fail_block,6,33,0,0,1,1.0,0,short_ok,1,scan_doc,1
KCI_FI002025267,fail_block,7,33,0,0,1,1.0,0,short_ok,1,scan_doc,1
KCI_FI002025267,fail_block,8,33,0,0,1,1.0,0,short_ok,1,scan_doc,1
KCI_FI002025267,fail_block,9,33,0,0,1,1.0,0,short_ok,1,scan_doc,1
KCI_FI002025267,fail_block,10,33,0,0,1,1.0,0,short_ok,1,scan_doc,1
KCI_FI002025267,fail_block,11,33,0,0,1,1.0,0,short_ok,1,scan_doc,1
KCI_FI002025267,fail_block,12,33,0,0,1,1.0,0,short_ok,1,scan_doc,1
KCI_FI002025270,fail_block,0,33,0,0,1,1.0,0,short_ok,1,scan_doc,1
KCI_FI002025270,fail_block,1,33,0,0,1,1.0,0,short_ok,1,scan_doc,1
KCI_FI002025270,fail_block,2,33,0,0,1,1.0,0,short_ok,1,scan_doc,1
KCI_FI002025270,fail_block,3,33,0,0,1,1.0,0,short_ok,1,scan_doc,1
KCI_FI002025270,fail_block,4,33,0,0,1,1.0,0,short_ok,1,scan_doc,1
KCI_FI002025270,fail_block,5,33,0,0,1,1.0,0,short_ok,1,scan_doc,1
KCI_FI002025270,fail_block,6,33,0,0,1,1.0,0,short_ok,1,scan_doc,1
KCI_FI002025273,fail_block,0,33,0,0,1,1.0,0,short_ok,1,scan_doc,1
KCI_FI002025273,fail_block,1,33,0,0,1,1.0,0,short_ok,1,scan_doc,1
KCI_FI002025273,fail_block,2,33,0,0,1,1.0,0,short_ok,1,scan_doc,1
KCI_FI002025273,fail_block,3,33,0,0,1,1.0,0,short_ok,1,scan_doc,1
KCI_FI002025273,fail_block,4,33,0,0,1,1.0,0,short_ok,1,scan_doc,1
KCI_FI002025273,fail_block,5,33,0,0,1,1.0,0,short_ok,1,scan_doc,1
KCI_FI002025273,fail_block,6,33,0,0,1,1.0,0,short_ok,1,scan_doc,1
KCI_FI002025273,fail_block,7,33,0,0,1,1.0,0,short_ok,1,scan_doc,1
KCI_FI002025273,fail_block,8,33,0,0,1,1.0,0,short_ok,1,scan_doc,1
KCI_FI002025273,fail_block,9,33,0,0,1,1.0,0,short_ok,1,scan_doc,1
KCI_FI002025273,fail_block,10,33,0,0,1,1.0,0,short_ok,1,scan_doc,1
KCI_FI002025273,fail_block,11,33,0,0,1,1.0,0,short_ok,1,scan_doc,1
KCI_FI002025273,fail_block,12,33,0,0,1,1.0,0,short_ok,1,scan_doc,1
KCI_FI002025273,fail_block,13,33,0,0,1,1.0,0,short_ok,1,scan_doc,1
KCI_FI002025273,fail_block,14,33,0,0,1,1.0,0,short_ok,1,scan_doc,1
KCI_FI002025273,fail_block,15,33,0,0,1,1.0,0,short_ok,1,scan_doc,1
KCI_FI002025273,fail_block,16,33,0,0,1,1.0,0,short_ok,1,scan_doc,1
KCI_FI002025273,fail_block,17,33,0,0,1,1.0,0,short_ok,1,scan_doc,1
KCI_FI002025273,fail_block,18,33,0,0,1,1.0,0,short_ok,1,scan_doc,1
KCI_FI002025273,fail_block,19,33,0,0,1,1.0,0,short_ok,1,scan_doc,1
KCI_FI002025273,fail_block,20,33,0,0,1,1.0,0,short_ok,1,scan_doc,1
KCI_FI002025276,fail_block,0,33,0,0,1,1.0,0,short_ok,1,scan_doc,1
KCI_FI002025276,fail_block,1,33,0,0,1,1.0,0,short_ok,1,scan_doc,1
KCI_FI002025276,fail_block,2,33,0,0,1,1.0,0,short_ok,1,scan_doc,1
KCI_FI002025276,fail_block,3,33,0,0,1,1.0,0,short_ok,1,scan_doc,1
KCI_FI002025276,fail_block,4,33,0,0,1,1.0,0,short_ok,1,scan_doc,1
KCI_FI002025276,fail_block,5,33,0,0,1,1.0,0,short_ok,1,scan_doc,1
KCI_FI002025276,fail_block,6,33,0,0,1,1.0,0,short_ok,1,scan_doc,1
KCI_FI002025276,fail_block,7,33,0,0,1,1.0,0,short_ok,1,scan_doc,1
KCI_FI002025276,fail_block,8,33,0,0,1,1.0,0,short_ok,1,scan_doc,1
KCI_FI002025276,fail_block,9,33,0,0,1,1.0,0,short_ok,1,scan_doc,1
KCI_FI002025276,fail_block,10,33,0,0,1,1.0,0,short_ok,1,scan_doc,1
KCI_FI002025276,fail_block,11,33,0,0,1,1.0,0,short_ok,1,scan_doc,1
KCI_FI002025276,fail_block,12,33,0,0,1,1.0,0,short_ok,1,scan_doc,1
KCI_FI002025276,fail_block,13,33,0,0,1,1.0,0,short_ok,1,scan_doc,1
KCI_FI002025276,fail_block,14,33,0,0,1,1.0,0,short_ok,1,scan_doc,1
KCI_FI002025276,fail_block,15,33,0,0,1,1.0,0,short_ok,1,scan_doc,1
KCI_FI002025282,fail_block,0,33,0,0,1,1.0,0,short_ok,1,scan_doc,1
KCI_FI002025282,fail_block,1,33,0,0,1,1.0,0,short_ok,1,scan_doc,1
KCI_FI002025282,fail_block,2,33,0,0,1,1.0,0,short_ok,1,scan_doc,1
KCI_FI002025282,fail_block,3,33,0,0,1,1.0,0,short_ok,1,scan_doc,1
KCI_FI002025282,fail_block,4,33,0,0,1,1.0,0,short_ok,1,scan_doc,1
KCI_FI002025296,fail_block,0,33,0,0,1,1.0,0,short_ok,1,scan_doc,1
KCI_FI002025296,fail_block,1,33,0,0,1,1.0,0,short_ok,1,scan_doc,1
KCI_FI002025296,fail_block,2,33,0,0,1,1.0,0,short_ok,1,scan_doc,1
KCI_FI002025296,fail_block,3,33,0,0,1,1.0,0,short_ok,1,scan_doc,1
KCI_FI002025272,fail_block,0,33,0,0,1,1.0,0,short_ok,1,scan_doc,1
KCI_FI002025272,fail_block,1,33,0,0,1,1.0,0,short_ok,1,scan_doc,1
KCI_FI002025272,fail_block,2,33,0,0,1,1.0,0,short_ok,1,scan_doc,1
KCI_FI002025272,fail_block,3,33,0,0,1,1.0,0,short_ok,1,scan_doc,1
KCI_FI002025272,fail_block,4,33,0,0,1,1.0,0,short_ok,1,scan_doc,1
KCI_FI002025272,fail_block,5,33,0,0,1,1.0,0,short_ok,1,scan_doc,1
KCI_FI002025272,fail_block,6,33,0,0,1,1.0,0,short_ok,1,scan_doc,1
KCI_FI002025272,fail_block,7,33,0,0,1,1.0,0,short_ok,1,scan_doc,1
KCI_FI002025272,fail_block,8,33,0,0,1,1.0,0,short_ok,1,scan_doc,1
KCI_FI002025272,fail_block,9,33,0,0,1,1.0,0,short_ok,1,scan_doc,1
KCI_FI002025272,fail_block,10,33,0,0,1,1.0,0,short_ok,1,scan_doc,1
KCI_FI002025272,fail_block,11,33,0,0,1,1.0,0,short_ok,1,scan_doc,1
KCI_FI002025272,fail_block,12,33,0,0,1,1.0,0,short_ok,1,scan_doc,1
KCI_FI002025272,fail_block,13,33,0,0,1,1.0,0,short_ok,1,scan_doc,1
KCI_FI002025272,fail_block,14,33,0,0,1,1.0,0,short_ok,1,scan_doc,1
KCI_FI002025272,fail_block,15,33,0,0,1,1.0,0,short_ok,1,scan_doc,1
KCI_FI002025272,fail_block,16,33,0,0,1,1.0,0,short_ok,1,scan_doc,1
KCI_FI002025272,fail_block,17,33,0,0,1,1.0,0,short_ok,1,scan_doc,1
KCI_FI002025272,fail_block,18,33,0,0,1,1.0,0,short_ok,1,scan_doc,1
KCI_FI002025280,fail_block,0,33,0,0,1,1.0,0,short_ok,1,scan_doc,1
KCI_FI002025280,fail_block,1,33,0,0,1,1.0,0,short_ok,1,scan_doc,1
KCI_FI002025280,fail_block,2,33,0,0,1,1.0,0,short_ok,1,scan_doc,1
KCI_FI002025280,fail_block,3,33,0,0,1,1.0,0,short_ok,1,scan_doc,1
KCI_FI002025280,fail_block,4,33,0,0,1,1.0,0,short_ok,1,scan_doc,1
KCI_FI002025280,fail_block,5,33,0,0,1,1.0,0,short_ok,1,scan_doc,1
KCI_FI002025280,fail_block,6,33,0,0,1,1.0,0,short_ok,1,scan_doc,1
KCI_FI002025280,fail_block,7,33,0,0,1,1.0,0,short_ok,1,scan_doc,1
KCI_FI002025280,fail_block,8,33,0,0,1,1.0,0,short_ok,1,scan_doc,1
KCI_FI002025280,fail_block,9,33,0,0,1,1.0,0,short_ok,1,scan_doc,1
KCI_FI002025280,fail_block,10,33,0,0,1,1.0,0,short_ok,1,scan_doc,1
KCI_FI002025280,fail_block,11,33,0,0,1,1.0,0,short_ok,1,scan_doc,1
KCI_FI002025280,fail_block,12,33,0,0,1,1.0,0,short_ok,1,scan_doc,1
KCI_FI002025280,fail_block,13,33,0,0,1,1.0,0,short_ok,1,scan_doc,1
KCI_FI002025280,fail_block,14,33,0,0,1,1.0,0,short_ok,1,scan_doc,1
KCI_FI002025280,fail_block,15,33,0,0,1,1.0,0,short_ok,1,scan_doc,1
KCI_FI002025280,fail_block,16,33,0,0,1,1.0,0,short_ok,1,scan_doc,1
KCI_FI002025280,fail_block,17,33,0,0,1,1.0,0,short_ok,1,scan_doc,1
KCI_FI002025280,fail_block,18,33,0,0,1,1.0,0,short_ok,1,scan_doc,1
KCI_FI002025280,fail_block,19,33,0,0,1,1.0,0,short_ok,1,scan_doc,1
KCI_FI002025280,fail_block,20,33,0,0,1,1.0,0,short_ok,1,scan_doc,1
KCI_FI002025280,fail_block,21,33,0,0,1,1.0,0,short_ok,1,scan_doc,1
KCI_FI002025280,fail_block,22,33,0,0,1,1.0,0,short_ok,1,scan_doc,1
KCI_FI002025293,fail_block,0,33,0,0,1,1.0,0,short_ok,1,scan_doc,1
KCI_FI002025293,fail_block,1,33,0,0,1,1.0,0,short_ok,1,scan_doc,1
KCI_FI002025293,fail_block,2,33,0,0,1,1.0,0,short_ok,1,scan_doc,1
KCI_FI002025293,fail_block,3,33,0,0,1,1.0,0,short_ok,1,scan_doc,1
KCI_FI002025293,fail_block,4,33,0,0,1,1.0,0,short_ok,1,scan_doc,1
KCI_FI002025293,fail_block,5,33,0,0,1,1.0,0,short_ok,1,scan_doc,1
KCI_FI002025293,fail_block,6,33,0,0,1,1.0,0,short_ok,1,scan_doc,1
KCI_FI002025293,fail_block,7,33,0,0,1,1.0,0,short_ok,1,scan_doc,1
KCI_FI002025293,fail_block,8,33,0,0,1,1.0,0,short_ok,1,scan_doc,1
KCI_FI002025293,fail_block,9,33,0,0,1,1.0,0,short_ok,1,scan_doc,1
KCI_FI002025293,fail_block,10,33,0,0,1,1.0,0,short_ok,1,scan_doc,1
KCI_FI002025293,fail_block,11,33,0,0,1,1.0,0,short_ok,1,scan_doc,1
KCI_FI002025293,fail_block,12,33,0,0,1,1.0,0,short_ok,1,scan_doc,1
KCI_FI002025293,fail_block,13,33,0,0,1,1.0,0,short_ok,1,scan_doc,1
KCI_FI002025293,fail_block,14,33,0,0,1,1.0,0,short_ok,1,scan_doc,1
KCI_FI002025293,fail_block,15,33,0,0,1,1.0,0,short_ok,1,scan_doc,1
KCI_FI002025293,fail_block,16,33,0,0,1,1.0,0,short_ok,1,scan_doc,1
KCI_FI002025293,fail_block,17,33,0,0,1,1.0,0,short_ok,1,scan_doc,1
KCI_FI002025293,fail_block,18,33,0,0,1,1.0,0,short_ok,1,scan_doc,1
KCI_FI002025293,fail_block,19,33,0,0,1,1.0,0,short_ok,1,scan_doc,1
KCI_FI002025297,fail_block,0,33,0,0,1,1.0,0,short_ok,1,scan_doc,1
KCI_FI002025297,fail_block,1,33,0,0,1,1.0,0,short_ok,1,scan_doc,1
KCI_FI002025297,fail_block,2,33,0,0,1,1.0,0,short_ok,1,scan_doc,1
KCI_FI002025297,fail_block,3,33,0,0,1,1.0,0,short_ok,1,scan_doc,1
KCI_FI002025297,fail_block,4,33,0,0,1,1.0,0,short_ok,1,scan_doc,1
KCI_FI002025297,fail_block,5,33,0,0,1,1.0,0,short_ok,1,scan_doc,1
KCI_FI002025297,fail_block,6,33,0,0,1,1.0,0,short_ok,1,scan_doc,1
KCI_FI002025299,fail_block,0,33,0,0,1,1.0,0,short_ok,1,scan_doc,1
KCI_FI002025299,fail_block,1,33,0,0,1,1.0,0,short_ok,1,scan_doc,1
KCI_FI002025299,fail_block,2,33,0,0,1,1.0,0,short_ok,1,scan_doc,1
KCI_FI002025299,fail_block,3,33,0,0,1,1.0,0,short_ok,1,scan_doc,1
KCI_FI002025299,fail_block,4,33,0,0,1,1.0,0,short_ok,1,scan_doc,1
KCI_FI002025299,fail_block,5,33,0,0,1,1.0,0,short_ok,1,scan_doc,1
KCI_FI002025299,fail_block,6,33,0,0,1,1.0,0,short_ok,1,scan_doc,1
KCI_FI002025299,fail_block,7,33,0,0,1,1.0,0,short_ok,1,scan_doc,1
KCI_FI002025299,fail_block,8,33,0,0,1,1.0,0,short_ok,1,scan_doc,1
KCI_FI002025299,fail_block,9,33,0,0,1,1.0,0,short_ok,1,scan_doc,1
KCI_FI002025299,fail_block,10,33,0,0,1,1.0,0,short_ok,1,scan_doc,1
KCI_FI002025299,fail_block,11,33,0,0,1,1.0,0,short_ok,1,scan_doc,1
KCI_FI002025299,fail_block,12,33,0,0,1,1.0,0,short_ok,1,scan_doc,1
KCI_FI002025299,fail_block,13,33,0,0,1,1.0,0,short_ok,1,scan_doc,1
KCI_FI002025299,fail_block,14,33,0,0,1,1.0,0,short_ok,1,scan_doc,1
KCI_FI002025299,fail_block,15,33,0,0,1,1.0,0,short_ok,1,scan_doc,1
KCI_FI002025299,fail_block,16,33,0,0,1,1.0,0,short_ok,1,scan_doc,1
KCI_FI002025299,fail_block,17,33,0,0,1,1.0,0,short_ok,1,scan_doc,1
KCI_FI002025299,fail_block,18,33,0,0,1,1.0,0,short_ok,1,scan_doc,1
KCI_FI002025299,fail_block,19,33,0,0,1,1.0,0,short_ok,1,scan_doc,1
KCI_FI002025299,fail_block,20,33,0,0,1,1.0,0,short_ok,1,scan_doc,1
KCI_FI002025299,fail_block,21,33,0,0,1,1.0,0,short_ok,1,scan_doc,1
KCI_FI002025299,fail_block,22,33,0,0,1,1.0,0,short_ok,1,scan_doc,1
KCI_FI002025299,fail_block,23,33,0,0,1,1.0,0,short_ok,1,scan_doc,1
KCI_FI002025299,fail_block,24,33,0,0,1,1.0,0,short_ok,1,scan_doc,1
KCI_FI002025299,fail_block,25,33,0,0,1,1.0,0,short_ok,1,scan_doc,1
KCI_FI002025299,fail_block,26,33,0,0,1,1.0,0,short_ok,1,scan_doc,1
KCI_FI002025299,fail_block,27,33,0,0,1,1.0,0,short_ok,1,scan_doc,1
KCI_FI002025299,fail_block,28,33,0,0,1,1.0,0,short_ok,1,scan_doc,1
KCI_FI002025299,fail_block,29,33,0,0,1,1.0,0,short_ok,1,scan_doc,1
KCI_FI002025299,fail_block,30,33,0,0,1,1.0,0,short_ok,1,scan_doc,1
KCI_FI002025299,fail_block,31,33,0,0,1,1.0,0,short_ok,1,scan_doc,1
KCI_FI002025299,fail_block,32,33,0,0,1,1.0,0,short_ok,1,scan_doc,1
KCI_FI002025299,fail_block,33,33,0,0,1,1.0,0,short_ok,1,scan_doc,1
KCI_FI002025299,fail_block,34,33,0,0,1,1.0,0,short_ok,1,scan_doc,1
KCI_FI002025299,fail_block,35,33,0,0,1,1.0,0,short_ok,1,scan_doc,1
KCI_FI002025299,fail_block,36,33,0,0,1,1.0,0,short_ok,1,scan_doc,1
KCI_FI002025299,fail_block,37,33,0,0,1,1.0,0,short_ok,1,scan_doc,1
KCI_FI002025299,fail_block,38,33,0,0,1,1.0,0,short_ok,1,scan_doc,1
KCI_FI002025299,fail_block,39,33,0,0,1,1.0,0,short_ok,1,scan_doc,1
KCI_FI002025299,fail_block,40,33,0,0,1,1.0,0,short_ok,1,scan_doc,1
KCI_FI002025299,fail_block,41,33,0,0,1,1.0,0,short_ok,1,scan_doc,1
KCI_FI002025299,fail_block,42,33,0,0,1,1.0,0,short_ok,1,scan_doc,1
KCI_FI002025299,fail_block,43,33,0,0,1,1.0,0,short_ok,1,scan_doc,1
KCI_FI002025299,fail_block,44,33,0,0,1,1.0,0,short_ok,1,scan_doc,1
KCI_FI002025299,fail_block,45,33,0,0,1,1.0,0,short_ok,1,scan_doc,1
KCI_FI002025279,fail_block,0,33,0,0,1,1.0,0,short_ok,1,scan_doc,1
KCI_FI002025279,fail_block,1,33,0,0,1,1.0,0,short_ok,1,scan_doc,1
KCI_FI002025279,fail_block,2,33,0,0,1,1.0,0,short_ok,1,scan_doc,1
KCI_FI002025279,fail_block,3,33,0,0,1,1.0,0,short_ok,1,scan_doc,1
KCI_FI002025279,fail_block,4,33,0,0,1,1.0,0,short_ok,1,scan_doc,1
KCI_FI002025279,fail_block,5,33,0,0,1,1.0,0,short_ok,1,scan_doc,1
KCI_FI002025279,fail_block,6,33,0,0,1,1.0,0,short_ok,1,scan_doc,1
KCI_FI002025279,fail_block,7,33,0,0,1,1.0,0,short_ok,1,scan_doc,1
KCI_FI002025279,fail_block,8,33,0,0,1,1.0,0,short_ok,1,scan_doc,1
KCI_FI002025279,fail_block,9,33,0,0,1,1.0,0,short_ok,1,scan_doc,1
KCI_FI002025279,fail_block,10,33,0,0,1,1.0,0,short_ok,1,scan_doc,1
KCI_FI002025279,fail_block,11,33,0,0,1,1.0,0,short_ok,1,scan_doc,1
KCI_FI002025279,fail_block,12,33,0,0,1,1.0,0,short_ok,1,scan_doc,1
KCI_FI002025279,fail_block,13,33,0,0,1,1.0,0,short_ok,1,scan_doc,1
KCI_FI002025279,fail_block,14,33,0,0,1,1.0,0,short_ok,1,scan_doc,1
KCI_FI002025246,fail_block,0,33,0,0,1,1.0,0,short_ok,1,scan_doc,1
KCI_FI002025246,fail_block,1,33,0,0,1,1.0,0,short_ok,1,scan_doc,1
KCI_FI002025246,fail_block,2,33,0,0,1,1.0,0,short_ok,1,scan_doc,1
KCI_FI002025246,fail_block,3,33,0,0,1,1.0,0,short_ok,1,scan_doc,1
KCI_FI002025246,fail_block,4,33,0,0,1,1.0,0,short_ok,1,scan_doc,1
KCI_FI002025246,fail_block,5,33,0,0,1,1.0,0,short_ok,1,scan_doc,1
KCI_FI002025246,fail_block,6,33,0,0,1,1.0,0,short_ok,1,scan_doc,1
KCI_FI002025246,fail_block,7,33,0,0,1,1.0,0,short_ok,1,scan_doc,1
KCI_FI002025246,fail_block,8,33,0,0,1,1.0,0,short_ok,1,scan_doc,1
KCI_FI002025246,fail_block,9,33,0,0,1,1.0,0,short_ok,1,scan_doc,1
KCI_FI002025246,fail_block,10,33,0,0,1,1.0,0,short_ok,1,scan_doc,1
KCI_FI002025246,fail_block,11,33,0,0,1,1.0,0,short_ok,1,scan_doc,1
KCI_FI002025246,fail_block,12,33,0,0,1,1.0,0,short_ok,1,scan_doc,1
KCI_FI002025246,fail_block,13,33,0,0,1,1.0,0,short_ok,1,scan_doc,1
KCI_FI001980244,pre2005,0,0,0,0,1,1.0,1,fitz0,1,fitz0,0
KCI_FI001980244,pre2005,1,0,0,0,1,1.0,1,fitz0,1,fitz0,0
KCI_FI001980244,pre2005,2,0,0,0,1,1.0,1,fitz0,1,fitz0,0
KCI_FI001980244,pre2005,3,0,0,0,1,1.0,1,fitz0,1,fitz0,0
KCI_FI001980244,pre2005,4,0,0,0,1,1.0,1,fitz0,1,fitz0,0
KCI_FI001980244,pre2005,5,0,0,0,1,1.0,1,fitz0,1,fitz0,0
KCI_FI001980244,pre2005,6,0,0,0,1,1.0,1,fitz0,1,fitz0,0
KCI_FI001980244,pre2005,7,0,0,0,1,1.0,1,fitz0,1,fitz0,0
KCI_FI001980244,pre2005,8,0,0,0,1,1.0,1,fitz0,1,fitz0,0
KCI_FI001980244,pre2005,9,0,0,0,1,1.0,1,fitz0,1,fitz0,0
KCI_FI001980244,pre2005,10,0,0,0,1,1.0,1,fitz0,1,fitz0,0
KCI_FI001980244,pre2005,11,0,0,0,1,1.0,1,fitz0,1,fitz0,0
KCI_FI001980244,pre2005,12,0,0,0,1,1.0,1,fitz0,1,fitz0,0
KCI_FI001980244,pre2005,13,0,0,0,1,1.0,1,fitz0,1,fitz0,0
KCI_FI001980244,pre2005,14,0,0,0,1,1.0,1,fitz0,1,fitz0,0
KCI_FI001980244,pre2005,15,0,0,0,1,1.0,1,fitz0,1,fitz0,0
KCI_FI001980244,pre2005,16,0,0,0,1,1.0,1,fitz0,1,fitz0,0
KCI_FI001980244,pre2005,17,0,0,0,1,1.0,1,fitz0,1,fitz0,0
KCI_FI001980244,pre2005,18,0,0,0,1,1.0,1,fitz0,1,fitz0,0
KCI_FI001980244,pre2005,19,0,0,0,1,1.0,1,fitz0,1,fitz0,0
KCI_FI001980244,pre2005,20,0,0,0,1,1.0,1,fitz0,1,fitz0,0
KCI_FI001980244,pre2005,21,0,0,0,1,1.0,1,fitz0,1,fitz0,0
KCI_FI001980244,pre2005,22,0,0,0,1,1.0,1,fitz0,1,fitz0,0
KCI_FI001980244,pre2005,23,0,0,0,1,1.0,1,fitz0,1,fitz0,0
KCI_FI001980244,pre2005,24,0,0,0,1,1.0,1,fitz0,1,fitz0,0
KCI_FI001980244,pre2005,25,0,0,0,1,1.0,1,fitz0,1,fitz0,0
KCI_FI001980244,pre2005,26,0,0,0,1,1.0,1,fitz0,1,fitz0,0
KCI_FI001980244,pre2005,27,0,0,0,1,1.0,1,fitz0,1,fitz0,0
KCI_FI001980244,pre2005,28,0,0,0,1,1.0,1,fitz0,1,fitz0,0
KCI_FI001116659,pre2005,0,0,0,0,1,0.53,1,fitz0,1,fitz0,0
KCI_FI001116659,pre2005,1,0,0,0,1,0.38,1,fitz0,1,fitz0,0
KCI_FI000937498,pre2005,0,0,0,0,1,0.5,1,fitz0,1,fitz0,0
KCI_FI000937498,pre2005,2,671,322,322,0,,1,cmap,1,cmap,0
KCI_FI000937498,pre2005,4,1731,497,497,0,,1,cmap,1,cmap,0
KCI_FI000937498,pre2005,5,805,323,323,0,,1,cmap,1,cmap,0
KCI_FI000937498,pre2005,7,737,225,225,0,,1,cmap,1,cmap,0
KCI_FI000937498,pre2005,8,875,314,314,0,,1,cmap,1,cmap,0
KCI_FI000937498,pre2005,9,0,0,0,1,0.15,1,fitz0,1,fitz0,0
KCI_FI000961986,pre2005,2,0,0,0,1,0.27,1,fitz0,1,fitz0,0
KCI_FI000961986,pre2005,3,11,11,11,1,0.32,0,short_ok,1,scan_doc,1
KCI_FI000961986,pre2005,4,0,0,0,1,0.32,1,fitz0,1,fitz0,0
KCI_FI000961986,pre2005,5,0,0,0,1,0.29,1,fitz0,1,fitz0,0
KCI_FI000961986,pre2005,6,0,0,0,1,0.28,1,fitz0,1,fitz0,0
KCI_FI000961986,pre2005,7,0,0,0,1,0.27,1,fitz0,1,fitz0,0
KCI_FI000961986,pre2005,8,0,0,0,1,0.44,1,fitz0,1,fitz0,0
KCI_FI000961986,pre2005,9,0,0,0,1,0.27,1,fitz0,1,fitz0,0
KCI_FI000961986,pre2005,10,0,0,0,1,0.3,1,fitz0,1,fitz0,0
KCI_FI000961986,pre2005,11,0,0,0,1,0.25,1,fitz0,1,fitz0,0
KCI_FI000961986,pre2005,12,0,0,0,1,0.26,1,fitz0,1,fitz0,0
KCI_FI000961986,pre2005,13,0,0,0,1,0.27,1,fitz0,1,fitz0,0
KCI_FI000961986,pre2005,14,0,0,0,1,0.27,1,fitz0,1,fitz0,0
KCI_FI000961986,pre2005,15,0,0,0,1,0.33,1,fitz0,1,fitz0,0
KCI_FI000961986,pre2005,16,0,0,0,1,0.47,1,fitz0,1,fitz0,0
KCI_FI000961986,pre2005,17,0,0,0,1,0.3,1,fitz0,1,fitz0,0
KCI_FI000961986,pre2005,18,14,14,14,1,0.27,0,short_ok,1,scan_doc,1
KCI_FI000961986,pre2005,19,0,0,0,1,0.2,1,fitz0,1,fitz0,0
KCI_FI000961986,pre2005,20,0,0,0,1,0.32,1,fitz0,1,fitz0,0
KCI_FI000961986,pre2005,21,0,0,0,1,0.32,1,fitz0,1,fitz0,0
KCI_FI000961986,pre2005,22,0,0,0,1,0.29,1,fitz0,1,fitz0,0
KCI_FI000961986,pre2005,23,0,0,0,1,0.28,1,fitz0,1,fitz0,0
KCI_FI000961986,pre2005,24,0,0,0,1,0.32,1,fitz0,1,fitz0,0
KCI_FI000961986,pre2005,25,0,0,0,1,0.29,1,fitz0,1,fitz0,0
KCI_FI000961986,pre2005,26,0,0,0,1,0.34,1,fitz0,1,fitz0,0
KCI_FI000961986,pre2005,27,0,0,0,1,0.32,1,fitz0,1,fitz0,0
KCI_FI000961986,pre2005,28,0,0,0,1,0.36,1,fitz0,1,fitz0,0
KCI_FI000961986,pre2005,29,0,0,0,1,0.3,1,fitz0,1,fitz0,0
KCI_FI000961986,pre2005,30,0,0,0,1,0.4,1,fitz0,1,fitz0,0
KCI_FI000961986,pre2005,31,5,5,5,1,0.27,0,short_ok,1,scan_doc,1
KCI_FI000961986,pre2005,32,0,0,0,1,0.29,1,fitz0,1,fitz0,0
KCI_FI000961986,pre2005,33,0,0,0,1,0.22,1,fitz0,1,fitz0,0
KCI_FI000961986,pre2005,34,0,0,0,1,0.2,1,fitz0,1,fitz0,0
KCI_FI000961986,pre2005,35,0,0,0,1,0.21,1,fitz0,1,fitz0,0
KCI_FI000961986,pre2005,36,5,5,5,1,0.08,0,short_ok,1,scan_doc,1
KCI_FI002623278,pre2005,0,0,0,0,1,1.0,1,fitz0,1,fitz0,0
KCI_FI002623278,pre2005,1,0,0,0,1,1.0,1,fitz0,1,fitz0,0
KCI_FI002623278,pre2005,2,0,0,0,1,1.0,1,fitz0,1,fitz0,0
KCI_FI002623278,pre2005,3,0,0,0,1,1.0,1,fitz0,1,fitz0,0
KCI_FI002623278,pre2005,4,0,0,0,1,1.0,1,fitz0,1,fitz0,0
KCI_FI002623278,pre2005,5,0,0,0,1,1.0,1,fitz0,1,fitz0,0
KCI_FI002623278,pre2005,6,0,0,0,1,1.0,1,fitz0,1,fitz0,0
KCI_FI002623278,pre2005,7,0,0,0,1,1.0,1,fitz0,1,fitz0,0
KCI_FI002623278,pre2005,8,0,0,0,1,1.0,1,fitz0,1,fitz0,0
KCI_FI002623278,pre2005,9,0,0,0,1,1.0,1,fitz0,1,fitz0,0
KCI_FI002623278,pre2005,10,0,0,0,1,1.0,1,fitz0,1,fitz0,0
KCI_FI002623278,pre2005,11,0,0,0,1,1.0,1,fitz0,1,fitz0,0
KCI_FI002623278,pre2005,12,0,0,0,1,1.0,1,fitz0,1,fitz0,0
KCI_FI002623278,pre2005,13,0,0,0,1,1.0,1,fitz0,1,fitz0,0
KCI_FI002623278,pre2005,14,0,0,0,1,1.0,1,fitz0,1,fitz0,0
KCI_FI002623278,pre2005,15,0,0,0,1,1.0,1,fitz0,1,fitz0,0
KCI_FI002623278,pre2005,16,0,0,0,1,1.0,1,fitz0,1,fitz0,0
KCI_FI002623278,pre2005,17,0,0,0,1,1.0,1,fitz0,1,fitz0,0
KCI_FI002623278,pre2005,18,0,0,0,1,1.0,1,fitz0,1,fitz0,0
KCI_FI002623278,pre2005,19,0,0,0,1,1.0,1,fitz0,1,fitz0,0
KCI_FI002623278,pre2005,20,0,0,0,1,1.0,1,fitz0,1,fitz0,0
KCI_FI002623278,pre2005,21,0,0,0,1,1.0,1,fitz0,1,fitz0,0
KCI_FI002623278,pre2005,22,0,0,0,1,1.0,1,fitz0,1,fitz0,0
KCI_FI002623278,pre2005,23,0,0,0,1,1.0,1,fitz0,1,fitz0,0
KCI_FI002623278,pre2005,24,0,0,0,1,1.0,1,fitz0,1,fitz0,0
KCI_FI002623278,pre2005,25,0,0,0,1,1.0,1,fitz0,1,fitz0,0
KCI_FI002623278,pre2005,26,0,0,0,1,1.0,1,fitz0,1,fitz0,0
KCI_FI002623278,pre2005,27,0,0,0,1,1.0,1,fitz0,1,fitz0,0
KCI_FI002623278,pre2005,28,0,0,0,1,1.0,1,fitz0,1,fitz0,0
KCI_FI002623278,pre2005,29,0,0,0,1,1.0,1,fitz0,1,fitz0,0
KCI_FI002623278,pre2005,30,0,0,0,1,1.0,1,fitz0,1,fitz0,0
KCI_FI002623278,pre2005,31,0,0,0,1,1.0,1,fitz0,1,fitz0,0
KCI_FI002623278,pre2005,32,0,0,0,1,1.0,1,fitz0,1,fitz0,0
KCI_FI002623278,pre2005,33,0,0,0,1,1.0,1,fitz0,1,fitz0,0
KCI_FI002623278,pre2005,34,0,0,0,1,1.0,1,fitz0,1,fitz0,0
KCI_FI002623278,pre2005,35,0,0,0,1,1.0,1,fitz0,1,fitz0,0
KCI_FI002623278,pre2005,36,0,0,0,1,1.0,1,fitz0,1,fitz0,0
KCI_FI002623278,pre2005,37,0,0,0,1,1.0,1,fitz0,1,fitz0,0
KCI_FI002623278,pre2005,38,0,0,0,1,1.0,1,fitz0,1,fitz0,0
KCI_FI002623278,pre2005,39,0,0,0,1,1.0,1,fitz0,1,fitz0,0
KCI_FI000884204,pre2005,0,0,0,0,1,1.0,1,fitz0,1,fitz0,0
KCI_FI000884204,pre2005,1,0,0,0,1,1.0,1,fitz0,1,fitz0,0
KCI_FI000884204,pre2005,2,0,0,0,1,1.0,1,fitz0,1,fitz0,0
KCI_FI000884204,pre2005,3,0,0,0,1,1.0,1,fitz0,1,fitz0,0
KCI_FI000884204,pre2005,4,0,0,0,1,1.0,1,fitz0,1,fitz0,0
KCI_FI001112773,pre2005,0,0,0,0,1,0.44,1,fitz0,1,fitz0,0
KCI_FI001112773,pre2005,1,0,0,0,1,0.58,1,fitz0,1,fitz0,0
KCI_FI001112773,pre2005,2,0,0,0,1,0.47,1,fitz0,1,fitz0,0
KCI_FI001112773,pre2005,3,0,0,0,1,0.61,1,fitz0,1,fitz0,0
KCI_FI001112773,pre2005,4,0,0,0,1,0.51,1,fitz0,1,fitz0,0
KCI_FI001112773,pre2005,5,0,0,0,1,0.47,1,fitz0,1,fitz0,0
KCI_FI001112773,pre2005,6,0,0,0,1,0.56,1,fitz0,1,fitz0,0
KCI_FI001112773,pre2005,7,0,0,0,1,0.44,1,fitz0,1,fitz0,0
KCI_FI001112773,pre2005,8,0,0,0,1,0.42,1,fitz0,1,fitz0,0
KCI_FI001112773,pre2005,9,0,0,0,1,0.51,1,fitz0,1,fitz0,0
KCI_FI001112773,pre2005,10,0,0,0,1,0.44,1,fitz0,1,fitz0,0
KCI_FI001112773,pre2005,12,0,0,0,1,0.55,1,fitz0,1,fitz0,0
KCI_FI001112773,pre2005,13,0,0,0,1,0.55,1,fitz0,1,fitz0,0
KCI_FI001112773,pre2005,14,0,0,0,1,0.46,1,fitz0,1,fitz0,0
KCI_FI001112773,pre2005,15,0,0,0,1,0.45,1,fitz0,1,fitz0,0
KCI_FI001112773,pre2005,16,0,0,0,1,0.59,1,fitz0,1,fitz0,0
KCI_FI001112773,pre2005,17,0,0,0,1,0.22,1,fitz0,1,fitz0,0
KCI_FI001112773,pre2005,18,0,0,0,1,0.27,1,fitz0,1,fitz0,0
KCI_FI001112773,pre2005,19,0,0,0,1,0.08,1,fitz0,1,fitz0,0
KCI_FI002713651,pre2005,0,0,0,0,1,1.0,1,fitz0,1,fitz0,0
KCI_FI002713651,pre2005,1,0,0,0,1,1.0,1,fitz0,1,fitz0,0
KCI_FI002713651,pre2005,2,0,0,0,1,1.0,1,fitz0,1,fitz0,0
KCI_FI002713651,pre2005,3,0,0,0,1,1.0,1,fitz0,1,fitz0,0
KCI_FI002713651,pre2005,4,0,0,0,1,1.0,1,fitz0,1,fitz0,0
KCI_FI002713651,pre2005,5,0,0,0,1,1.0,1,fitz0,1,fitz0,0
KCI_FI002713651,pre2005,6,0,0,0,1,1.0,1,fitz0,1,fitz0,0
KCI_FI002713651,pre2005,7,0,0,0,1,1.0,1,fitz0,1,fitz0,0
KCI_FI002713651,pre2005,8,0,0,0,1,1.0,1,fitz0,1,fitz0,0
KCI_FI002713651,pre2005,9,0,0,0,1,1.0,1,fitz0,1,fitz0,0
KCI_FI002713651,pre2005,10,0,0,0,1,1.0,1,fitz0,1,fitz0,0
KCI_FI002713651,pre2005,11,0,0,0,1,1.0,1,fitz0,1,fitz0,0
KCI_FI002713651,pre2005,12,0,0,0,1,1.0,1,fitz0,1,fitz0,0
KCI_FI002713651,pre2005,13,0,0,0,1,1.0,1,fitz0,1,fitz0,0
KCI_FI002713651,pre2005,14,0,0,0,1,1.0,1,fitz0,1,fitz0,0
KCI_FI002713651,pre2005,15,0,0,0,1,1.0,1,fitz0,1,fitz0,0
KCI_FI002713651,pre2005,16,0,0,0,1,1.0,1,fitz0,1,fitz0,0
KCI_FI002713651,pre2005,17,0,0,0,1,1.0,1,fitz0,1,fitz0,0
KCI_FI002713651,pre2005,18,0,0,0,1,1.0,1,fitz0,1,fitz0,0
KCI_FI002713651,pre2005,19,0,0,0,1,1.0,1,fitz0,1,fitz0,0
KCI_FI002713651,pre2005,20,0,0,0,1,1.0,1,fitz0,1,fitz0,0
KCI_FI002713651,pre2005,21,0,0,0,1,1.0,1,fitz0,1,fitz0,0
KCI_FI002713651,pre2005,22,0,0,0,1,1.0,1,fitz0,1,fitz0,0
KCI_FI002713651,pre2005,23,0,0,0,1,1.0,1,fitz0,1,fitz0,0
KCI_FI002713651,pre2005,24,0,0,0,1,1.0,1,fitz0,1,fitz0,0
KCI_FI002713651,pre2005,25,0,0,0,1,1.0,1,fitz0,1,fitz0,0
KCI_FI002713651,pre2005,26,0,0,0,1,1.0,1,fitz0,1,fitz0,0
KCI_FI002713651,pre2005,27,0,0,0,1,1.0,1,fitz0,1,fitz0,0
KCI_FI002713651,pre2005,28,0,0,0,1,1.0,1,fitz0,1,fitz0,0
KCI_FI002713651,pre2005,29,0,0,0,1,1.0,1,fitz0,1,fitz0,0
KCI_FI002713651,pre2005,30,0,0,0,1,1.0,1,fitz0,1,fitz0,0
KCI_FI002713651,pre2005,31,0,0,0,1,1.0,1,fitz0,1,fitz0,0
KCI_FI002713651,pre2005,32,0,0,0,1,1.0,1,fitz0,1,fitz0,0
KCI_FI002713651,pre2005,33,0,0,0,1,1.0,1,fitz0,1,fitz0,0
KCI_FI000870623,pre2005,0,8,5,5,1,0.5,0,short_ok,1,scan_doc,1
KCI_FI000870623,pre2005,1,5,2,2,1,0.67,0,short_ok,1,scan_doc,1
KCI_FI000870623,pre2005,2,3,0,0,1,0.6,0,short_ok,1,scan_doc,1
KCI_FI000870623,pre2005,3,3,0,0,1,0.64,0,short_ok,1,scan_doc,1
KCI_FI000870623,pre2005,4,3,0,0,1,0.65,0,short_ok,1,scan_doc,1
KCI_FI000870623,pre2005,5,3,0,0,1,0.57,0,short_ok,1,scan_doc,1
KCI_FI000870623,pre2005,6,3,0,0,1,0.12,0,short_ok,1,scan_doc,1
KCI_FI000925471,pre2005,0,0,0,0,1,0.4,1,fitz0,1,fitz0,0
KCI_FI000925471,pre2005,1,0,0,0,1,0.58,1,fitz0,1,fitz0,0
KCI_FI000925471,pre2005,2,0,0,0,1,0.6,1,fitz0,1,fitz0,0
KCI_FI000925471,pre2005,3,0,0,0,1,0.58,1,fitz0,1,fitz0,0
KCI_FI000925471,pre2005,4,0,0,0,1,0.64,1,fitz0,1,fitz0,0
KCI_FI000925471,pre2005,5,0,0,0,1,0.59,1,fitz0,1,fitz0,0
KCI_FI000925471,pre2005,6,0,0,0,1,0.73,1,fitz0,1,fitz0,0
KCI_FI000925471,pre2005,7,0,0,0,1,0.72,1,fitz0,1,fitz0,0
KCI_FI000925471,pre2005,8,0,0,0,1,0.71,1,fitz0,1,fitz0,0
KCI_FI000925471,pre2005,9,0,0,0,1,0.6,1,fitz0,1,fitz0,0
KCI_FI000925471,pre2005,10,0,0,0,1,0.65,1,fitz0,1,fitz0,0
KCI_FI000925471,pre2005,11,0,0,0,1,0.53,1,fitz0,1,fitz0,0
KCI_FI000925471,pre2005,12,0,0,0,1,0.61,1,fitz0,1,fitz0,0
KCI_FI000925471,pre2005,13,0,0,0,1,0.54,1,fitz0,1,fitz0,0
KCI_FI000925471,pre2005,14,0,0,0,1,0.23,1,fitz0,1,fitz0,0
KCI_FI000925471,pre2005,15,0,0,0,1,0.57,1,fitz0,1,fitz0,0
KCI_FI000925471,pre2005,16,0,0,0,1,0.53,1,fitz0,1,fitz0,0
KCI_FI000925471,pre2005,17,0,0,0,1,0.48,1,fitz0,1,fitz0,0
KCI_FI000925471,pre2005,18,0,0,0,1,0.33,1,fitz0,1,fitz0,0
KCI_FI001360316,pre2005,0,0,0,0,1,1.0,1,fitz0,1,fitz0,0
KCI_FI001360316,pre2005,1,0,0,0,1,1.0,1,fitz0,1,fitz0,0
KCI_FI001360316,pre2005,2,0,0,0,1,1.0,1,fitz0,1,fitz0,0
KCI_FI001360316,pre2005,3,0,0,0,1,1.0,1,fitz0,1,fitz0,0
KCI_FI001360316,pre2005,4,0,0,0,1,1.0,1,fitz0,1,fitz0,0
KCI_FI001360316,pre2005,5,0,0,0,1,1.0,1,fitz0,1,fitz0,0
KCI_FI001360316,pre2005,6,0,0,0,1,1.0,1,fitz0,1,fitz0,0
KCI_FI001360316,pre2005,7,0,0,0,1,1.0,1,fitz0,1,fitz0,0
KCI_FI001360316,pre2005,8,0,0,0,1,1.0,1,fitz0,1,fitz0,0
KCI_FI001360316,pre2005,9,0,0,0,1,1.0,1,fitz0,1,fitz0,0
KCI_FI001360316,pre2005,10,0,0,0,1,1.0,1,fitz0,1,fitz0,0
KCI_FI001360316,pre2005,11,0,0,0,1,1.0,1,fitz0,1,fitz0,0
KCI_FI001360316,pre2005,12,0,0,0,1,1.0,1,fitz0,1,fitz0,0
KCI_FI001360316,pre2005,13,0,0,0,1,1.0,1,fitz0,1,fitz0,0
KCI_FI001360316,pre2005,14,0,0,0,1,1.0,1,fitz0,1,fitz0,0
KCI_FI001360316,pre2005,15,0,0,0,1,1.0,1,fitz0,1,fitz0,0
KCI_FI001360316,pre2005,16,0,0,0,1,1.0,1,fitz0,1,fitz0,0
KCI_FI001360316,pre2005,17,0,0,0,1,1.0,1,fitz0,1,fitz0,0
KCI_FI001360316,pre2005,18,0,0,0,1,1.0,1,fitz0,1,fitz0,0
KCI_FI001360316,pre2005,19,0,0,0,1,1.0,1,fitz0,1,fitz0,0
KCI_FI001360316,pre2005,20,0,0,0,1,1.0,1,fitz0,1,fitz0,0
KCI_FI001360316,pre2005,21,0,0,0,1,1.0,1,fitz0,1,fitz0,0
KCI_FI001360316,pre2005,22,0,0,0,1,1.0,1,fitz0,1,fitz0,0
KCI_FI001360316,pre2005,23,0,0,0,1,1.0,1,fitz0,1,fitz0,0
KCI_FI001360316,pre2005,24,0,0,0,1,1.0,1,fitz0,1,fitz0,0
KCI_FI001360316,pre2005,25,0,0,0,1,1.0,1,fitz0,1,fitz0,0
KCI_FI001360316,pre2005,26,0,0,0,1,1.0,1,fitz0,1,fitz0,0
KCI_FI000895213,pre2005,0,38,38,38,1,0.19,0,short_ok,1,scan_doc,1
KCI_FI000895213,pre2005,1,19,19,19,1,0.43,0,short_ok,1,scan_doc,1
KCI_FI000895213,pre2005,2,11,11,11,1,0.44,0,short_ok,1,scan_doc,1
KCI_FI000895213,pre2005,3,28,28,28,1,0.41,0,short_ok,1,scan_doc,1
KCI_FI000895213,pre2005,4,17,17,17,1,0.44,0,short_ok,1,scan_doc,1
KCI_FI000895213,pre2005,5,29,29,29,1,0.34,0,short_ok,1,scan_doc,1
KCI_FI000895213,pre2005,7,36,36,36,1,0.44,0,short_ok,1,scan_doc,1
KCI_FI000895213,pre2005,8,12,12,12,1,0.44,0,short_ok,1,scan_doc,1
KCI_FI000895213,pre2005,13,44,44,44,1,0.43,0,short_ok,1,scan_doc,1
KCI_FI000895213,pre2005,15,25,25,25,1,0.33,0,short_ok,1,scan_doc,1
KCI_FI000895213,pre2005,16,15,15,15,1,0.39,0,short_ok,1,scan_doc,1
KCI_FI000895213,pre2005,17,16,16,16,1,0.36,0,short_ok,1,scan_doc,1
KCI_FI000895213,pre2005,19,8,8,8,1,0.27,0,short_ok,1,scan_doc,1
KCI_FI000895213,pre2005,20,3,3,3,1,0.32,0,short_ok,1,scan_doc,1
KCI_FI000899340,pre2005,4,1487,562,562,0,,1,cmap,1,cmap,0
KCI_FI000899340,pre2005,5,2840,403,403,0,,1,cmap,1,cmap,0
KCI_FI001105974,pre2005,0,0,0,0,1,0.39,1,fitz0,1,fitz0,0
KCI_FI001105974,pre2005,1,0,0,0,1,0.43,1,fitz0,1,fitz0,0
KCI_FI001105974,pre2005,2,0,0,0,1,0.33,1,fitz0,1,fitz0,0
KCI_FI001105974,pre2005,3,0,0,0,1,0.45,1,fitz0,1,fitz0,0
KCI_FI001105974,pre2005,4,0,0,0,1,0.45,1,fitz0,1,fitz0,0
KCI_FI001105974,pre2005,5,0,0,0,1,0.42,1,fitz0,1,fitz0,0
KCI_FI001105974,pre2005,6,0,0,0,1,0.45,1,fitz0,1,fitz0,0
KCI_FI001105974,pre2005,7,0,0,0,1,0.42,1,fitz0,1,fitz0,0
KCI_FI001105974,pre2005,9,4,4,4,1,0.45,0,short_ok,1,scan_doc,1
KCI_FI001105974,pre2005,10,2,2,2,1,0.24,0,short_ok,1,scan_doc,1
KCI_FI001105974,pre2005,12,1,1,1,1,0.37,0,short_ok,1,scan_doc,1
KCI_FI001105974,pre2005,13,0,0,0,1,0.45,1,fitz0,1,fitz0,0
KCI_FI001105974,pre2005,14,0,0,0,1,0.42,1,fitz0,1,fitz0,0
KCI_FI001105974,pre2005,15,0,0,0,1,0.44,1,fitz0,1,fitz0,0
KCI_FI001105974,pre2005,16,0,0,0,1,0.42,1,fitz0,1,fitz0,0
KCI_FI001105974,pre2005,17,0,0,0,1,0.41,1,fitz0,1,fitz0,0
KCI_FI001105974,pre2005,18,0,0,0,1,0.4,1,fitz0,1,fitz0,0
KCI_FI001105974,pre2005,19,0,0,0,1,0.39,1,fitz0,1,fitz0,0
KCI_FI001105974,pre2005,20,0,0,0,1,0.1,1,fitz0,1,fitz0,0
KCI_FI001105974,pre2005,21,0,0,0,1,0.29,1,fitz0,1,fitz0,0
KCI_FI000865575,pre2005,0,0,0,0,1,0.24,1,fitz0,1,fitz0,0
KCI_FI000865575,pre2005,1,3,3,3,1,0.53,0,short_ok,1,scan_doc,1
KCI_FI000865575,pre2005,2,0,0,0,1,0.48,1,fitz0,1,fitz0,0
KCI_FI000865575,pre2005,3,3,3,3,1,0.49,0,short_ok,1,scan_doc,1
KCI_FI000865575,pre2005,5,3,3,3,1,0.34,0,short_ok,1,scan_doc,1
KCI_FI000865575,pre2005,6,0,0,0,1,0.51,1,fitz0,1,fitz0,0
KCI_FI000949550,pre2005,0,0,0,0,1,0.29,1,fitz0,1,fitz0,0
KCI_FI000949550,pre2005,1,0,0,0,1,0.46,1,fitz0,1,fitz0,0
KCI_FI000949550,pre2005,2,0,0,0,1,0.45,1,fitz0,1,fitz0,0
KCI_FI000949550,pre2005,3,0,0,0,1,0.29,1,fitz0,1,fitz0,0
KCI_FI000949550,pre2005,4,0,0,0,1,0.44,1,fitz0,1,fitz0,0
KCI_FI000949550,pre2005,5,0,0,0,1,0.3,1,fitz0,1,fitz0,0
KCI_FI000949550,pre2005,7,0,0,0,1,0.29,1,fitz0,1,fitz0,0
KCI_FI000949550,pre2005,8,0,0,0,1,0.21,1,fitz0,1,fitz0,0
KCI_FI000949550,pre2005,9,0,0,0,1,0.4,1,fitz0,1,fitz0,0
KCI_FI000949550,pre2005,10,0,0,0,1,0.34,1,fitz0,1,fitz0,0
KCI_FI000949550,pre2005,11,0,0,0,1,0.33,1,fitz0,1,fitz0,0
KCI_FI001642023,pre2005,0,0,0,0,1,1.0,1,fitz0,1,fitz0,0
KCI_FI001642023,pre2005,1,0,0,0,1,1.0,1,fitz0,1,fitz0,0
KCI_FI001642023,pre2005,2,0,0,0,1,1.0,1,fitz0,1,fitz0,0
KCI_FI001642023,pre2005,3,0,0,0,1,1.0,1,fitz0,1,fitz0,0
KCI_FI001642023,pre2005,4,0,0,0,1,1.0,1,fitz0,1,fitz0,0
KCI_FI001642023,pre2005,5,0,0,0,1,1.0,1,fitz0,1,fitz0,0
KCI_FI001642023,pre2005,6,0,0,0,1,1.0,1,fitz0,1,fitz0,0
KCI_FI001642023,pre2005,7,0,0,0,1,1.0,1,fitz0,1,fitz0,0
KCI_FI001642023,pre2005,8,0,0,0,1,1.0,1,fitz0,1,fitz0,0
KCI_FI001642023,pre2005,9,0,0,0,1,1.0,1,fitz0,1,fitz0,0
KCI_FI001642023,pre2005,10,0,0,0,1,1.0,1,fitz0,1,fitz0,0
KCI_FI001642023,pre2005,11,0,0,0,1,1.0,1,fitz0,1,fitz0,0
KCI_FI001642023,pre2005,12,0,0,0,1,1.0,1,fitz0,1,fitz0,0
KCI_FI001642023,pre2005,13,0,0,0,1,1.0,1,fitz0,1,fitz0,0
KCI_FI001642023,pre2005,14,0,0,0,1,1.0,1,fitz0,1,fitz0,0
KCI_FI001642023,pre2005,15,0,0,0,1,1.0,1,fitz0,1,fitz0,0
KCI_FI001642023,pre2005,16,0,0,0,1,1.0,1,fitz0,1,fitz0,0
KCI_FI001642023,pre2005,17,0,0,0,1,1.0,1,fitz0,1,fitz0,0
KCI_FI001642023,pre2005,18,0,0,0,1,1.0,1,fitz0,1,fitz0,0
KCI_FI001642023,pre2005,19,0,0,0,1,1.0,1,fitz0,1,fitz0,0
KCI_FI001642023,pre2005,20,0,0,0,1,1.0,1,fitz0,1,fitz0,0
KCI_FI001642023,pre2005,21,0,0,0,1,1.0,1,fitz0,1,fitz0,0
KCI_FI001642023,pre2005,22,0,0,0,1,1.0,1,fitz0,1,fitz0,0
KCI_FI001642023,pre2005,23,0,0,0,1,1.0,1,fitz0,1,fitz0,0
KCI_FI001343434,pre2005,19,42,42,42,1,0.43,0,short_ok,0,short_ok,0
KCI_FI001343434,pre2005,27,22,22,22,1,0.5,0,short_ok,0,short_ok,0
KCI_FI001343434,pre2005,35,34,34,34,1,0.36,0,short_ok,0,short_ok,0
KCI_FI001343434,pre2005,36,16,16,16,1,0.47,0,short_ok,0,short_ok,0
KCI_FI003008235,pre2005,0,0,0,0,1,1.0,1,fitz0,1,fitz0,0
KCI_FI003008235,pre2005,1,0,0,0,1,1.0,1,fitz0,1,fitz0,0
KCI_FI003008235,pre2005,2,0,0,0,1,1.0,1,fitz0,1,fitz0,0
KCI_FI003008235,pre2005,3,0,0,0,1,1.0,1,fitz0,1,fitz0,0
KCI_FI003008235,pre2005,4,0,0,0,1,1.0,1,fitz0,1,fitz0,0
KCI_FI003008235,pre2005,5,0,0,0,1,1.0,1,fitz0,1,fitz0,0
KCI_FI003008235,pre2005,6,0,0,0,1,1.0,1,fitz0,1,fitz0,0
KCI_FI003008235,pre2005,7,0,0,0,1,1.0,1,fitz0,1,fitz0,0
KCI_FI003008235,pre2005,8,0,0,0,1,1.0,1,fitz0,1,fitz0,0
KCI_FI003008235,pre2005,9,0,0,0,1,1.0,1,fitz0,1,fitz0,0
KCI_FI003008235,pre2005,10,0,0,0,1,1.0,1,fitz0,1,fitz0,0
KCI_FI003008235,pre2005,11,0,0,0,1,1.0,1,fitz0,1,fitz0,0
KCI_FI003008235,pre2005,12,0,0,0,1,1.0,1,fitz0,1,fitz0,0
KCI_FI003008235,pre2005,13,0,0,0,1,1.0,1,fitz0,1,fitz0,0
KCI_FI003008235,pre2005,14,0,0,0,1,1.0,1,fitz0,1,fitz0,0
KCI_FI003008235,pre2005,15,0,0,0,1,1.0,1,fitz0,1,fitz0,0
KCI_FI003008235,pre2005,16,0,0,0,1,1.0,1,fitz0,1,fitz0,0
KCI_FI003008235,pre2005,17,0,0,0,1,1.0,1,fitz0,1,fitz0,0
KCI_FI003008235,pre2005,18,0,0,0,1,1.0,1,fitz0,1,fitz0,0
KCI_FI003008235,pre2005,19,0,0,0,1,1.0,1,fitz0,1,fitz0,0
KCI_FI003008235,pre2005,20,0,0,0,1,1.0,1,fitz0,1,fitz0,0
KCI_FI003008235,pre2005,21,0,0,0,1,1.0,1,fitz0,1,fitz0,0
KCI_FI003008235,pre2005,22,0,0,0,1,1.0,1,fitz0,1,fitz0,0
KCI_FI003008235,pre2005,23,0,0,0,1,1.0,1,fitz0,1,fitz0,0
KCI_FI003008235,pre2005,24,0,0,0,1,1.0,1,fitz0,1,fitz0,0
KCI_FI003008235,pre2005,25,0,0,0,1,1.0,1,fitz0,1,fitz0,0
KCI_FI003008235,pre2005,26,0,0,0,1,1.0,1,fitz0,1,fitz0,0
KCI_FI003008235,pre2005,27,0,0,0,1,1.0,1,fitz0,1,fitz0,0
KCI_FI003008235,pre2005,28,0,0,0,1,1.0,1,fitz0,1,fitz0,0
KCI_FI003008235,pre2005,29,0,0,0,1,1.0,1,fitz0,1,fitz0,0
KCI_FI003008235,pre2005,30,0,0,0,1,1.0,1,fitz0,1,fitz0,0
KCI_FI003008235,pre2005,31,0,0,0,1,1.0,1,fitz0,1,fitz0,0
KCI_FI003008235,pre2005,32,0,0,0,1,1.0,1,fitz0,1,fitz0,0
KCI_FI003008235,pre2005,33,0,0,0,1,1.0,1,fitz0,1,fitz0,0
KCI_FI003008235,pre2005,34,0,0,0,1,1.0,1,fitz0,1,fitz0,0
KCI_FI003008235,pre2005,35,0,0,0,1,1.0,1,fitz0,1,fitz0,0
KCI_FI003008235,pre2005,36,0,0,0,1,1.0,1,fitz0,1,fitz0,0
KCI_FI003008235,pre2005,37,0,0,0,1,1.0,1,fitz0,1,fitz0,0
KCI_FI003008235,pre2005,38,0,0,0,1,1.0,1,fitz0,1,fitz0,0
KCI_FI003008235,pre2005,39,0,0,0,1,1.0,1,fitz0,1,fitz0,0
KCI_FI003008235,pre2005,40,0,0,0,1,1.0,1,fitz0,1,fitz0,0
KCI_FI003008235,pre2005,41,0,0,0,1,1.0,1,fitz0,1,fitz0,0
KCI_FI003008235,pre2005,42,0,0,0,1,1.0,1,fitz0,1,fitz0,0
KCI_FI001632046,pre2005,0,0,0,0,1,1.0,1,fitz0,1,fitz0,0
KCI_FI001632046,pre2005,1,0,0,0,1,1.0,1,fitz0,1,fitz0,0
KCI_FI001632046,pre2005,2,0,0,0,1,1.0,1,fitz0,1,fitz0,0
KCI_FI001632046,pre2005,3,0,0,0,1,1.0,1,fitz0,1,fitz0,0
KCI_FI001632046,pre2005,4,0,0,0,1,1.0,1,fitz0,1,fitz0,0
KCI_FI001632046,pre2005,5,0,0,0,1,1.0,1,fitz0,1,fitz0,0
KCI_FI001632046,pre2005,6,0,0,0,1,1.0,1,fitz0,1,fitz0,0
KCI_FI001632046,pre2005,7,0,0,0,1,1.0,1,fitz0,1,fitz0,0
KCI_FI001632046,pre2005,8,0,0,0,1,1.0,1,fitz0,1,fitz0,0
KCI_FI001632046,pre2005,9,0,0,0,1,1.0,1,fitz0,1,fitz0,0
KCI_FI001632046,pre2005,10,0,0,0,1,1.0,1,fitz0,1,fitz0,0
KCI_FI001632046,pre2005,11,0,0,0,1,1.0,1,fitz0,1,fitz0,0
KCI_FI001632046,pre2005,12,0,0,0,1,1.0,1,fitz0,1,fitz0,0
KCI_FI001632046,pre2005,13,0,0,0,1,1.0,1,fitz0,1,fitz0,0
KCI_FI001632046,pre2005,14,0,0,0,1,1.0,1,fitz0,1,fitz0,0
KCI_FI001632046,pre2005,15,0,0,0,1,1.0,1,fitz0,1,fitz0,0
KCI_FI001632046,pre2005,16,0,0,0,1,1.0,1,fitz0,1,fitz0,0
KCI_FI001632046,pre2005,17,0,0,0,1,1.0,1,fitz0,1,fitz0,0
KCI_FI001632046,pre2005,18,0,0,0,1,1.0,1,fitz0,1,fitz0,0
KCI_FI001632046,pre2005,19,0,0,0,1,1.0,1,fitz0,1,fitz0,0
KCI_FI001632046,pre2005,20,0,0,0,1,1.0,1,fitz0,1,fitz0,0
KCI_FI001632046,pre2005,21,0,0,0,1,1.0,1,fitz0,1,fitz0,0
KCI_FI000945459,pre2005,0,31,31,31,1,0.44,0,short_ok,1,scan_doc,1
KCI_FI000945459,pre2005,2,35,29,29,1,0.51,0,short_ok,1,scan_doc,1
KCI_FI000945459,pre2005,4,12,0,0,1,0.44,0,short_ok,1,scan_doc,1
KCI_FI000945459,pre2005,5,0,0,0,1,0.22,1,fitz0,1,fitz0,0
KCI_FI000954729,pre2005,0,0,0,0,1,0.18,1,fitz0,1,fitz0,0
KCI_FI000954729,pre2005,3,0,0,0,1,0.31,1,fitz0,1,fitz0,0
KCI_FI000954729,pre2005,9,32,30,30,1,0.27,0,short_ok,0,short_ok,0
KCI_FI000954729,pre2005,11,42,39,39,1,0.32,0,short_ok,0,short_ok,0
KCI_FI000954729,pre2005,12,27,24,24,1,0.32,0,short_ok,0,short_ok,0
KCI_FI000954729,pre2005,14,26,24,24,1,0.32,0,short_ok,0,short_ok,0
KCI_FI000954729,pre2005,15,51,48,48,1,0.31,1,odl_missed,1,odl_missed,0
KCI_FI000954729,pre2005,16,1,0,0,1,0.33,0,short_ok,0,short_ok,0
KCI_FI000954729,pre2005,19,23,21,21,1,0.32,0,short_ok,0,short_ok,0
KCI_FI000954729,pre2005,20,4,0,0,1,0.31,0,short_ok,0,short_ok,0
KCI_FI000954729,pre2005,21,3,0,0,1,0.32,0,short_ok,0,short_ok,0
KCI_FI000954729,pre2005,28,0,0,0,1,0.29,1,fitz0,1,fitz0,0
KCI_FI000954729,pre2005,29,8,6,6,1,0.32,0,short_ok,0,short_ok,0
KCI_FI000954729,pre2005,36,0,0,0,1,0.28,1,fitz0,1,fitz0,0
KCI_FI000954729,pre2005,37,0,0,0,1,0.34,1,fitz0,1,fitz0,0
KCI_FI001979108,pre2005,0,0,0,0,1,1.0,1,fitz0,1,fitz0,0
KCI_FI001979108,pre2005,1,0,0,0,1,1.0,1,fitz0,1,fitz0,0
KCI_FI001979108,pre2005,2,0,0,0,1,1.0,1,fitz0,1,fitz0,0
KCI_FI001979108,pre2005,3,0,0,0,1,1.0,1,fitz0,1,fitz0,0
KCI_FI001979108,pre2005,4,0,0,0,1,1.0,1,fitz0,1,fitz0,0
KCI_FI001979108,pre2005,5,0,0,0,1,1.0,1,fitz0,1,fitz0,0
KCI_FI001979108,pre2005,6,0,0,0,1,1.0,1,fitz0,1,fitz0,0
KCI_FI001979108,pre2005,7,0,0,0,1,1.0,1,fitz0,1,fitz0,0
KCI_FI001979108,pre2005,8,0,0,0,1,1.0,1,fitz0,1,fitz0,0
KCI_FI001979108,pre2005,9,0,0,0,1,1.0,1,fitz0,1,fitz0,0
KCI_FI001979108,pre2005,10,0,0,0,1,1.0,1,fitz0,1,fitz0,0
KCI_FI001979108,pre2005,11,0,0,0,1,1.0,1,fitz0,1,fitz0,0
KCI_FI001979108,pre2005,12,0,0,0,1,1.0,1,fitz0,1,fitz0,0
KCI_FI001979108,pre2005,13,0,0,0,1,1.0,1,fitz0,1,fitz0,0
KCI_FI000911467,pre2005,0,0,0,0,1,0.23,1,fitz0,1,fitz0,0
KCI_FI000911467,pre2005,1,2,2,2,1,0.3,0,short_ok,1,scan_doc,1
KCI_FI000911467,pre2005,2,0,0,0,1,0.32,1,fitz0,1,fitz0,0
KCI_FI000911467,pre2005,3,2,2,2,1,0.24,0,short_ok,1,scan_doc,1
KCI_FI000911467,pre2005,4,0,0,0,1,0.31,1,fitz0,1,fitz0,0
KCI_FI000911467,pre2005,5,0,0,0,1,0.35,1,fitz0,1,fitz0,0
KCI_FI000911467,pre2005,6,0,0,0,1,0.26,1,fitz0,1,fitz0,0
KCI_FI000911467,pre2005,7,0,0,0,1,0.32,1,fitz0,1,fitz0,0
KCI_FI000911467,pre2005,8,0,0,0,1,0.34,1,fitz0,1,fitz0,0
KCI_FI000911467,pre2005,9,2,2,2,1,0.28,0,short_ok,1,scan_doc,1
KCI_FI000911467,pre2005,10,0,0,0,1,0.33,1,fitz0,1,fitz0,0
KCI_FI000911467,pre2005,11,0,0,0,1,0.26,1,fitz0,1,fitz0,0
KCI_FI000911467,pre2005,12,0,0,0,1,0.32,1,fitz0,1,fitz0,0
KCI_FI000911467,pre2005,13,0,0,0,1,0.28,1,fitz0,1,fitz0,0
KCI_FI000911467,pre2005,14,0,0,0,1,0.31,1,fitz0,1,fitz0,0
KCI_FI000911467,pre2005,15,0,0,0,1,0.35,1,fitz0,1,fitz0,0
KCI_FI000911467,pre2005,16,0,0,0,1,0.32,1,fitz0,1,fitz0,0
KCI_FI000911467,pre2005,17,0,0,0,1,0.31,1,fitz0,1,fitz0,0
KCI_FI000911467,pre2005,18,0,0,0,1,0.29,1,fitz0,1,fitz0,0
KCI_FI000911467,pre2005,19,0,0,0,1,0.31,1,fitz0,1,fitz0,0
KCI_FI000911467,pre2005,20,0,0,0,1,0.32,1,fitz0,1,fitz0,0
KCI_FI000911467,pre2005,21,0,0,0,1,0.27,1,fitz0,1,fitz0,0
KCI_FI000911467,pre2005,22,0,0,0,1,0.24,1,fitz0,1,fitz0,0
KCI_FI000911467,pre2005,23,0,0,0,1,0.31,1,fitz0,1,fitz0,0
KCI_FI000911467,pre2005,24,0,0,0,1,0.33,1,fitz0,1,fitz0,0
KCI_FI000911467,pre2005,25,2,2,2,1,0.24,0,short_ok,1,scan_doc,1
KCI_FI000911467,pre2005,26,0,0,0,1,0.32,1,fitz0,1,fitz0,0
KCI_FI000911467,pre2005,27,0,0,0,1,0.3,1,fitz0,1,fitz0,0
KCI_FI000911467,pre2005,28,0,0,0,1,0.3,1,fitz0,1,fitz0,0
KCI_FI000911467,pre2005,29,0,0,0,1,0.3,1,fitz0,1,fitz0,0
KCI_FI000911467,pre2005,30,0,0,0,1,0.21,1,fitz0,1,fitz0,0
KCI_FI002623289,pre2005,0,0,0,0,1,1.0,1,fitz0,1,fitz0,0
KCI_FI002623289,pre2005,1,0,0,0,1,1.0,1,fitz0,1,fitz0,0
KCI_FI002623289,pre2005,2,0,0,0,1,1.0,1,fitz0,1,fitz0,0
KCI_FI002623289,pre2005,3,0,0,0,1,1.0,1,fitz0,1,fitz0,0
KCI_FI002623289,pre2005,4,0,0,0,1,1.0,1,fitz0,1,fitz0,0
KCI_FI002623289,pre2005,5,0,0,0,1,1.0,1,fitz0,1,fitz0,0
KCI_FI002623289,pre2005,6,0,0,0,1,1.0,1,fitz0,1,fitz0,0
KCI_FI002623289,pre2005,7,0,0,0,1,1.0,1,fitz0,1,fitz0,0
KCI_FI002623289,pre2005,8,0,0,0,1,1.0,1,fitz0,1,fitz0,0
KCI_FI002623289,pre2005,9,0,0,0,1,1.0,1,fitz0,1,fitz0,0
KCI_FI002623289,pre2005,10,0,0,0,1,1.0,1,fitz0,1,fitz0,0
KCI_FI002623289,pre2005,11,0,0,0,1,1.0,1,fitz0,1,fitz0,0
KCI_FI002623289,pre2005,12,0,0,0,1,1.0,1,fitz0,1,fitz0,0
KCI_FI002623289,pre2005,13,0,0,0,1,1.0,1,fitz0,1,fitz0,0
KCI_FI002623289,pre2005,14,0,0,0,1,1.0,1,fitz0,1,fitz0,0
KCI_FI002623289,pre2005,15,0,0,0,1,1.0,1,fitz0,1,fitz0,0
KCI_FI002623289,pre2005,16,0,0,0,1,1.0,1,fitz0,1,fitz0,0
KCI_FI002623289,pre2005,17,0,0,0,1,1.0,1,fitz0,1,fitz0,0
KCI_FI002623289,pre2005,18,0,0,0,1,1.0,1,fitz0,1,fitz0,0
KCI_FI002623289,pre2005,19,0,0,0,1,1.0,1,fitz0,1,fitz0,0
KCI_FI002623289,pre2005,20,0,0,0,1,1.0,1,fitz0,1,fitz0,0
KCI_FI002623289,pre2005,21,0,0,0,1,1.0,1,fitz0,1,fitz0,0
KCI_FI002623289,pre2005,22,0,0,0,1,1.0,1,fitz0,1,fitz0,0
KCI_FI002623289,pre2005,23,0,0,0,1,1.0,1,fitz0,1,fitz0,0
KCI_FI002623289,pre2005,24,0,0,0,1,1.0,1,fitz0,1,fitz0,0
KCI_FI002623289,pre2005,25,0,0,0,1,1.0,1,fitz0,1,fitz0,0
KCI_FI002623289,pre2005,26,0,0,0,1,1.0,1,fitz0,1,fitz0,0
KCI_FI002623289,pre2005,27,0,0,0,1,1.0,1,fitz0,1,fitz0,0
KCI_FI002623289,pre2005,28,0,0,0,1,1.0,1,fitz0,1,fitz0,0
KCI_FI002623289,pre2005,29,0,0,0,1,1.0,1,fitz0,1,fitz0,0
KCI_FI002623289,pre2005,30,0,0,0,1,1.0,1,fitz0,1,fitz0,0
KCI_FI002623289,pre2005,31,0,0,0,1,1.0,1,fitz0,1,fitz0,0
KCI_FI002623289,pre2005,32,0,0,0,1,1.0,1,fitz0,1,fitz0,0
KCI_FI002623289,pre2005,33,0,0,0,1,1.0,1,fitz0,1,fitz0,0
KCI_FI002623289,pre2005,34,0,0,0,1,1.0,1,fitz0,1,fitz0,0
KCI_FI002623289,pre2005,35,0,0,0,1,1.0,1,fitz0,1,fitz0,0
KCI_FI000883167,pre2005,9,33,30,30,1,0.2,0,short_ok,0,short_ok,0
KCI_FI000885711,pre2005,1,14,14,14,1,0.46,0,short_ok,1,scan_doc,1
KCI_FI000885711,pre2005,2,16,16,16,1,0.37,0,short_ok,1,scan_doc,1
KCI_FI000885711,pre2005,3,0,0,0,1,0.41,1,fitz0,1,fitz0,0
KCI_FI000885711,pre2005,4,0,0,0,1,0.44,1,fitz0,1,fitz0,0
KCI_FI000885711,pre2005,5,26,26,26,1,0.41,0,short_ok,1,scan_doc,1
KCI_FI000885711,pre2005,6,0,0,0,1,0.46,1,fitz0,1,fitz0,0
KCI_FI000885711,pre2005,7,0,0,0,1,0.39,1,fitz0,1,fitz0,0
KCI_FI000885711,pre2005,8,0,0,0,1,0.37,1,fitz0,1,fitz0,0
KCI_FI000885711,pre2005,9,17,17,17,1,0.32,0,short_ok,1,scan_doc,1
KCI_FI000885711,pre2005,10,0,0,0,1,0.39,1,fitz0,1,fitz0,0
KCI_FI000885711,pre2005,11,0,0,0,1,0.41,1,fitz0,1,fitz0,0
KCI_FI000885711,pre2005,12,0,0,0,1,0.43,1,fitz0,1,fitz0,0
KCI_FI000885711,pre2005,13,0,0,0,1,0.46,1,fitz0,1,fitz0,0
KCI_FI000885711,pre2005,14,1,1,1,1,0.51,0,short_ok,1,scan_doc,1
KCI_FI000885711,pre2005,15,0,0,0,1,0.37,1,fitz0,1,fitz0,0
KCI_FI000885711,pre2005,16,0,0,0,1,0.39,1,fitz0,1,fitz0,0
KCI_FI000885711,pre2005,17,0,0,0,1,0.39,1,fitz0,1,fitz0,0
KCI_FI000885711,pre2005,18,0,0,0,1,0.41,1,fitz0,1,fitz0,0
KCI_FI000885711,pre2005,19,1,1,1,1,0.44,0,short_ok,1,scan_doc,1
KCI_FI000885711,pre2005,20,23,23,23,1,0.4,0,short_ok,1,scan_doc,1
KCI_FI000885711,pre2005,21,0,0,0,1,0.42,1,fitz0,1,fitz0,0
KCI_FI000885711,pre2005,22,12,12,12,1,0.44,0,short_ok,1,scan_doc,1
KCI_FI000885711,pre2005,23,0,0,0,1,0.38,1,fitz0,1,fitz0,0
KCI_FI000885711,pre2005,24,1,1,1,1,0.39,0,short_ok,1,scan_doc,1
KCI_FI000885711,pre2005,25,0,0,0,1,0.5,1,fitz0,1,fitz0,0
KCI_FI000885711,pre2005,26,0,0,0,1,0.37,1,fitz0,1,fitz0,0
KCI_FI000885711,pre2005,27,38,38,38,1,0.43,0,short_ok,1,scan_doc,1
KCI_FI000885711,pre2005,28,0,0,0,1,0.36,1,fitz0,1,fitz0,0
KCI_FI000885711,pre2005,29,0,0,0,1,0.4,1,fitz0,1,fitz0,0
KCI_FI000885711,pre2005,30,0,0,0,1,0.39,1,fitz0,1,fitz0,0
KCI_FI000885711,pre2005,31,12,12,12,1,0.4,0,short_ok,1,scan_doc,1
KCI_FI000885711,pre2005,32,39,39,39,1,0.42,0,short_ok,1,scan_doc,1
KCI_FI000885711,pre2005,33,10,10,10,1,0.39,0,short_ok,1,scan_doc,1
KCI_FI000885711,pre2005,34,2,2,2,1,0.41,0,short_ok,1,scan_doc,1
KCI_FI000885711,pre2005,35,0,0,0,1,0.27,1,fitz0,1,fitz0,0
KCI_FI000885711,pre2005,36,0,0,0,1,0.42,1,fitz0,1,fitz0,0
KCI_FI000885711,pre2005,37,0,0,0,1,0.14,1,fitz0,1,fitz0,0
KCI_FI000885711,pre2005,38,18,18,18,1,0.2,0,short_ok,1,scan_doc,1
KCI_FI000997353,pre2005,0,17,0,0,1,0.24,0,short_ok,1,scan_doc,1
KCI_FI000997353,pre2005,1,41,0,0,1,0.44,0,short_ok,1,scan_doc,1
KCI_FI000997353,pre2005,2,39,0,0,1,0.39,0,short_ok,1,scan_doc,1
KCI_FI000997353,pre2005,3,39,0,0,1,0.38,0,short_ok,1,scan_doc,1
KCI_FI000942438,pre2005,0,0,0,0,1,1.0,1,fitz0,1,fitz0,0
KCI_FI000942438,pre2005,1,0,0,0,1,1.0,1,fitz0,1,fitz0,0
KCI_FI000942438,pre2005,2,0,0,0,1,1.0,1,fitz0,1,fitz0,0
KCI_FI000942438,pre2005,3,0,0,0,1,1.0,1,fitz0,1,fitz0,0
KCI_FI000942438,pre2005,4,0,0,0,1,1.0,1,fitz0,1,fitz0,0
KCI_FI000942438,pre2005,5,0,0,0,1,1.0,1,fitz0,1,fitz0,0
KCI_FI000942438,pre2005,6,0,0,0,1,1.0,1,fitz0,1,fitz0,0
KCI_FI000942438,pre2005,7,0,0,0,1,1.0,1,fitz0,1,fitz0,0
KCI_FI000942438,pre2005,8,0,0,0,1,1.0,1,fitz0,1,fitz0,0
KCI_FI000942438,pre2005,9,0,0,0,1,1.0,1,fitz0,1,fitz0,0
KCI_FI000942438,pre2005,10,0,0,0,1,1.0,1,fitz0,1,fitz0,0
KCI_FI000942438,pre2005,11,0,0,0,1,1.0,1,fitz0,1,fitz0,0
KCI_FI000942438,pre2005,12,0,0,0,1,1.0,1,fitz0,1,fitz0,0
KCI_FI000942438,pre2005,13,0,0,0,1,1.0,1,fitz0,1,fitz0,0
KCI_FI000942438,pre2005,14,0,0,0,1,1.0,1,fitz0,1,fitz0,0
KCI_FI000942438,pre2005,15,0,0,0,1,1.0,1,fitz0,1,fitz0,0
KCI_FI000942438,pre2005,16,0,0,0,1,1.0,1,fitz0,1,fitz0,0
KCI_FI000942438,pre2005,17,0,0,0,1,1.0,1,fitz0,1,fitz0,0
KCI_FI000942438,pre2005,18,0,0,0,1,1.0,1,fitz0,1,fitz0,0
KCI_FI000942438,pre2005,19,0,0,0,1,1.0,1,fitz0,1,fitz0,0
KCI_FI000942438,pre2005,20,0,0,0,1,1.0,1,fitz0,1,fitz0,0
KCI_FI000942438,pre2005,21,0,0,0,1,1.0,1,fitz0,1,fitz0,0
KCI_FI000942438,pre2005,22,0,0,0,1,1.0,1,fitz0,1,fitz0,0
KCI_FI000942438,pre2005,23,0,0,0,1,1.0,1,fitz0,1,fitz0,0
KCI_FI001359314,pre2005,0,0,0,0,1,1.0,1,fitz0,1,fitz0,0
KCI_FI001359314,pre2005,1,0,0,0,1,1.0,1,fitz0,1,fitz0,0
KCI_FI001359314,pre2005,2,0,0,0,1,0.85,1,fitz0,1,fitz0,0
KCI_FI001359314,pre2005,3,0,0,0,1,0.94,1,fitz0,1,fitz0,0
KCI_FI001359314,pre2005,4,0,0,0,1,0.88,1,fitz0,1,fitz0,0
KCI_FI001359314,pre2005,5,0,0,0,1,0.89,1,fitz0,1,fitz0,0
KCI_FI001359314,pre2005,6,0,0,0,1,0.89,1,fitz0,1,fitz0,0
KCI_FI001359314,pre2005,7,0,0,0,1,0.91,1,fitz0,1,fitz0,0
KCI_FI001359314,pre2005,8,0,0,0,1,0.88,1,fitz0,1,fitz0,0
KCI_FI001359314,pre2005,9,0,0,0,1,0.87,1,fitz0,1,fitz0,0
KCI_FI001359314,pre2005,10,0,0,0,1,0.92,1,fitz0,1,fitz0,0
KCI_FI001359314,pre2005,11,0,0,0,1,0.91,1,fitz0,1,fitz0,0
KCI_FI001359314,pre2005,12,0,0,0,1,0.88,1,fitz0,1,fitz0,0
KCI_FI001359314,pre2005,13,0,0,0,1,0.89,1,fitz0,1,fitz0,0
KCI_FI001359314,pre2005,14,0,0,0,1,0.88,1,fitz0,1,fitz0,0
KCI_FI001359314,pre2005,15,0,0,0,1,0.9,1,fitz0,1,fitz0,0
KCI_FI001359314,pre2005,16,0,0,0,1,0.8,1,fitz0,1,fitz0,0
KCI_FI001359314,pre2005,17,0,0,0,1,0.92,1,fitz0,1,fitz0,0
KCI_FI001359314,pre2005,18,0,0,0,1,0.91,1,fitz0,1,fitz0,0
KCI_FI001359314,pre2005,19,0,0,0,1,0.91,1,fitz0,1,fitz0,0
KCI_FI001359314,pre2005,20,0,0,0,1,0.98,1,fitz0,1,fitz0,0
KCI_FI001359314,pre2005,21,0,0,0,1,0.9,1,fitz0,1,fitz0,0
KCI_FI001359314,pre2005,22,0,0,0,1,0.93,1,fitz0,1,fitz0,0
KCI_FI001359314,pre2005,23,0,0,0,1,0.92,1,fitz0,1,fitz0,0
KCI_FI001359314,pre2005,24,0,0,0,1,0.91,1,fitz0,1,fitz0,0
KCI_FI001359314,pre2005,25,0,0,0,1,0.94,1,fitz0,1,fitz0,0
KCI_FI001359314,pre2005,26,0,0,0,1,0.75,1,fitz0,1,fitz0,0
KCI_FI000909453,pre2005,0,0,0,0,1,0.24,1,fitz0,1,fitz0,0
KCI_FI000909453,pre2005,1,0,0,0,1,0.39,1,fitz0,1,fitz0,0
KCI_FI000909453,pre2005,2,0,0,0,1,0.37,1,fitz0,1,fitz0,0
KCI_FI000909453,pre2005,3,0,0,0,1,0.31,1,fitz0,1,fitz0,0
KCI_FI000909453,pre2005,4,0,0,0,1,0.32,1,fitz0,1,fitz0,0
KCI_FI000909453,pre2005,5,0,0,0,1,0.28,1,fitz0,1,fitz0,0
KCI_FI000909453,pre2005,6,0,0,0,1,0.22,1,fitz0,1,fitz0,0
KCI_FI000909453,pre2005,7,0,0,0,1,0.25,1,fitz0,1,fitz0,0
KCI_FI000909453,pre2005,8,0,0,0,1,0.29,1,fitz0,1,fitz0,0
KCI_FI000909453,pre2005,9,0,0,0,1,0.3,1,fitz0,1,fitz0,0
KCI_FI000909453,pre2005,10,0,0,0,1,0.29,1,fitz0,1,fitz0,0
KCI_FI000909453,pre2005,11,0,0,0,1,0.28,1,fitz0,1,fitz0,0
KCI_FI000909453,pre2005,12,0,0,0,1,0.33,1,fitz0,1,fitz0,0
KCI_FI000909453,pre2005,13,0,0,0,1,0.32,1,fitz0,1,fitz0,0
KCI_FI000909453,pre2005,14,0,0,0,1,0.37,1,fitz0,1,fitz0,0
KCI_FI000909453,pre2005,15,0,0,0,1,0.28,1,fitz0,1,fitz0,0
KCI_FI000909453,pre2005,16,0,0,0,1,0.31,1,fitz0,1,fitz0,0
KCI_FI000909453,pre2005,17,0,0,0,1,0.31,1,fitz0,1,fitz0,0
KCI_FI000909453,pre2005,18,0,0,0,1,0.32,1,fitz0,1,fitz0,0
KCI_FI000909453,pre2005,19,0,0,0,1,0.37,1,fitz0,1,fitz0,0
KCI_FI000909453,pre2005,20,0,0,0,1,0.28,1,fitz0,1,fitz0,0
KCI_FI000909453,pre2005,21,0,0,0,1,0.31,1,fitz0,1,fitz0,0
KCI_FI000909453,pre2005,22,0,0,0,1,0.31,1,fitz0,1,fitz0,0
KCI_FI000909453,pre2005,23,0,0,0,1,0.35,1,fitz0,1,fitz0,0
KCI_FI000909453,pre2005,24,0,0,0,1,0.34,1,fitz0,1,fitz0,0
KCI_FI000909453,pre2005,25,0,0,0,1,0.33,1,fitz0,1,fitz0,0
KCI_FI000909453,pre2005,26,0,0,0,1,0.31,1,fitz0,1,fitz0,0
KCI_FI001348362,pre2005,0,0,0,0,1,1.0,1,fitz0,1,fitz0,0
KCI_FI001348362,pre2005,1,0,0,0,1,1.0,1,fitz0,1,fitz0,0
KCI_FI001348362,pre2005,2,0,0,0,1,1.0,1,fitz0,1,fitz0,0
KCI_FI001348362,pre2005,3,0,0,0,1,1.0,1,fitz0,1,fitz0,0
KCI_FI001348362,pre2005,4,0,0,0,1,1.0,1,fitz0,1,fitz0,0
KCI_FI001348362,pre2005,5,0,0,0,1,1.0,1,fitz0,1,fitz0,0
KCI_FI001348362,pre2005,6,0,0,0,1,1.0,1,fitz0,1,fitz0,0
KCI_FI001348362,pre2005,7,0,0,0,1,1.0,1,fitz0,1,fitz0,0
KCI_FI002067041,pre2005,0,0,0,0,1,1.0,1,fitz0,1,fitz0,0
KCI_FI002067041,pre2005,1,0,0,0,1,1.0,1,fitz0,1,fitz0,0
KCI_FI002067041,pre2005,2,0,0,0,1,1.0,1,fitz0,1,fitz0,0
KCI_FI002067041,pre2005,3,0,0,0,1,1.0,1,fitz0,1,fitz0,0
KCI_FI002067041,pre2005,4,0,0,0,1,1.0,1,fitz0,1,fitz0,0
KCI_FI002067041,pre2005,5,0,0,0,1,1.0,1,fitz0,1,fitz0,0
KCI_FI002067041,pre2005,6,0,0,0,1,1.0,1,fitz0,1,fitz0,0
KCI_FI002067041,pre2005,7,0,0,0,1,1.0,1,fitz0,1,fitz0,0
KCI_FI002067041,pre2005,8,0,0,0,1,1.0,1,fitz0,1,fitz0,0
KCI_FI002067041,pre2005,9,0,0,0,1,1.0,1,fitz0,1,fitz0,0
KCI_FI002067041,pre2005,10,0,0,0,1,1.0,1,fitz0,1,fitz0,0
KCI_FI002067041,pre2005,11,0,0,0,1,1.0,1,fitz0,1,fitz0,0
KCI_FI002067041,pre2005,12,0,0,0,1,1.0,1,fitz0,1,fitz0,0
KCI_FI000950942,pre2005,0,0,0,0,1,0.26,1,fitz0,1,fitz0,0
KCI_FI000950942,pre2005,1,0,0,0,1,0.31,1,fitz0,1,fitz0,0
KCI_FI000950942,pre2005,2,0,0,0,1,0.31,1,fitz0,1,fitz0,0
KCI_FI000950942,pre2005,3,0,0,0,1,0.31,1,fitz0,1,fitz0,0
KCI_FI000950942,pre2005,4,0,0,0,1,0.32,1,fitz0,1,fitz0,0
KCI_FI000950942,pre2005,5,0,0,0,1,0.31,1,fitz0,1,fitz0,0
KCI_FI000950942,pre2005,6,0,0,0,1,0.33,1,fitz0,1,fitz0,0
KCI_FI000950942,pre2005,7,0,0,0,1,0.29,1,fitz0,1,fitz0,0
KCI_FI000950942,pre2005,8,0,0,0,1,0.29,1,fitz0,1,fitz0,0
KCI_FI000950942,pre2005,9,0,0,0,1,0.32,1,fitz0,1,fitz0,0
KCI_FI000950942,pre2005,10,0,0,0,1,0.33,1,fitz0,1,fitz0,0
KCI_FI000950942,pre2005,11,0,0,0,1,0.31,1,fitz0,1,fitz0,0
KCI_FI000950942,pre2005,12,0,0,0,1,0.31,1,fitz0,1,fitz0,0
KCI_FI000950942,pre2005,13,0,0,0,1,0.26,1,fitz0,1,fitz0,0
KCI_FI000950942,pre2005,14,0,0,0,1,0.28,1,fitz0,1,fitz0,0
KCI_FI000950942,pre2005,15,0,0,0,1,0.37,1,fitz0,1,fitz0,0
KCI_FI000950107,pre2005,0,0,0,0,1,0.33,1,fitz0,1,fitz0,0
KCI_FI000950107,pre2005,1,0,0,0,1,0.44,1,fitz0,1,fitz0,0
KCI_FI000950107,pre2005,2,0,0,0,1,0.42,1,fitz0,1,fitz0,0
KCI_FI000950107,pre2005,3,0,0,0,1,0.47,1,fitz0,1,fitz0,0
KCI_FI000950107,pre2005,4,0,0,0,1,0.45,1,fitz0,1,fitz0,0
KCI_FI000950107,pre2005,5,0,0,0,1,0.44,1,fitz0,1,fitz0,0
KCI_FI000950107,pre2005,6,0,0,0,1,0.46,1,fitz0,1,fitz0,0
KCI_FI000950107,pre2005,7,0,0,0,1,0.46,1,fitz0,1,fitz0,0
KCI_FI000950107,pre2005,10,0,0,0,1,0.43,1,fitz0,1,fitz0,0
KCI_FI000950107,pre2005,11,0,0,0,1,0.4,1,fitz0,1,fitz0,0
KCI_FI000950107,pre2005,12,0,0,0,1,0.4,1,fitz0,1,fitz0,0
KCI_FI001152027,pre2005,0,38,38,38,1,0.23,0,short_ok,1,scan_doc,1
KCI_FI001152027,pre2005,2,0,0,0,1,0.37,1,fitz0,1,fitz0,0
KCI_FI001152027,pre2005,3,0,0,0,1,0.45,1,fitz0,1,fitz0,0
KCI_FI001152027,pre2005,4,0,0,0,1,0.43,1,fitz0,1,fitz0,0
KCI_FI001152027,pre2005,5,0,0,0,1,0.37,1,fitz0,1,fitz0,0
KCI_FI001152027,pre2005,6,0,0,0,1,0.4,1,fitz0,1,fitz0,0
KCI_FI001152027,pre2005,7,0,0,0,1,0.38,1,fitz0,1,fitz0,0
KCI_FI001152027,pre2005,8,0,0,0,1,0.33,1,fitz0,1,fitz0,0
KCI_FI001152027,pre2005,9,0,0,0,1,0.32,1,fitz0,1,fitz0,0
KCI_FI001152027,pre2005,10,0,0,0,1,0.41,1,fitz0,1,fitz0,0
KCI_FI001152027,pre2005,11,0,0,0,1,0.23,1,fitz0,1,fitz0,0
KCI_FI001152027,pre2005,12,0,0,0,1,0.34,1,fitz0,1,fitz0,0
KCI_FI001152027,pre2005,13,0,0,0,1,0.34,1,fitz0,1,fitz0,0
KCI_FI001152027,pre2005,16,0,0,0,1,0.31,1,fitz0,1,fitz0,0
KCI_FI001152027,pre2005,17,0,0,0,1,0.22,1,fitz0,1,fitz0,0
KCI_FI001152027,pre2005,18,0,0,0,1,0.33,1,fitz0,1,fitz0,0
KCI_FI001152027,pre2005,19,0,0,0,1,0.32,1,fitz0,1,fitz0,0
KCI_FI001152027,pre2005,20,0,0,0,1,0.34,1,fitz0,1,fitz0,0
KCI_FI001152027,pre2005,21,0,0,0,1,0.34,1,fitz0,1,fitz0,0
KCI_FI001152027,pre2005,22,0,0,0,1,0.3,1,fitz0,1,fitz0,0
KCI_FI001152027,pre2005,23,0,0,0,1,0.28,1,fitz0,1,fitz0,0
KCI_FI001152027,pre2005,24,0,0,0,1,0.44,1,fitz0,1,fitz0,0
KCI_FI001152027,pre2005,25,0,0,0,1,0.22,1,fitz0,1,fitz0,0
KCI_FI001152027,pre2005,26,0,0,0,1,0.3,1,fitz0,1,fitz0,0
KCI_FI001152027,pre2005,27,0,0,0,1,0.45,1,fitz0,1,fitz0,0
KCI_FI001152027,pre2005,28,0,0,0,1,0.3,1,fitz0,1,fitz0,0
KCI_FI001152027,pre2005,29,0,0,0,1,0.28,1,fitz0,1,fitz0,0
KCI_FI001152027,pre2005,30,0,0,0,1,0.35,1,fitz0,1,fitz0,0
KCI_FI001152027,pre2005,31,2,2,2,1,0.36,0,short_ok,1,scan_doc,1
KCI_FI001152027,pre2005,32,2,2,2,1,0.24,0,short_ok,1,scan_doc,1
KCI_FI001152027,pre2005,33,0,0,0,1,0.3,1,fitz0,1,fitz0,0
KCI_FI001152027,pre2005,34,0,0,0,1,0.31,1,fitz0,1,fitz0,0
KCI_FI001152027,pre2005,35,0,0,0,1,0.39,1,fitz0,1,fitz0,0
KCI_FI001152027,pre2005,36,0,0,0,1,0.43,1,fitz0,1,fitz0,0
KCI_FI001152027,pre2005,37,0,0,0,1,0.21,1,fitz0,1,fitz0,0
KCI_FI001152027,pre2005,38,0,0,0,1,0.4,1,fitz0,1,fitz0,0
KCI_FI001152027,pre2005,39,0,0,0,1,0.25,1,fitz0,1,fitz0,0
KCI_FI001099811,pre2005,5,0,0,0,1,0.07,1,fitz0,1,fitz0,0
KCI_FI001979266,pre2005,0,0,0,0,1,1.0,1,fitz0,1,fitz0,0
KCI_FI001979266,pre2005,1,0,0,0,1,1.0,1,fitz0,1,fitz0,0
KCI_FI001979266,pre2005,2,0,0,0,1,1.0,1,fitz0,1,fitz0,0
KCI_FI001979266,pre2005,3,0,0,0,1,1.0,1,fitz0,1,fitz0,0
KCI_FI001979266,pre2005,4,0,0,0,1,1.0,1,fitz0,1,fitz0,0
KCI_FI001979266,pre2005,5,0,0,0,1,1.0,1,fitz0,1,fitz0,0
KCI_FI001979266,pre2005,6,0,0,0,1,1.0,1,fitz0,1,fitz0,0
KCI_FI001979266,pre2005,7,0,0,0,1,1.0,1,fitz0,1,fitz0,0
KCI_FI001979266,pre2005,8,0,0,0,1,1.0,1,fitz0,1,fitz0,0
KCI_FI001979266,pre2005,9,0,0,0,1,1.0,1,fitz0,1,fitz0,0
KCI_FI001979266,pre2005,10,0,0,0,1,1.0,1,fitz0,1,fitz0,0
KCI_FI001979266,pre2005,11,0,0,0,1,1.0,1,fitz0,1,fitz0,0
KCI_FI000878022,pre2005,1,0,0,0,1,0.46,1,fitz0,1,fitz0,0
KCI_FI000878022,pre2005,2,2,2,2,1,0.38,0,short_ok,1,scan_doc,1
KCI_FI000878022,pre2005,3,0,0,0,1,0.31,1,fitz0,1,fitz0,0
KCI_FI000878022,pre2005,4,0,0,0,1,0.27,1,fitz0,1,fitz0,0
KCI_FI000878022,pre2005,5,0,0,0,1,0.48,1,fitz0,1,fitz0,0
KCI_FI000878022,pre2005,6,0,0,0,1,0.24,1,fitz0,1,fitz0,0
KCI_FI000878022,pre2005,7,0,0,0,1,0.22,1,fitz0,1,fitz0,0
KCI_FI000878022,pre2005,8,0,0,0,1,0.46,1,fitz0,1,fitz0,0
KCI_FI000878022,pre2005,9,0,0,0,1,0.58,1,fitz0,1,fitz0,0
KCI_FI000878022,pre2005,10,0,0,0,1,0.46,1,fitz0,1,fitz0,0
KCI_FI000878022,pre2005,11,0,0,0,1,0.51,1,fitz0,1,fitz0,0
KCI_FI000878022,pre2005,12,0,0,0,1,0.29,1,fitz0,1,fitz0,0
KCI_FI000878022,pre2005,13,0,0,0,1,0.28,1,fitz0,1,fitz0,0
KCI_FI002095199,pre2005,0,0,0,0,1,1.0,1,fitz0,1,fitz0,0
KCI_FI002095199,pre2005,1,0,0,0,1,1.0,1,fitz0,1,fitz0,0
KCI_FI002095199,pre2005,2,0,0,0,1,1.0,1,fitz0,1,fitz0,0
KCI_FI002095199,pre2005,3,0,0,0,1,1.0,1,fitz0,1,fitz0,0
KCI_FI002095199,pre2005,4,0,0,0,1,1.0,1,fitz0,1,fitz0,0
KCI_FI002095199,pre2005,5,0,0,0,1,1.0,1,fitz0,1,fitz0,0
KCI_FI002095199,pre2005,6,0,0,0,1,1.0,1,fitz0,1,fitz0,0
KCI_FI002095199,pre2005,7,0,0,0,1,1.0,1,fitz0,1,fitz0,0
KCI_FI002095199,pre2005,8,0,0,0,1,1.0,1,fitz0,1,fitz0,0
KCI_FI002095199,pre2005,9,0,0,0,1,1.0,1,fitz0,1,fitz0,0
KCI_FI002095199,pre2005,10,0,0,0,1,1.0,1,fitz0,1,fitz0,0
KCI_FI002095199,pre2005,11,0,0,0,1,1.0,1,fitz0,1,fitz0,0
KCI_FI002095199,pre2005,12,0,0,0,1,1.0,1,fitz0,1,fitz0,0
KCI_FI002095199,pre2005,13,0,0,0,1,1.0,1,fitz0,1,fitz0,0
KCI_FI002095199,pre2005,14,0,0,0,1,1.0,1,fitz0,1,fitz0,0
KCI_FI002095199,pre2005,15,0,0,0,1,1.0,1,fitz0,1,fitz0,0
KCI_FI002095199,pre2005,16,0,0,0,1,1.0,1,fitz0,1,fitz0,0
KCI_FI002095199,pre2005,17,0,0,0,1,1.0,1,fitz0,1,fitz0,0
KCI_FI002095199,pre2005,18,0,0,0,1,1.0,1,fitz0,1,fitz0,0
KCI_FI002095199,pre2005,19,0,0,0,1,1.0,1,fitz0,1,fitz0,0
KCI_FI002095199,pre2005,20,0,0,0,1,1.0,1,fitz0,1,fitz0,0
KCI_FI002095199,pre2005,21,0,0,0,1,1.0,1,fitz0,1,fitz0,0
KCI_FI002095199,pre2005,22,0,0,0,1,1.0,1,fitz0,1,fitz0,0
KCI_FI002095199,pre2005,23,0,0,0,1,1.0,1,fitz0,1,fitz0,0
KCI_FI002095199,pre2005,24,0,0,0,1,1.0,1,fitz0,1,fitz0,0
KCI_FI002095199,pre2005,25,0,0,0,1,1.0,1,fitz0,1,fitz0,0
KCI_FI001367578,pre2005,0,0,0,0,1,1.0,1,fitz0,1,fitz0,0
KCI_FI001367578,pre2005,1,0,0,0,1,1.0,1,fitz0,1,fitz0,0
KCI_FI001367578,pre2005,2,0,0,0,1,1.0,1,fitz0,1,fitz0,0
KCI_FI001367578,pre2005,3,0,0,0,1,1.0,1,fitz0,1,fitz0,0
KCI_FI001367578,pre2005,4,0,0,0,1,1.0,1,fitz0,1,fitz0,0
KCI_FI001367578,pre2005,5,0,0,0,1,1.0,1,fitz0,1,fitz0,0
KCI_FI001367578,pre2005,6,0,0,0,1,1.0,1,fitz0,1,fitz0,0
KCI_FI001367578,pre2005,7,0,0,0,1,1.0,1,fitz0,1,fitz0,0
KCI_FI001367578,pre2005,8,0,0,0,1,1.0,1,fitz0,1,fitz0,0
KCI_FI001367578,pre2005,9,0,0,0,1,1.0,1,fitz0,1,fitz0,0
KCI_FI001367578,pre2005,10,0,0,0,1,1.0,1,fitz0,1,fitz0,0
KCI_FI001367578,pre2005,11,0,0,0,1,1.0,1,fitz0,1,fitz0,0
KCI_FI001367578,pre2005,12,0,0,0,1,1.0,1,fitz0,1,fitz0,0
KCI_FI001367578,pre2005,13,0,0,0,1,1.0,1,fitz0,1,fitz0,0
KCI_FI001367578,pre2005,14,0,0,0,1,1.0,1,fitz0,1,fitz0,0
KCI_FI001367578,pre2005,15,0,0,0,1,1.0,1,fitz0,1,fitz0,0
KCI_FI001367578,pre2005,16,0,0,0,1,1.0,1,fitz0,1,fitz0,0
KCI_FI001367578,pre2005,17,0,0,0,1,1.0,1,fitz0,1,fitz0,0
KCI_FI001367578,pre2005,18,0,0,0,1,1.0,1,fitz0,1,fitz0,0
KCI_FI001367578,pre2005,19,0,0,0,1,1.0,1,fitz0,1,fitz0,0
KCI_FI001367578,pre2005,20,0,0,0,1,1.0,1,fitz0,1,fitz0,0
KCI_FI001367578,pre2005,21,0,0,0,1,1.0,1,fitz0,1,fitz0,0
KCI_FI001367578,pre2005,22,0,0,0,1,1.0,1,fitz0,1,fitz0,0
KCI_FI001367578,pre2005,23,0,0,0,1,1.0,1,fitz0,1,fitz0,0
KCI_FI001367578,pre2005,24,0,0,0,1,1.0,1,fitz0,1,fitz0,0
KCI_FI001367578,pre2005,25,0,0,0,1,1.0,1,fitz0,1,fitz0,0
KCI_FI001367578,pre2005,26,0,0,0,1,1.0,1,fitz0,1,fitz0,0
KCI_FI001367578,pre2005,27,0,0,0,1,1.0,1,fitz0,1,fitz0,0
KCI_FI001367578,pre2005,28,0,0,0,1,1.0,1,fitz0,1,fitz0,0
KCI_FI001367578,pre2005,29,0,0,0,1,1.0,1,fitz0,1,fitz0,0
KCI_FI001367578,pre2005,30,0,0,0,1,1.0,1,fitz0,1,fitz0,0
KCI_FI001367578,pre2005,31,0,0,0,1,1.0,1,fitz0,1,fitz0,0
KCI_FI000939688,pre2005,0,2,0,0,1,0.2,0,short_ok,1,scan_doc,1
KCI_FI000939688,pre2005,1,3,0,0,1,0.34,0,short_ok,1,scan_doc,1
KCI_FI000939688,pre2005,2,2,0,0,1,0.3,0,short_ok,1,scan_doc,1
KCI_FI000939688,pre2005,3,0,0,0,1,0.29,1,fitz0,1,fitz0,0
KCI_FI000939688,pre2005,4,0,0,0,1,0.29,1,fitz0,1,fitz0,0
KCI_FI000939688,pre2005,5,1,0,0,1,0.32,0,short_ok,1,scan_doc,1
KCI_FI000939688,pre2005,6,0,0,0,1,0.32,1,fitz0,1,fitz0,0
KCI_FI000939688,pre2005,7,3,0,0,1,0.3,0,short_ok,1,scan_doc,1
KCI_FI000939688,pre2005,8,1,0,0,1,0.35,0,short_ok,1,scan_doc,1
KCI_FI000939688,pre2005,9,0,0,0,1,0.28,1,fitz0,1,fitz0,0
KCI_FI000939688,pre2005,10,1,0,0,1,0.36,0,short_ok,1,scan_doc,1
KCI_FI000939688,pre2005,11,1,0,0,1,0.33,0,short_ok,1,scan_doc,1
KCI_FI000939688,pre2005,12,0,0,0,1,0.34,1,fitz0,1,fitz0,0
KCI_FI000939688,pre2005,13,1,0,0,1,0.29,0,short_ok,1,scan_doc,1
KCI_FI000939688,pre2005,14,0,0,0,1,0.32,1,fitz0,1,fitz0,0
KCI_FI000939688,pre2005,15,10,0,0,1,0.31,0,short_ok,1,scan_doc,1
KCI_FI000939688,pre2005,16,2,0,0,1,0.3,0,short_ok,1,scan_doc,1
KCI_FI000939688,pre2005,17,2,0,0,1,0.29,0,short_ok,1,scan_doc,1
KCI_FI000939688,pre2005,18,2,0,0,1,0.2,0,short_ok,1,scan_doc,1
KCI_FI000939688,pre2005,19,2,0,0,1,0.3,0,short_ok,1,scan_doc,1
KCI_FI000939688,pre2005,20,0,0,0,1,0.24,1,fitz0,1,fitz0,0
KCI_FI002635507,pre2005,0,0,0,0,1,1.0,1,fitz0,1,fitz0,0
KCI_FI002635507,pre2005,1,0,0,0,1,1.0,1,fitz0,1,fitz0,0
KCI_FI002635507,pre2005,2,0,0,0,1,1.0,1,fitz0,1,fitz0,0
KCI_FI002635507,pre2005,3,0,0,0,1,1.0,1,fitz0,1,fitz0,0
KCI_FI002635507,pre2005,4,0,0,0,1,1.0,1,fitz0,1,fitz0,0
KCI_FI002635507,pre2005,5,0,0,0,1,1.0,1,fitz0,1,fitz0,0
KCI_FI002635507,pre2005,6,0,0,0,1,1.0,1,fitz0,1,fitz0,0
KCI_FI001367474,pre2005,0,0,0,0,1,1.0,1,fitz0,1,fitz0,0
KCI_FI001367474,pre2005,1,0,0,0,1,1.0,1,fitz0,1,fitz0,0
KCI_FI001367474,pre2005,2,0,0,0,1,1.0,1,fitz0,1,fitz0,0
KCI_FI001367474,pre2005,3,0,0,0,1,1.0,1,fitz0,1,fitz0,0
KCI_FI001367474,pre2005,4,0,0,0,1,1.0,1,fitz0,1,fitz0,0
KCI_FI001367474,pre2005,5,0,0,0,1,1.0,1,fitz0,1,fitz0,0
KCI_FI001367474,pre2005,6,0,0,0,1,1.0,1,fitz0,1,fitz0,0
KCI_FI001367474,pre2005,7,0,0,0,1,1.0,1,fitz0,1,fitz0,0
KCI_FI001367474,pre2005,8,0,0,0,1,1.0,1,fitz0,1,fitz0,0
KCI_FI001367474,pre2005,9,0,0,0,1,1.0,1,fitz0,1,fitz0,0
KCI_FI001367474,pre2005,10,0,0,0,1,1.0,1,fitz0,1,fitz0,0
KCI_FI001367474,pre2005,11,0,0,0,1,1.0,1,fitz0,1,fitz0,0
KCI_FI001367474,pre2005,12,0,0,0,1,1.0,1,fitz0,1,fitz0,0
KCI_FI001367474,pre2005,13,0,0,0,1,1.0,1,fitz0,1,fitz0,0
KCI_FI001367474,pre2005,14,0,0,0,1,1.0,1,fitz0,1,fitz0,0
KCI_FI001367474,pre2005,15,0,0,0,1,1.0,1,fitz0,1,fitz0,0
KCI_FI001367474,pre2005,16,0,0,0,1,1.0,1,fitz0,1,fitz0,0
KCI_FI001367474,pre2005,17,0,0,0,1,1.0,1,fitz0,1,fitz0,0
KCI_FI001367474,pre2005,18,0,0,0,1,1.0,1,fitz0,1,fitz0,0
KCI_FI001367474,pre2005,19,0,0,0,1,1.0,1,fitz0,1,fitz0,0
KCI_FI001367474,pre2005,20,0,0,0,1,1.0,1,fitz0,1,fitz0,0
KCI_FI001367474,pre2005,21,0,0,0,1,1.0,1,fitz0,1,fitz0,0
KCI_FI001367474,pre2005,22,0,0,0,1,1.0,1,fitz0,1,fitz0,0
KCI_FI001367474,pre2005,23,0,0,0,1,1.0,1,fitz0,1,fitz0,0
KCI_FI001367474,pre2005,24,0,0,0,1,1.0,1,fitz0,1,fitz0,0
KCI_FI001367474,pre2005,25,0,0,0,1,1.0,1,fitz0,1,fitz0,0
KCI_FI001681656,pre2005,0,0,0,0,1,1.0,1,fitz0,1,fitz0,0
KCI_FI001681656,pre2005,1,0,0,0,1,1.0,1,fitz0,1,fitz0,0
KCI_FI001681656,pre2005,2,0,0,0,1,1.0,1,fitz0,1,fitz0,0
KCI_FI001681656,pre2005,3,0,0,0,1,1.0,1,fitz0,1,fitz0,0
KCI_FI001681656,pre2005,4,0,0,0,1,1.0,1,fitz0,1,fitz0,0
KCI_FI001681656,pre2005,5,0,0,0,1,1.0,1,fitz0,1,fitz0,0
KCI_FI001681656,pre2005,6,0,0,0,1,1.0,1,fitz0,1,fitz0,0
KCI_FI001681656,pre2005,7,0,0,0,1,1.0,1,fitz0,1,fitz0,0
KCI_FI001681656,pre2005,8,0,0,0,1,1.0,1,fitz0,1,fitz0,0
KCI_FI001681656,pre2005,9,0,0,0,1,1.0,1,fitz0,1,fitz0,0
KCI_FI001681656,pre2005,10,0,0,0,1,1.0,1,fitz0,1,fitz0,0
KCI_FI001681656,pre2005,11,0,0,0,1,1.0,1,fitz0,1,fitz0,0
KCI_FI001681656,pre2005,12,0,0,0,1,1.0,1,fitz0,1,fitz0,0
KCI_FI001681656,pre2005,13,0,0,0,1,1.0,1,fitz0,1,fitz0,0
KCI_FI001681656,pre2005,14,0,0,0,1,1.0,1,fitz0,1,fitz0,0
KCI_FI001681656,pre2005,15,0,0,0,1,1.0,1,fitz0,1,fitz0,0
KCI_FI001681656,pre2005,16,0,0,0,1,1.0,1,fitz0,1,fitz0,0
KCI_FI001681656,pre2005,17,0,0,0,1,1.0,1,fitz0,1,fitz0,0
KCI_FI001681656,pre2005,18,0,0,0,1,1.0,1,fitz0,1,fitz0,0
KCI_FI001681656,pre2005,19,0,0,0,1,1.0,1,fitz0,1,fitz0,0
KCI_FI001681656,pre2005,20,0,0,0,1,1.0,1,fitz0,1,fitz0,0
KCI_FI001681656,pre2005,21,0,0,0,1,1.0,1,fitz0,1,fitz0,0
KCI_FI001681656,pre2005,22,0,0,0,1,1.0,1,fitz0,1,fitz0,0
KCI_FI001681656,pre2005,23,0,0,0,1,1.0,1,fitz0,1,fitz0,0
KCI_FI001681656,pre2005,24,0,0,0,1,1.0,1,fitz0,1,fitz0,0
KCI_FI000902385,pre2005,0,0,0,0,1,0.17,1,fitz0,1,fitz0,0
KCI_FI000902385,pre2005,1,0,0,0,1,0.38,1,fitz0,1,fitz0,0
KCI_FI000902385,pre2005,2,0,0,0,1,0.29,1,fitz0,1,fitz0,0
KCI_FI000902385,pre2005,3,0,0,0,1,0.36,1,fitz0,1,fitz0,0
KCI_FI000902385,pre2005,4,0,0,0,1,0.33,1,fitz0,1,fitz0,0
KCI_FI000902385,pre2005,5,0,0,0,1,0.33,1,fitz0,1,fitz0,0
KCI_FI000902385,pre2005,6,0,0,0,1,0.33,1,fitz0,1,fitz0,0
KCI_FI000902385,pre2005,7,0,0,0,1,0.29,1,fitz0,1,fitz0,0
KCI_FI000902385,pre2005,8,0,0,0,1,0.37,1,fitz0,1,fitz0,0
KCI_FI000902385,pre2005,9,0,0,0,1,0.34,1,fitz0,1,fitz0,0
KCI_FI000902385,pre2005,10,0,0,0,1,0.31,1,fitz0,1,fitz0,0
KCI_FI000902385,pre2005,11,0,0,0,1,0.32,1,fitz0,1,fitz0,0
KCI_FI000902385,pre2005,12,0,0,0,1,0.36,1,fitz0,1,fitz0,0
KCI_FI000902385,pre2005,13,0,0,0,1,0.3,1,fitz0,1,fitz0,0
KCI_FI000902385,pre2005,14,0,0,0,1,0.31,1,fitz0,1,fitz0,0
KCI_FI000902385,pre2005,15,0,0,0,1,0.32,1,fitz0,1,fitz0,0
KCI_FI000902385,pre2005,16,0,0,0,1,0.33,1,fitz0,1,fitz0,0
KCI_FI000902385,pre2005,17,0,0,0,1,0.38,1,fitz0,1,fitz0,0
KCI_FI000902385,pre2005,18,0,0,0,1,0.32,1,fitz0,1,fitz0,0
KCI_FI000902385,pre2005,19,0,0,0,1,0.33,1,fitz0,1,fitz0,0
KCI_FI000902385,pre2005,20,0,0,0,1,0.31,1,fitz0,1,fitz0,0
KCI_FI000902385,pre2005,21,0,0,0,1,0.28,1,fitz0,1,fitz0,0
KCI_FI000902385,pre2005,22,0,0,0,1,0.28,1,fitz0,1,fitz0,0
KCI_FI000902385,pre2005,23,0,0,0,1,0.3,1,fitz0,1,fitz0,0
KCI_FI000902385,pre2005,24,0,0,0,1,0.14,1,fitz0,1,fitz0,0
KCI_FI000902385,pre2005,25,0,0,0,1,0.24,1,fitz0,1,fitz0,0
KCI_FI000902385,pre2005,26,0,0,0,1,0.09,1,fitz0,1,fitz0,0
KCI_FI000896623,pre2005,0,33,0,0,1,1.0,0,short_ok,1,scan_doc,1
KCI_FI000896623,pre2005,1,33,0,0,1,1.0,0,short_ok,1,scan_doc,1
KCI_FI000896623,pre2005,2,33,0,0,1,1.0,0,short_ok,1,scan_doc,1
KCI_FI000896623,pre2005,3,33,0,0,1,1.0,0,short_ok,1,scan_doc,1
KCI_FI000896623,pre2005,4,33,0,0,1,1.0,0,short_ok,1,scan_doc,1
KCI_FI000896623,pre2005,5,33,0,0,1,1.0,0,short_ok,1,scan_doc,1
KCI_FI000896623,pre2005,6,33,0,0,1,1.0,0,short_ok,1,scan_doc,1
KCI_FI000896623,pre2005,7,33,0,0,1,1.0,0,short_ok,1,scan_doc,1
KCI_FI000896623,pre2005,8,33,0,0,1,1.0,0,short_ok,1,scan_doc,1
KCI_FI000896623,pre2005,9,33,0,0,1,1.0,0,short_ok,1,scan_doc,1
KCI_FI000896623,pre2005,10,33,0,0,1,1.0,0,short_ok,1,scan_doc,1
KCI_FI000896623,pre2005,11,33,0,0,1,1.0,0,short_ok,1,scan_doc,1
KCI_FI000896623,pre2005,12,33,0,0,1,1.0,0,short_ok,1,scan_doc,1
KCI_FI000896623,pre2005,13,33,0,0,1,1.0,0,short_ok,1,scan_doc,1
KCI_FI000896623,pre2005,14,33,0,0,1,1.0,0,short_ok,1,scan_doc,1
KCI_FI000896623,pre2005,15,33,0,0,1,1.0,0,short_ok,1,scan_doc,1
KCI_FI000896623,pre2005,16,33,0,0,1,1.0,0,short_ok,1,scan_doc,1
KCI_FI001198443,pre2005,0,0,0,0,1,0.37,1,fitz0,1,fitz0,0
KCI_FI001198443,pre2005,1,3,3,3,1,0.46,0,short_ok,0,short_ok,0
KCI_FI001198443,pre2005,2,22,22,22,1,0.44,0,short_ok,0,short_ok,0
KCI_FI001198443,pre2005,5,0,0,0,1,0.11,1,fitz0,1,fitz0,0
KCI_FI000978996,pre2005,0,0,0,0,1,0.17,1,fitz0,1,fitz0,0
KCI_FI000978996,pre2005,1,0,0,0,1,0.31,1,fitz0,1,fitz0,0
KCI_FI000978996,pre2005,2,0,0,0,1,0.28,1,fitz0,1,fitz0,0
KCI_FI000978996,pre2005,3,0,0,0,1,0.29,1,fitz0,1,fitz0,0
KCI_FI000978996,pre2005,4,0,0,0,1,0.33,1,fitz0,1,fitz0,0
KCI_FI000978996,pre2005,5,0,0,0,1,0.3,1,fitz0,1,fitz0,0
KCI_FI000978996,pre2005,6,0,0,0,1,0.25,1,fitz0,1,fitz0,0
KCI_FI000978996,pre2005,7,0,0,0,1,0.3,1,fitz0,1,fitz0,0
KCI_FI000978996,pre2005,8,0,0,0,1,0.29,1,fitz0,1,fitz0,0
KCI_FI000978996,pre2005,9,0,0,0,1,0.3,1,fitz0,1,fitz0,0
KCI_FI000978996,pre2005,10,0,0,0,1,0.33,1,fitz0,1,fitz0,0
KCI_FI000978996,pre2005,11,0,0,0,1,0.31,1,fitz0,1,fitz0,0
KCI_FI000978996,pre2005,12,0,0,0,1,0.3,1,fitz0,1,fitz0,0
KCI_FI000978996,pre2005,13,0,0,0,1,0.29,1,fitz0,1,fitz0,0
KCI_FI000978996,pre2005,14,0,0,0,1,0.29,1,fitz0,1,fitz0,0
KCI_FI000978996,pre2005,15,0,0,0,1,0.26,1,fitz0,1,fitz0,0
KCI_FI000978996,pre2005,16,0,0,0,1,0.33,1,fitz0,1,fitz0,0
KCI_FI000978996,pre2005,17,0,0,0,1,0.29,1,fitz0,1,fitz0,0
KCI_FI000978996,pre2005,18,0,0,0,1,0.3,1,fitz0,1,fitz0,0
KCI_FI000978996,pre2005,19,0,0,0,1,0.29,1,fitz0,1,fitz0,0
KCI_FI000978996,pre2005,20,0,0,0,1,0.26,1,fitz0,1,fitz0,0
KCI_FI000978996,pre2005,21,0,0,0,1,0.28,1,fitz0,1,fitz0,0
KCI_FI000978996,pre2005,22,0,0,0,1,0.31,1,fitz0,1,fitz0,0
KCI_FI000978996,pre2005,23,0,0,0,1,0.33,1,fitz0,1,fitz0,0
KCI_FI000978996,pre2005,24,0,0,0,1,0.28,1,fitz0,1,fitz0,0
KCI_FI000978996,pre2005,25,0,0,0,1,0.31,1,fitz0,1,fitz0,0
KCI_FI000978996,pre2005,26,0,0,0,1,0.3,1,fitz0,1,fitz0,0
KCI_FI000978996,pre2005,27,0,0,0,1,0.31,1,fitz0,1,fitz0,0
KCI_FI000978996,pre2005,28,0,0,0,1,0.31,1,fitz0,1,fitz0,0
KCI_FI000978996,pre2005,29,0,0,0,1,0.36,1,fitz0,1,fitz0,0
KCI_FI000978996,pre2005,30,0,0,0,1,0.33,1,fitz0,1,fitz0,0
KCI_FI000978996,pre2005,31,0,0,0,1,0.27,1,fitz0,1,fitz0,0
KCI_FI000978996,pre2005,32,0,0,0,1,0.31,1,fitz0,1,fitz0,0
KCI_FI000978996,pre2005,33,0,0,0,1,0.3,1,fitz0,1,fitz0,0
KCI_FI000978996,pre2005,34,0,0,0,1,0.27,1,fitz0,1,fitz0,0
KCI_FI000978996,pre2005,35,0,0,0,1,0.31,1,fitz0,1,fitz0,0
KCI_FI000978996,pre2005,36,0,0,0,1,0.29,1,fitz0,1,fitz0,0
KCI_FI000978996,pre2005,37,0,0,0,1,0.3,1,fitz0,1,fitz0,0
KCI_FI000978996,pre2005,38,0,0,0,1,0.28,1,fitz0,1,fitz0,0
KCI_FI000978996,pre2005,39,0,0,0,1,0.31,1,fitz0,1,fitz0,0
KCI_FI000978996,pre2005,40,0,0,0,1,0.29,1,fitz0,1,fitz0,0
KCI_FI000978996,pre2005,41,0,0,0,1,0.33,1,fitz0,1,fitz0,0
KCI_FI000978996,pre2005,42,0,0,0,1,0.35,1,fitz0,1,fitz0,0
KCI_FI000978996,pre2005,43,0,0,0,1,0.36,1,fitz0,1,fitz0,0
KCI_FI000978996,pre2005,44,1,1,1,1,0.32,0,short_ok,1,scan_doc,1
KCI_FI000978996,pre2005,45,0,0,0,1,0.27,1,fitz0,1,fitz0,0
KCI_FI000978996,pre2005,46,0,0,0,1,0.32,1,fitz0,1,fitz0,0
KCI_FI000978996,pre2005,47,0,0,0,1,0.3,1,fitz0,1,fitz0,0
KCI_FI000978996,pre2005,48,0,0,0,1,0.32,1,fitz0,1,fitz0,0
KCI_FI000978996,pre2005,49,0,0,0,1,0.27,1,fitz0,1,fitz0,0
KCI_FI000978996,pre2005,50,0,0,0,1,0.32,1,fitz0,1,fitz0,0
KCI_FI000978996,pre2005,51,0,0,0,1,0.16,1,fitz0,1,fitz0,0
KCI_FI000978996,pre2005,52,0,0,0,1,0.24,1,fitz0,1,fitz0,0
KCI_FI000978996,pre2005,53,0,0,0,1,0.18,1,fitz0,1,fitz0,0
KCI_FI002059154,pre2005,0,0,0,0,1,1.0,1,fitz0,1,fitz0,0
KCI_FI002059154,pre2005,1,0,0,0,1,1.0,1,fitz0,1,fitz0,0
KCI_FI002059154,pre2005,2,0,0,0,1,1.0,1,fitz0,1,fitz0,0
KCI_FI002059154,pre2005,3,0,0,0,1,1.0,1,fitz0,1,fitz0,0
KCI_FI002059154,pre2005,4,0,0,0,1,1.0,1,fitz0,1,fitz0,0
KCI_FI002059154,pre2005,5,0,0,0,1,1.0,1,fitz0,1,fitz0,0
KCI_FI002059154,pre2005,6,0,0,0,1,1.0,1,fitz0,1,fitz0,0
KCI_FI002059154,pre2005,7,0,0,0,1,1.0,1,fitz0,1,fitz0,0
KCI_FI002059154,pre2005,8,0,0,0,1,1.0,1,fitz0,1,fitz0,0
KCI_FI002059154,pre2005,9,0,0,0,1,1.0,1,fitz0,1,fitz0,0
KCI_FI002059154,pre2005,10,0,0,0,1,1.0,1,fitz0,1,fitz0,0
KCI_FI002059154,pre2005,11,0,0,0,1,1.0,1,fitz0,1,fitz0,0
KCI_FI002059154,pre2005,12,0,0,0,1,1.0,1,fitz0,1,fitz0,0
KCI_FI002059154,pre2005,13,0,0,0,1,1.0,1,fitz0,1,fitz0,0
KCI_FI002059154,pre2005,14,0,0,0,1,1.0,1,fitz0,1,fitz0,0
KCI_FI002059154,pre2005,15,0,0,0,1,1.0,1,fitz0,1,fitz0,0
KCI_FI002059154,pre2005,16,0,0,0,1,1.0,1,fitz0,1,fitz0,0
KCI_FI002059154,pre2005,17,0,0,0,1,1.0,1,fitz0,1,fitz0,0
KCI_FI002059154,pre2005,18,0,0,0,1,1.0,1,fitz0,1,fitz0,0
KCI_FI002059154,pre2005,19,0,0,0,1,1.0,1,fitz0,1,fitz0,0
KCI_FI000916480,pre2005,0,0,0,0,1,1.0,1,fitz0,1,fitz0,0
KCI_FI000916480,pre2005,1,0,0,0,1,1.0,1,fitz0,1,fitz0,0
KCI_FI000916480,pre2005,2,0,0,0,1,1.0,1,fitz0,1,fitz0,0
KCI_FI000916480,pre2005,3,0,0,0,1,1.0,1,fitz0,1,fitz0,0
KCI_FI000916480,pre2005,4,0,0,0,1,1.0,1,fitz0,1,fitz0,0
KCI_FI000916480,pre2005,5,0,0,0,1,1.0,1,fitz0,1,fitz0,0
KCI_FI000916480,pre2005,6,0,0,0,1,1.0,1,fitz0,1,fitz0,0
KCI_FI000916480,pre2005,7,0,0,0,1,1.0,1,fitz0,1,fitz0,0
KCI_FI000916480,pre2005,8,0,0,0,1,1.0,1,fitz0,1,fitz0,0
KCI_FI000864981,pre2005,0,0,0,0,1,0.35,1,fitz0,1,fitz0,0
KCI_FI000864981,pre2005,1,0,0,0,1,0.51,1,fitz0,1,fitz0,0
KCI_FI000864981,pre2005,2,0,0,0,1,0.33,1,fitz0,1,fitz0,0
KCI_FI000864981,pre2005,3,0,0,0,1,0.47,1,fitz0,1,fitz0,0
KCI_FI000864981,pre2005,4,0,0,0,1,0.5,1,fitz0,1,fitz0,0
KCI_FI000864981,pre2005,5,0,0,0,1,0.35,1,fitz0,1,fitz0,0
KCI_FI000874767,pre2005,0,36,35,35,1,0.31,0,short_ok,0,short_ok,0
KCI_FI000874767,pre2005,8,0,0,0,1,0.15,1,fitz0,1,fitz0,0
KCI_FI000874767,pre2005,10,0,0,0,1,0.18,1,fitz0,1,fitz0,0
KCI_FI000874767,pre2005,34,0,0,0,1,0.51,1,fitz0,1,fitz0,0
KCI_FI000874767,pre2005,35,0,0,0,1,0.16,1,fitz0,1,fitz0,0
KCI_FI000874767,pre2005,36,0,0,0,1,0.32,1,fitz0,1,fitz0,0
KCI_FI001154916,pre2005,11,1154,528,528,0,,1,cmap,1,cmap,0
KCI_FI001154916,pre2005,15,1052,496,496,0,,1,cmap,1,cmap,0
KCI_FI001154916,pre2005,21,1145,526,526,0,,1,cmap,1,cmap,0
KCI_FI001154916,pre2005,26,30,30,30,1,0.07,0,short_ok,0,short_ok,0
KCI_FI000987157,pre2005,0,0,0,0,1,0.17,1,fitz0,1,fitz0,0
KCI_FI000987157,pre2005,1,0,0,0,1,0.34,1,fitz0,1,fitz0,0
KCI_FI000987157,pre2005,2,0,0,0,1,0.27,1,fitz0,1,fitz0,0
KCI_FI000987157,pre2005,3,0,0,0,1,0.33,1,fitz0,1,fitz0,0
KCI_FI000987157,pre2005,4,0,0,0,1,0.33,1,fitz0,1,fitz0,0
KCI_FI000987157,pre2005,5,0,0,0,1,0.32,1,fitz0,1,fitz0,0
KCI_FI000987157,pre2005,6,0,0,0,1,0.2,1,fitz0,1,fitz0,0
KCI_FI000987157,pre2005,7,0,0,0,1,0.31,1,fitz0,1,fitz0,0
KCI_FI000987157,pre2005,8,0,0,0,1,0.34,1,fitz0,1,fitz0,0
KCI_FI000987157,pre2005,9,0,0,0,1,0.32,1,fitz0,1,fitz0,0
KCI_FI000987157,pre2005,10,0,0,0,1,0.31,1,fitz0,1,fitz0,0
KCI_FI000987157,pre2005,11,0,0,0,1,0.32,1,fitz0,1,fitz0,0
KCI_FI000987157,pre2005,12,0,0,0,1,0.27,1,fitz0,1,fitz0,0
KCI_FI000987157,pre2005,13,0,0,0,1,0.31,1,fitz0,1,fitz0,0
KCI_FI000987157,pre2005,14,0,0,0,1,0.32,1,fitz0,1,fitz0,0
KCI_FI000987157,pre2005,15,0,0,0,1,0.32,1,fitz0,1,fitz0,0
KCI_FI000987157,pre2005,16,0,0,0,1,0.32,1,fitz0,1,fitz0,0
KCI_FI000987157,pre2005,17,0,0,0,1,0.31,1,fitz0,1,fitz0,0
KCI_FI000987157,pre2005,18,0,0,0,1,0.33,1,fitz0,1,fitz0,0
KCI_FI000987157,pre2005,19,0,0,0,1,0.33,1,fitz0,1,fitz0,0
KCI_FI000987157,pre2005,20,0,0,0,1,0.32,1,fitz0,1,fitz0,0
KCI_FI000987157,pre2005,21,0,0,0,1,0.29,1,fitz0,1,fitz0,0
KCI_FI000987157,pre2005,22,0,0,0,1,0.31,1,fitz0,1,fitz0,0
KCI_FI000987157,pre2005,23,0,0,0,1,0.33,1,fitz0,1,fitz0,0
KCI_FI000987157,pre2005,24,0,0,0,1,0.32,1,fitz0,1,fitz0,0
KCI_FI000987157,pre2005,25,0,0,0,1,0.32,1,fitz0,1,fitz0,0
KCI_FI000987157,pre2005,26,0,0,0,1,0.3,1,fitz0,1,fitz0,0
KCI_FI000987157,pre2005,27,0,0,0,1,0.33,1,fitz0,1,fitz0,0
KCI_FI000987157,pre2005,28,0,0,0,1,0.33,1,fitz0,1,fitz0,0
KCI_FI000987157,pre2005,29,0,0,0,1,0.23,1,fitz0,1,fitz0,0
KCI_FI000987157,pre2005,30,0,0,0,1,0.29,1,fitz0,1,fitz0,0
KCI_FI000987157,pre2005,31,0,0,0,1,0.19,1,fitz0,1,fitz0,0
KCI_FI001116179,pre2005,0,33,31,31,1,0.28,0,short_ok,1,scan_doc,1
KCI_FI001116179,pre2005,3,40,24,24,1,0.39,0,short_ok,1,scan_doc,1
KCI_FI001116179,pre2005,5,50,38,38,1,0.42,1,odl_missed,1,scan_doc,0
KCI_FI001116179,pre2005,8,25,17,17,1,0.41,0,short_ok,1,scan_doc,1
KCI_FI001116179,pre2005,10,5,3,3,1,0.43,0,short_ok,1,scan_doc,1
KCI_FI001116179,pre2005,11,14,14,14,1,0.38,0,short_ok,1,scan_doc,1
KCI_FI001116179,pre2005,12,8,4,4,1,0.44,0,short_ok,1,scan_doc,1
KCI_FI001116179,pre2005,14,18,16,16,1,0.43,0,short_ok,1,scan_doc,1
KCI_FI001116179,pre2005,16,4,4,4,1,0.36,0,short_ok,1,scan_doc,1
KCI_FI001116179,pre2005,17,30,26,26,1,0.31,0,short_ok,1,scan_doc,1
KCI_FI001116179,pre2005,18,9,9,9,1,0.35,0,short_ok,1,scan_doc,1
KCI_FI001116179,pre2005,19,25,23,23,1,0.35,0,short_ok,1,scan_doc,1
KCI_FI001116179,pre2005,21,58,46,46,1,0.4,1,odl_missed,1,scan_doc,0
KCI_FI001116179,pre2005,22,34,16,16,1,0.38,0,short_ok,1,scan_doc,1
KCI_FI001116179,pre2005,23,20,10,10,1,0.36,0,short_ok,1,scan_doc,1
KCI_FI001116179,pre2005,24,0,0,0,1,0.21,1,fitz0,1,fitz0,0
KCI_FI001116179,pre2005,26,0,0,0,1,0.18,1,fitz0,1,fitz0,0
KCI_FI001116179,pre2005,27,8,8,8,1,0.3,0,short_ok,1,scan_doc,1
KCI_FI001116179,pre2005,28,0,0,0,1,0.32,1,fitz0,1,fitz0,0
KCI_FI000897204,pre2005,0,11,11,11,1,0.51,0,short_ok,1,scan_doc,1
KCI_FI000897204,pre2005,2,0,0,0,1,0.49,1,fitz0,1,fitz0,0
KCI_FI000897204,pre2005,3,0,0,0,1,0.55,1,fitz0,1,fitz0,0
KCI_FI000897204,pre2005,4,0,0,0,1,0.52,1,fitz0,1,fitz0,0
KCI_FI000897204,pre2005,6,0,0,0,1,0.55,1,fitz0,1,fitz0,0
KCI_FI000897204,pre2005,7,0,0,0,1,0.24,1,fitz0,1,fitz0,0
KCI_FI000871174,pre2005,9,21,21,21,1,0.34,0,short_ok,1,scan_doc,1
KCI_FI000871174,pre2005,10,26,26,26,1,0.33,0,short_ok,1,scan_doc,1
KCI_FI000871174,pre2005,11,12,12,12,1,0.31,0,short_ok,1,scan_doc,1
KCI_FI000871174,pre2005,12,0,0,0,1,0.34,1,fitz0,1,fitz0,0
KCI_FI000871174,pre2005,15,22,22,22,1,0.32,0,short_ok,1,scan_doc,1
KCI_FI000871174,pre2005,16,12,12,12,1,0.4,0,short_ok,1,scan_doc,1
KCI_FI000871174,pre2005,17,20,20,20,1,0.34,0,short_ok,1,scan_doc,1
KCI_FI000871174,pre2005,18,18,18,18,1,0.33,0,short_ok,1,scan_doc,1
KCI_FI000871174,pre2005,19,29,29,29,1,0.34,0,short_ok,1,scan_doc,1
KCI_FI000871174,pre2005,20,34,34,34,1,0.32,0,short_ok,1,scan_doc,1
KCI_FI000871174,pre2005,21,22,22,22,1,0.33,0,short_ok,1,scan_doc,1
KCI_FI000871174,pre2005,23,30,30,30,1,0.35,0,short_ok,1,scan_doc,1
KCI_FI000871174,pre2005,24,47,47,47,1,0.31,0,short_ok,1,scan_doc,1
KCI_FI000871174,pre2005,25,31,31,31,1,0.32,0,short_ok,1,scan_doc,1
KCI_FI000871174,pre2005,26,0,0,0,1,0.31,1,fitz0,1,fitz0,0
KCI_FI000871174,pre2005,27,0,0,0,1,0.29,1,fitz0,1,fitz0,0
KCI_FI000871174,pre2005,29,0,0,0,1,0.37,1,fitz0,1,fitz0,0
KCI_FI000871174,pre2005,30,0,0,0,1,0.18,1,fitz0,1,fitz0,0
KCI_FI000871174,pre2005,33,0,0,0,1,0.27,1,fitz0,1,fitz0,0
KCI_FI000871174,pre2005,34,0,0,0,1,0.29,1,fitz0,1,fitz0,0
KCI_FI002079068,pre2005,0,0,0,0,1,1.0,1,fitz0,1,fitz0,0
KCI_FI002079068,pre2005,1,0,0,0,1,1.0,1,fitz0,1,fitz0,0
KCI_FI002079068,pre2005,2,0,0,0,1,1.0,1,fitz0,1,fitz0,0
KCI_FI002079068,pre2005,3,0,0,0,1,1.0,1,fitz0,1,fitz0,0
KCI_FI002079068,pre2005,4,0,0,0,1,1.0,1,fitz0,1,fitz0,0
KCI_FI002079068,pre2005,5,0,0,0,1,1.0,1,fitz0,1,fitz0,0
KCI_FI002079068,pre2005,6,0,0,0,1,1.0,1,fitz0,1,fitz0,0
KCI_FI002079068,pre2005,7,0,0,0,1,1.0,1,fitz0,1,fitz0,0
KCI_FI002079068,pre2005,8,0,0,0,1,1.0,1,fitz0,1,fitz0,0
KCI_FI002079068,pre2005,9,0,0,0,1,1.0,1,fitz0,1,fitz0,0
KCI_FI002079068,pre2005,10,0,0,0,1,1.0,1,fitz0,1,fitz0,0
KCI_FI002079068,pre2005,11,0,0,0,1,1.0,1,fitz0,1,fitz0,0
KCI_FI002079068,pre2005,12,0,0,0,1,1.0,1,fitz0,1,fitz0,0
KCI_FI002079068,pre2005,13,0,0,0,1,1.0,1,fitz0,1,fitz0,0
KCI_FI002079068,pre2005,14,0,0,0,1,1.0,1,fitz0,1,fitz0,0
KCI_FI002079068,pre2005,15,0,0,0,1,1.0,1,fitz0,1,fitz0,0
KCI_FI002079068,pre2005,16,0,0,0,1,1.0,1,fitz0,1,fitz0,0
KCI_FI002079068,pre2005,17,0,0,0,1,1.0,1,fitz0,1,fitz0,0
KCI_FI002079068,pre2005,18,0,0,0,1,1.0,1,fitz0,1,fitz0,0
KCI_FI002079068,pre2005,19,0,0,0,1,1.0,1,fitz0,1,fitz0,0
KCI_FI001001548,pre2005,0,0,0,0,1,0.43,1,fitz0,1,fitz0,0
KCI_FI001001548,pre2005,1,0,0,0,1,0.51,1,fitz0,1,fitz0,0
KCI_FI001001548,pre2005,2,0,0,0,1,0.59,1,fitz0,1,fitz0,0
KCI_FI001001548,pre2005,3,0,0,0,1,0.22,1,fitz0,1,fitz0,0
KCI_FI001109918,pre2005,0,0,0,0,1,0.2,1,fitz0,1,fitz0,0
KCI_FI001109918,pre2005,1,0,0,0,1,0.39,1,fitz0,1,fitz0,0
KCI_FI001109918,pre2005,2,0,0,0,1,0.52,1,fitz0,1,fitz0,0
KCI_FI001109918,pre2005,3,0,0,0,1,0.49,1,fitz0,1,fitz0,0
KCI_FI001109918,pre2005,4,0,0,0,1,0.54,1,fitz0,1,fitz0,0
KCI_FI001109918,pre2005,5,0,0,0,1,0.56,1,fitz0,1,fitz0,0
KCI_FI001109918,pre2005,6,0,0,0,1,0.41,1,fitz0,1,fitz0,0
KCI_FI001109918,pre2005,7,0,0,0,1,0.47,1,fitz0,1,fitz0,0
KCI_FI001109918,pre2005,8,0,0,0,1,0.49,1,fitz0,1,fitz0,0
KCI_FI001109918,pre2005,9,0,0,0,1,0.47,1,fitz0,1,fitz0,0
KCI_FI001109918,pre2005,10,1,1,1,1,0.57,0,short_ok,1,scan_doc,1
KCI_FI001109918,pre2005,11,1,1,1,1,0.38,0,short_ok,1,scan_doc,1
KCI_FI001109918,pre2005,12,10,10,10,1,0.48,0,short_ok,1,scan_doc,1
KCI_FI001109918,pre2005,13,0,0,0,1,0.6,1,fitz0,1,fitz0,0
KCI_FI001109918,pre2005,14,0,0,0,1,0.51,1,fitz0,1,fitz0,0
KCI_FI001109918,pre2005,15,0,0,0,1,0.37,1,fitz0,1,fitz0,0
KCI_FI002685041,pre2005,0,0,0,0,1,1.0,1,fitz0,1,fitz0,0
KCI_FI002685041,pre2005,1,0,0,0,1,1.0,1,fitz0,1,fitz0,0
KCI_FI002685041,pre2005,2,0,0,0,1,1.0,1,fitz0,1,fitz0,0
KCI_FI002685041,pre2005,3,0,0,0,1,1.0,1,fitz0,1,fitz0,0
KCI_FI002685041,pre2005,4,0,0,0,1,1.0,1,fitz0,1,fitz0,0
KCI_FI002685041,pre2005,5,0,0,0,1,1.0,1,fitz0,1,fitz0,0
KCI_FI002685041,pre2005,6,0,0,0,1,1.0,1,fitz0,1,fitz0,0
KCI_FI002685041,pre2005,7,0,0,0,1,1.0,1,fitz0,1,fitz0,0
KCI_FI002685041,pre2005,8,0,0,0,1,1.0,1,fitz0,1,fitz0,0
KCI_FI002685041,pre2005,9,0,0,0,1,1.0,1,fitz0,1,fitz0,0
KCI_FI002685041,pre2005,10,0,0,0,1,1.0,1,fitz0,1,fitz0,0
KCI_FI002685041,pre2005,11,0,0,0,1,1.0,1,fitz0,1,fitz0,0
KCI_FI002685041,pre2005,12,0,0,0,1,1.0,1,fitz0,1,fitz0,0
KCI_FI002685041,pre2005,13,0,0,0,1,1.0,1,fitz0,1,fitz0,0
KCI_FI002685041,pre2005,14,0,0,0,1,1.0,1,fitz0,1,fitz0,0
KCI_FI000886386,pre2005,5,14,11,11,1,0.54,0,short_ok,0,short_ok,0
KCI_FI000886386,pre2005,6,3,0,0,1,0.56,0,short_ok,0,short_ok,0
KCI_FI002987200,pre2005,0,15,0,0,1,1.0,0,short_ok,1,scan_doc,1
KCI_FI002987200,pre2005,1,15,0,0,1,1.0,0,short_ok,1,scan_doc,1
KCI_FI002987200,pre2005,2,15,0,0,1,1.0,0,short_ok,1,scan_doc,1
KCI_FI002987200,pre2005,3,15,0,0,1,1.0,0,short_ok,1,scan_doc,1
KCI_FI002987200,pre2005,4,15,0,0,1,1.0,0,short_ok,1,scan_doc,1
KCI_FI002987200,pre2005,5,15,0,0,1,1.0,0,short_ok,1,scan_doc,1
KCI_FI002987200,pre2005,6,15,0,0,1,1.0,0,short_ok,1,scan_doc,1
KCI_FI002987200,pre2005,7,15,0,0,1,1.0,0,short_ok,1,scan_doc,1
KCI_FI002987200,pre2005,8,15,0,0,1,1.0,0,short_ok,1,scan_doc,1
KCI_FI002987200,pre2005,9,15,0,0,1,1.0,0,short_ok,1,scan_doc,1
KCI_FI002987200,pre2005,10,15,0,0,1,1.0,0,short_ok,1,scan_doc,1
KCI_FI002987200,pre2005,11,15,0,0,1,1.0,0,short_ok,1,scan_doc,1
KCI_FI002987200,pre2005,12,15,0,0,1,1.0,0,short_ok,1,scan_doc,1
KCI_FI002987200,pre2005,13,15,0,0,1,1.0,0,short_ok,1,scan_doc,1
KCI_FI002987200,pre2005,14,15,0,0,1,1.0,0,short_ok,1,scan_doc,1
KCI_FI002987200,pre2005,15,15,0,0,1,1.0,0,short_ok,1,scan_doc,1
KCI_FI002987200,pre2005,16,15,0,0,1,1.0,0,short_ok,1,scan_doc,1
KCI_FI002987200,pre2005,17,15,0,0,1,1.0,0,short_ok,1,scan_doc,1
KCI_FI002987200,pre2005,18,15,0,0,1,1.0,0,short_ok,1,scan_doc,1
KCI_FI002987200,pre2005,19,15,0,0,1,1.0,0,short_ok,1,scan_doc,1
KCI_FI002987200,pre2005,20,15,0,0,1,1.0,0,short_ok,1,scan_doc,1
KCI_FI002987200,pre2005,21,15,0,0,1,1.0,0,short_ok,1,scan_doc,1
KCI_FI002987200,pre2005,22,15,0,0,1,1.0,0,short_ok,1,scan_doc,1
KCI_FI002987200,pre2005,23,15,0,0,1,1.0,0,short_ok,1,scan_doc,1
KCI_FI000918532,pre2005,0,4,0,0,1,0.44,0,short_ok,1,scan_doc,1
KCI_FI000918532,pre2005,1,4,0,0,1,0.48,0,short_ok,1,scan_doc,1
KCI_FI000918532,pre2005,2,4,0,0,1,0.42,0,short_ok,1,scan_doc,1
KCI_FI000918532,pre2005,3,4,0,0,1,0.48,0,short_ok,1,scan_doc,1
KCI_FI000918532,pre2005,4,4,0,0,1,0.58,0,short_ok,1,scan_doc,1
KCI_FI000918532,pre2005,5,4,0,0,1,0.74,0,short_ok,1,scan_doc,1
KCI_FI000918532,pre2005,6,4,0,0,1,0.7,0,short_ok,1,scan_doc,1
KCI_FI000918532,pre2005,7,4,0,0,1,0.49,0,short_ok,1,scan_doc,1
KCI_FI000930139,pre2005,5,10,10,10,1,0.3,0,short_ok,0,short_ok,0
KCI_FI000930139,pre2005,6,0,0,0,1,0.19,1,fitz0,1,fitz0,0
KCI_FI002969644,pre2005,0,0,0,0,1,1.0,1,fitz0,1,fitz0,0
KCI_FI002969644,pre2005,1,0,0,0,1,1.0,1,fitz0,1,fitz0,0
KCI_FI002969644,pre2005,2,0,0,0,1,1.0,1,fitz0,1,fitz0,0
KCI_FI002969644,pre2005,3,0,0,0,1,1.0,1,fitz0,1,fitz0,0
KCI_FI002969644,pre2005,4,0,0,0,1,1.0,1,fitz0,1,fitz0,0
KCI_FI002969644,pre2005,5,0,0,0,1,1.0,1,fitz0,1,fitz0,0
KCI_FI002969644,pre2005,6,0,0,0,1,1.0,1,fitz0,1,fitz0,0
KCI_FI002969644,pre2005,7,0,0,0,1,1.0,1,fitz0,1,fitz0,0
KCI_FI002969644,pre2005,8,0,0,0,1,1.0,1,fitz0,1,fitz0,0
KCI_FI002969644,pre2005,9,0,0,0,1,1.0,1,fitz0,1,fitz0,0
KCI_FI002969644,pre2005,10,0,0,0,1,1.0,1,fitz0,1,fitz0,0
KCI_FI002969644,pre2005,11,0,0,0,1,1.0,1,fitz0,1,fitz0,0
KCI_FI002969644,pre2005,12,0,0,0,1,1.0,1,fitz0,1,fitz0,0
KCI_FI002969644,pre2005,13,0,0,0,1,1.0,1,fitz0,1,fitz0,0
KCI_FI002969644,pre2005,14,0,0,0,1,1.0,1,fitz0,1,fitz0,0
KCI_FI002969644,pre2005,15,0,0,0,1,1.0,1,fitz0,1,fitz0,0
KCI_FI002969644,pre2005,16,0,0,0,1,1.0,1,fitz0,1,fitz0,0
KCI_FI002969644,pre2005,17,0,0,0,1,1.0,1,fitz0,1,fitz0,0
KCI_FI002969644,pre2005,18,0,0,0,1,1.0,1,fitz0,1,fitz0,0
KCI_FI002969644,pre2005,19,0,0,0,1,1.0,1,fitz0,1,fitz0,0
KCI_FI002969644,pre2005,20,0,0,0,1,1.0,1,fitz0,1,fitz0,0
KCI_FI002969644,pre2005,21,0,0,0,1,1.0,1,fitz0,1,fitz0,0
KCI_FI000852249,pre2005,0,32,32,32,1,0.33,0,short_ok,0,short_ok,0
KCI_FI000852249,pre2005,18,4,4,4,1,0.57,0,short_ok,0,short_ok,0
KCI_FI000852249,pre2005,19,9,9,9,1,0.44,0,short_ok,0,short_ok,0
KCI_FI000852249,pre2005,20,4,4,4,1,0.36,0,short_ok,0,short_ok,0
KCI_FI000852249,pre2005,21,9,9,9,1,0.07,0,short_ok,0,short_ok,0
KCI_FI001343141,pre2005,2,14,14,14,1,0.53,0,short_ok,1,scan_doc,1
KCI_FI001343141,pre2005,3,0,0,0,1,0.6,1,fitz0,1,fitz0,0
KCI_FI001343141,pre2005,4,0,0,0,1,0.58,1,fitz0,1,fitz0,0
KCI_FI001343141,pre2005,5,0,0,0,1,0.58,1,fitz0,1,fitz0,0
KCI_FI001343141,pre2005,6,0,0,0,1,0.52,1,fitz0,1,fitz0,0
KCI_FI001343141,pre2005,7,0,0,0,1,1.0,1,fitz0,1,fitz0,0
KCI_FI001343141,pre2005,8,0,0,0,1,0.6,1,fitz0,1,fitz0,0
KCI_FI001343141,pre2005,9,0,0,0,1,0.61,1,fitz0,1,fitz0,0
KCI_FI001343141,pre2005,10,0,0,0,1,0.62,1,fitz0,1,fitz0,0
KCI_FI001343141,pre2005,17,0,0,0,1,0.6,1,fitz0,1,fitz0,0
KCI_FI001343141,pre2005,18,0,0,0,1,0.58,1,fitz0,1,fitz0,0
KCI_FI001343141,pre2005,19,0,0,0,1,0.6,1,fitz0,1,fitz0,0
KCI_FI001343141,pre2005,20,0,0,0,1,0.61,1,fitz0,1,fitz0,0
KCI_FI001343141,pre2005,21,0,0,0,1,0.54,1,fitz0,1,fitz0,0
KCI_FI001169951,pre2005,0,0,0,0,1,0.25,1,fitz0,1,fitz0,0
KCI_FI001169951,pre2005,1,0,0,0,1,0.26,1,fitz0,1,fitz0,0
KCI_FI001169951,pre2005,2,0,0,0,1,0.36,1,fitz0,1,fitz0,0
KCI_FI001169951,pre2005,3,0,0,0,1,0.33,1,fitz0,1,fitz0,0
KCI_FI001169951,pre2005,4,0,0,0,1,0.27,1,fitz0,1,fitz0,0
KCI_FI001169951,pre2005,5,0,0,0,1,0.36,1,fitz0,1,fitz0,0
KCI_FI001169951,pre2005,6,0,0,0,1,0.25,1,fitz0,1,fitz0,0
KCI_FI001169951,pre2005,7,10,10,10,1,0.21,0,short_ok,1,scan_doc,1
KCI_FI001169951,pre2005,8,16,16,16,1,0.22,0,short_ok,1,scan_doc,1
KCI_FI001169951,pre2005,9,9,9,9,1,0.23,0,short_ok,1,scan_doc,1
KCI_FI001169951,pre2005,10,1,1,1,1,0.33,0,short_ok,1,scan_doc,1
KCI_FI001169951,pre2005,11,0,0,0,1,0.26,1,fitz0,1,fitz0,0
KCI_FI001169951,pre2005,12,0,0,0,1,0.27,1,fitz0,1,fitz0,0
KCI_FI001169951,pre2005,13,0,0,0,1,0.32,1,fitz0,1,fitz0,0
KCI_FI001169951,pre2005,14,0,0,0,1,0.28,1,fitz0,1,fitz0,0
KCI_FI001169951,pre2005,15,0,0,0,1,0.29,1,fitz0,1,fitz0,0
KCI_FI001634299,pre2005,0,0,0,0,1,1.0,1,fitz0,1,fitz0,0
KCI_FI001634299,pre2005,1,0,0,0,1,1.0,1,fitz0,1,fitz0,0
KCI_FI001634299,pre2005,2,0,0,0,1,1.0,1,fitz0,1,fitz0,0
KCI_FI001634299,pre2005,3,0,0,0,1,1.0,1,fitz0,1,fitz0,0
KCI_FI001634299,pre2005,4,0,0,0,1,1.0,1,fitz0,1,fitz0,0
KCI_FI001634299,pre2005,5,0,0,0,1,1.0,1,fitz0,1,fitz0,0
KCI_FI001634299,pre2005,6,0,0,0,1,1.0,1,fitz0,1,fitz0,0
KCI_FI001634299,pre2005,7,0,0,0,1,1.0,1,fitz0,1,fitz0,0
KCI_FI001634299,pre2005,8,0,0,0,1,1.0,1,fitz0,1,fitz0,0
KCI_FI001634299,pre2005,9,0,0,0,1,1.0,1,fitz0,1,fitz0,0
KCI_FI001634299,pre2005,10,0,0,0,1,1.0,1,fitz0,1,fitz0,0
KCI_FI001634299,pre2005,11,0,0,0,1,1.0,1,fitz0,1,fitz0,0
KCI_FI001634299,pre2005,12,0,0,0,1,1.0,1,fitz0,1,fitz0,0
KCI_FI000858125,pre2005,0,0,0,0,1,0.33,1,fitz0,1,fitz0,0
KCI_FI000858125,pre2005,1,0,0,0,1,0.48,1,fitz0,1,fitz0,0
KCI_FI000858125,pre2005,2,0,0,0,1,0.4,1,fitz0,1,fitz0,0
KCI_FI000858125,pre2005,3,0,0,0,1,0.47,1,fitz0,1,fitz0,0
KCI_FI000858125,pre2005,4,0,0,0,1,0.42,1,fitz0,1,fitz0,0
KCI_FI000858125,pre2005,5,0,0,0,1,0.47,1,fitz0,1,fitz0,0
KCI_FI000858125,pre2005,6,0,0,0,1,0.4,1,fitz0,1,fitz0,0
KCI_FI000858125,pre2005,7,0,0,0,1,0.39,1,fitz0,1,fitz0,0
KCI_FI000858125,pre2005,8,0,0,0,1,0.42,1,fitz0,1,fitz0,0
KCI_FI000858125,pre2005,9,0,0,0,1,0.38,1,fitz0,1,fitz0,0
KCI_FI000858125,pre2005,10,0,0,0,1,0.33,1,fitz0,1,fitz0,0
KCI_FI000858125,pre2005,11,0,0,0,1,0.46,1,fitz0,1,fitz0,0
KCI_FI000858125,pre2005,12,0,0,0,1,0.4,1,fitz0,1,fitz0,0
KCI_FI001195226,pre2005,0,3,0,0,1,0.45,0,short_ok,1,scan_doc,1
KCI_FI001195226,pre2005,1,9,6,6,1,0.65,0,short_ok,1,scan_doc,1
KCI_FI001195226,pre2005,4,3,0,0,1,0.52,0,short_ok,1,scan_doc,1
KCI_FI001195226,pre2005,5,3,0,0,1,0.28,0,short_ok,1,scan_doc,1
KCI_FI000878865,pre2005,1,0,0,0,1,0.47,1,fitz0,1,fitz0,0
KCI_FI000878865,pre2005,2,13,13,13,1,0.37,0,short_ok,1,scan_doc,1
KCI_FI000878865,pre2005,3,22,22,22,1,0.46,0,short_ok,1,scan_doc,1
KCI_FI000878865,pre2005,4,0,0,0,1,0.45,1,fitz0,1,fitz0,0
KCI_FI000878865,pre2005,5,12,12,12,1,0.39,0,short_ok,1,scan_doc,1
KCI_FI000878865,pre2005,6,6,6,6,1,0.47,0,short_ok,1,scan_doc,1
KCI_FI000878865,pre2005,8,42,42,42,1,0.39,0,short_ok,1,scan_doc,1
KCI_FI000878865,pre2005,9,45,45,45,1,0.35,0,short_ok,1,scan_doc,1
KCI_FI000878865,pre2005,11,18,18,18,1,0.5,0,short_ok,1,scan_doc,1
KCI_FI000878865,pre2005,13,20,20,20,1,0.5,0,short_ok,1,scan_doc,1
KCI_FI000878865,pre2005,16,0,0,0,1,0.48,1,fitz0,1,fitz0,0
KCI_FI000878865,pre2005,17,17,17,17,1,0.43,0,short_ok,1,scan_doc,1
KCI_FI000878865,pre2005,18,23,23,23,1,0.47,0,short_ok,1,scan_doc,1
KCI_FI000878865,pre2005,19,0,0,0,1,0.42,1,fitz0,1,fitz0,0
KCI_FI000878865,pre2005,20,0,0,0,1,0.25,1,fitz0,1,fitz0,0
KCI_FI000878865,pre2005,22,0,0,0,1,0.19,1,fitz0,1,fitz0,0
KCI_FI000992044,pre2005,0,31,31,31,1,0.37,0,short_ok,1,scan_doc,1
KCI_FI000992044,pre2005,1,4,4,4,1,0.47,0,short_ok,1,scan_doc,1
KCI_FI000992044,pre2005,2,0,0,0,1,0.55,1,fitz0,1,fitz0,0
KCI_FI000992044,pre2005,3,0,0,0,1,0.23,1,fitz0,1,fitz0,0
KCI_FI000851314,pre2005,2,18,17,17,1,0.07,0,short_ok,0,short_ok,0
KCI_FI000851314,pre2005,3,0,0,0,1,0.07,1,fitz0,1,fitz0,0
KCI_FI001360213,pre2005,0,0,0,0,1,1.0,1,fitz0,1,fitz0,0
KCI_FI001360213,pre2005,1,0,0,0,1,1.0,1,fitz0,1,fitz0,0
KCI_FI001360213,pre2005,2,0,0,0,1,1.0,1,fitz0,1,fitz0,0
KCI_FI001360213,pre2005,3,0,0,0,1,1.0,1,fitz0,1,fitz0,0
KCI_FI001360213,pre2005,4,0,0,0,1,1.0,1,fitz0,1,fitz0,0
KCI_FI001360213,pre2005,5,0,0,0,1,1.0,1,fitz0,1,fitz0,0
KCI_FI001360213,pre2005,6,0,0,0,1,1.0,1,fitz0,1,fitz0,0
KCI_FI001360213,pre2005,7,0,0,0,1,1.0,1,fitz0,1,fitz0,0
KCI_FI001360213,pre2005,8,0,0,0,1,1.0,1,fitz0,1,fitz0,0
KCI_FI001360213,pre2005,9,0,0,0,1,1.0,1,fitz0,1,fitz0,0
KCI_FI001360213,pre2005,10,0,0,0,1,1.0,1,fitz0,1,fitz0,0
KCI_FI001360213,pre2005,11,0,0,0,1,1.0,1,fitz0,1,fitz0,0
KCI_FI001360213,pre2005,12,0,0,0,1,1.0,1,fitz0,1,fitz0,0
KCI_FI001360213,pre2005,13,0,0,0,1,1.0,1,fitz0,1,fitz0,0
KCI_FI001360213,pre2005,14,0,0,0,1,1.0,1,fitz0,1,fitz0,0
KCI_FI001360213,pre2005,15,0,0,0,1,1.0,1,fitz0,1,fitz0,0
KCI_FI001360213,pre2005,16,0,0,0,1,1.0,1,fitz0,1,fitz0,0
KCI_FI001360213,pre2005,17,0,0,0,1,1.0,1,fitz0,1,fitz0,0
KCI_FI001360213,pre2005,18,0,0,0,1,1.0,1,fitz0,1,fitz0,0
KCI_FI001360213,pre2005,19,0,0,0,1,1.0,1,fitz0,1,fitz0,0
KCI_FI001360213,pre2005,20,0,0,0,1,1.0,1,fitz0,1,fitz0,0
KCI_FI001360213,pre2005,21,0,0,0,1,1.0,1,fitz0,1,fitz0,0
KCI_FI001360213,pre2005,22,0,0,0,1,1.0,1,fitz0,1,fitz0,0
KCI_FI001360213,pre2005,23,0,0,0,1,1.0,1,fitz0,1,fitz0,0
KCI_FI001360213,pre2005,24,0,0,0,1,1.0,1,fitz0,1,fitz0,0
KCI_FI001360213,pre2005,25,0,0,0,1,1.0,1,fitz0,1,fitz0,0
KCI_FI001360213,pre2005,26,0,0,0,1,1.0,1,fitz0,1,fitz0,0
KCI_FI001360213,pre2005,27,0,0,0,1,1.0,1,fitz0,1,fitz0,0
KCI_FI001360213,pre2005,28,0,0,0,1,1.0,1,fitz0,1,fitz0,0
KCI_FI001360213,pre2005,29,0,0,0,1,1.0,1,fitz0,1,fitz0,0
KCI_FI001360213,pre2005,30,0,0,0,1,1.0,1,fitz0,1,fitz0,0
KCI_FI001360213,pre2005,31,0,0,0,1,1.0,1,fitz0,1,fitz0,0
KCI_FI001360213,pre2005,32,0,0,0,1,1.0,1,fitz0,1,fitz0,0
KCI_FI001360213,pre2005,33,0,0,0,1,1.0,1,fitz0,1,fitz0,0
KCI_FI001360213,pre2005,34,0,0,0,1,1.0,1,fitz0,1,fitz0,0
KCI_FI001360213,pre2005,35,0,0,0,1,1.0,1,fitz0,1,fitz0,0
KCI_FI001360213,pre2005,36,0,0,0,1,1.0,1,fitz0,1,fitz0,0
KCI_FI001360213,pre2005,37,0,0,0,1,1.0,1,fitz0,1,fitz0,0
KCI_FI001360213,pre2005,38,0,0,0,1,1.0,1,fitz0,1,fitz0,0
KCI_FI001360213,pre2005,39,0,0,0,1,1.0,1,fitz0,1,fitz0,0
KCI_FI001360213,pre2005,40,0,0,0,1,1.0,1,fitz0,1,fitz0,0
KCI_FI001360213,pre2005,41,0,0,0,1,1.0,1,fitz0,1,fitz0,0
KCI_FI001360213,pre2005,42,0,0,0,1,1.0,1,fitz0,1,fitz0,0
KCI_FI001360213,pre2005,43,0,0,0,1,1.0,1,fitz0,1,fitz0,0
KCI_FI001360213,pre2005,44,0,0,0,1,1.0,1,fitz0,1,fitz0,0
KCI_FI001360213,pre2005,45,0,0,0,1,1.0,1,fitz0,1,fitz0,0
KCI_FI001360213,pre2005,46,0,0,0,1,1.0,1,fitz0,1,fitz0,0
KCI_FI001360213,pre2005,47,0,0,0,1,1.0,1,fitz0,1,fitz0,0
KCI_FI001360213,pre2005,48,0,0,0,1,1.0,1,fitz0,1,fitz0,0
KCI_FI001360213,pre2005,49,0,0,0,1,1.0,1,fitz0,1,fitz0,0
KCI_FI001360213,pre2005,50,0,0,0,1,1.0,1,fitz0,1,fitz0,0
KCI_FI001360213,pre2005,51,0,0,0,1,1.0,1,fitz0,1,fitz0,0
KCI_FI001360213,pre2005,52,0,0,0,1,1.0,1,fitz0,1,fitz0,0
KCI_FI001360213,pre2005,53,0,0,0,1,1.0,1,fitz0,1,fitz0,0
KCI_FI001360213,pre2005,54,0,0,0,1,1.0,1,fitz0,1,fitz0,0
KCI_FI001360213,pre2005,55,0,0,0,1,1.0,1,fitz0,1,fitz0,0
KCI_FI001360213,pre2005,56,0,0,0,1,1.0,1,fitz0,1,fitz0,0
KCI_FI001360213,pre2005,57,0,0,0,1,1.0,1,fitz0,1,fitz0,0
KCI_FI001360213,pre2005,58,0,0,0,1,1.0,1,fitz0,1,fitz0,0
KCI_FI001360213,pre2005,59,0,0,0,1,1.0,1,fitz0,1,fitz0,0
KCI_FI001360213,pre2005,60,0,0,0,1,1.0,1,fitz0,1,fitz0,0
KCI_FI001360213,pre2005,61,0,0,0,1,1.0,1,fitz0,1,fitz0,0
KCI_FI001360213,pre2005,62,0,0,0,1,1.0,1,fitz0,1,fitz0,0
KCI_FI001360213,pre2005,63,0,0,0,1,1.0,1,fitz0,1,fitz0,0
KCI_FI001360213,pre2005,64,0,0,0,1,1.0,1,fitz0,1,fitz0,0
KCI_FI001360213,pre2005,65,0,0,0,1,1.0,1,fitz0,1,fitz0,0
KCI_FI001360213,pre2005,66,0,0,0,1,1.0,1,fitz0,1,fitz0,0
KCI_FI001360213,pre2005,67,0,0,0,1,1.0,1,fitz0,1,fitz0,0
KCI_FI001360213,pre2005,68,0,0,0,1,1.0,1,fitz0,1,fitz0,0
KCI_FI001360213,pre2005,69,0,0,0,1,1.0,1,fitz0,1,fitz0,0
KCI_FI001360213,pre2005,70,0,0,0,1,1.0,1,fitz0,1,fitz0,0
KCI_FI001360213,pre2005,71,0,0,0,1,1.0,1,fitz0,1,fitz0,0
KCI_FI001360213,pre2005,72,0,0,0,1,1.0,1,fitz0,1,fitz0,0
KCI_FI001360213,pre2005,73,0,0,0,1,1.0,1,fitz0,1,fitz0,0
KCI_FI001360213,pre2005,74,0,0,0,1,1.0,1,fitz0,1,fitz0,0
KCI_FI001360213,pre2005,75,0,0,0,1,1.0,1,fitz0,1,fitz0,0
KCI_FI001360213,pre2005,76,0,0,0,1,1.0,1,fitz0,1,fitz0,0
KCI_FI001360213,pre2005,77,0,0,0,1,1.0,1,fitz0,1,fitz0,0
KCI_FI001360213,pre2005,78,0,0,0,1,1.0,1,fitz0,1,fitz0,0
KCI_FI001360213,pre2005,79,0,0,0,1,1.0,1,fitz0,1,fitz0,0
KCI_FI001360213,pre2005,80,0,0,0,1,1.0,1,fitz0,1,fitz0,0
KCI_FI001360213,pre2005,81,0,0,0,1,1.0,1,fitz0,1,fitz0,0
KCI_FI001360213,pre2005,82,0,0,0,1,1.0,1,fitz0,1,fitz0,0
KCI_FI001360213,pre2005,83,0,0,0,1,1.0,1,fitz0,1,fitz0,0
KCI_FI001360213,pre2005,84,0,0,0,1,1.0,1,fitz0,1,fitz0,0
KCI_FI001360213,pre2005,85,0,0,0,1,1.0,1,fitz0,1,fitz0,0
KCI_FI001360213,pre2005,86,0,0,0,1,1.0,1,fitz0,1,fitz0,0
KCI_FI001360213,pre2005,87,0,0,0,1,1.0,1,fitz0,1,fitz0,0
KCI_FI001360213,pre2005,88,0,0,0,1,1.0,1,fitz0,1,fitz0,0
KCI_FI001360213,pre2005,89,0,0,0,1,1.0,1,fitz0,1,fitz0,0
KCI_FI001407512,pre2005,0,0,0,0,1,1.0,1,fitz0,1,fitz0,0
KCI_FI001407512,pre2005,1,0,0,0,1,1.0,1,fitz0,1,fitz0,0
KCI_FI001407512,pre2005,2,0,0,0,1,1.0,1,fitz0,1,fitz0,0
KCI_FI001407512,pre2005,3,0,0,0,1,1.0,1,fitz0,1,fitz0,0
KCI_FI001407512,pre2005,4,0,0,0,1,1.0,1,fitz0,1,fitz0,0
KCI_FI001407512,pre2005,5,0,0,0,1,1.0,1,fitz0,1,fitz0,0
KCI_FI001407512,pre2005,6,0,0,0,1,1.0,1,fitz0,1,fitz0,0
KCI_FI001407512,pre2005,7,0,0,0,1,1.0,1,fitz0,1,fitz0,0
KCI_FI001407512,pre2005,8,0,0,0,1,1.0,1,fitz0,1,fitz0,0
KCI_FI001407512,pre2005,9,0,0,0,1,1.0,1,fitz0,1,fitz0,0
KCI_FI001407512,pre2005,10,0,0,0,1,1.0,1,fitz0,1,fitz0,0
KCI_FI001407512,pre2005,11,0,0,0,1,1.0,1,fitz0,1,fitz0,0
KCI_FI001407512,pre2005,12,0,0,0,1,1.0,1,fitz0,1,fitz0,0
KCI_FI001407512,pre2005,13,0,0,0,1,1.0,1,fitz0,1,fitz0,0
KCI_FI001407512,pre2005,14,0,0,0,1,1.0,1,fitz0,1,fitz0,0
KCI_FI001407512,pre2005,15,0,0,0,1,1.0,1,fitz0,1,fitz0,0
KCI_FI001407512,pre2005,16,0,0,0,1,1.0,1,fitz0,1,fitz0,0
KCI_FI001407512,pre2005,17,0,0,0,1,1.0,1,fitz0,1,fitz0,0
KCI_FI001407512,pre2005,18,0,0,0,1,1.0,1,fitz0,1,fitz0,0
KCI_FI001407512,pre2005,19,0,0,0,1,1.0,1,fitz0,1,fitz0,0
KCI_FI001407512,pre2005,20,0,0,0,1,1.0,1,fitz0,1,fitz0,0
KCI_FI001407512,pre2005,21,0,0,0,1,1.0,1,fitz0,1,fitz0,0
KCI_FI001407512,pre2005,22,0,0,0,1,1.0,1,fitz0,1,fitz0,0
KCI_FI001407512,pre2005,23,0,0,0,1,1.0,1,fitz0,1,fitz0,0
KCI_FI000898558,pre2005,1,33,19,19,1,0.43,0,short_ok,1,scan_doc,1
KCI_FI000898558,pre2005,3,21,10,10,1,0.43,0,short_ok,1,scan_doc,1
KCI_FI000898558,pre2005,4,83,49,49,1,0.53,1,odl_missed,1,scan_doc,0
KCI_FI000898558,pre2005,5,25,12,12,1,0.37,0,short_ok,1,scan_doc,1
KCI_FI000898558,pre2005,6,26,14,14,1,0.6,0,short_ok,1,scan_doc,1
KCI_FI000898558,pre2005,7,50,24,24,1,0.51,1,odl_missed,1,scan_doc,0
KCI_FI000898558,pre2005,8,65,39,39,1,0.58,1,odl_missed,1,scan_doc,0
KCI_FI000898558,pre2005,10,2,0,0,1,0.55,0,short_ok,1,scan_doc,1
KCI_FI000898558,pre2005,11,32,12,12,1,0.34,0,short_ok,1,scan_doc,1
KCI_FI000898558,pre2005,12,2,0,0,1,0.33,0,short_ok,1,scan_doc,1
KCI_FI000898558,pre2005,13,7,0,0,1,0.36,0,short_ok,1,scan_doc,1
KCI_FI000898558,pre2005,14,2,0,0,1,0.23,0,short_ok,1,scan_doc,1
KCI_FI000874630,pre2005,14,0,0,0,1,0.28,1,fitz0,1,fitz0,0
KCI_FI000874630,pre2005,15,0,0,0,1,0.24,1,fitz0,1,fitz0,0
KCI_FI001167159,pre2005,15,9,6,6,1,0.08,0,short_ok,0,short_ok,0
KCI_FI000856379,pre2005,0,0,0,0,1,0.45,1,fitz0,1,fitz0,0
KCI_FI000856379,pre2005,1,51,49,49,1,0.51,1,odl_missed,1,scan_doc,0
KCI_FI000856379,pre2005,3,182,84,84,0,,1,cmap,1,cmap,0
KCI_FI000856379,pre2005,4,81,49,49,1,0.34,1,odl_missed,1,scan_doc,0
KCI_FI000856379,pre2005,5,0,0,0,1,0.32,1,fitz0,1,fitz0,0
KCI_FI002766872,pre2005,0,0,0,0,1,1.0,1,fitz0,1,fitz0,0
KCI_FI002766872,pre2005,1,0,0,0,1,1.0,1,fitz0,1,fitz0,0
KCI_FI002766872,pre2005,2,0,0,0,1,1.0,1,fitz0,1,fitz0,0
KCI_FI002766872,pre2005,3,0,0,0,1,1.0,1,fitz0,1,fitz0,0
KCI_FI002766872,pre2005,4,0,0,0,1,1.0,1,fitz0,1,fitz0,0
KCI_FI002766872,pre2005,5,0,0,0,1,1.0,1,fitz0,1,fitz0,0
KCI_FI002766872,pre2005,6,0,0,0,1,1.0,1,fitz0,1,fitz0,0
KCI_FI000870585,pre2005,0,28,28,28,1,1.0,0,short_ok,1,scan_doc,1
KCI_FI000870585,pre2005,1,0,0,0,1,1.0,1,fitz0,1,fitz0,0
KCI_FI000870585,pre2005,2,0,0,0,1,1.0,1,fitz0,1,fitz0,0
KCI_FI000870585,pre2005,3,0,0,0,1,1.0,1,fitz0,1,fitz0,0
KCI_FI000870585,pre2005,4,0,0,0,1,1.0,1,fitz0,1,fitz0,0
KCI_FI000870585,pre2005,5,0,0,0,1,1.0,1,fitz0,1,fitz0,0
KCI_FI000870585,pre2005,6,0,0,0,1,1.0,1,fitz0,1,fitz0,0
KCI_FI002201224,pre2005,0,0,0,0,1,1.0,1,fitz0,1,fitz0,0
KCI_FI002201224,pre2005,1,0,0,0,1,1.0,1,fitz0,1,fitz0,0
KCI_FI002201224,pre2005,2,0,0,0,1,1.0,1,fitz0,1,fitz0,0
KCI_FI002201224,pre2005,3,0,0,0,1,1.0,1,fitz0,1,fitz0,0
KCI_FI002201224,pre2005,4,0,0,0,1,1.0,1,fitz0,1,fitz0,0
KCI_FI002201224,pre2005,5,0,0,0,1,1.0,1,fitz0,1,fitz0,0
KCI_FI002201224,pre2005,6,0,0,0,1,1.0,1,fitz0,1,fitz0,0
KCI_FI002201224,pre2005,7,0,0,0,1,1.0,1,fitz0,1,fitz0,0
KCI_FI002201224,pre2005,8,0,0,0,1,1.0,1,fitz0,1,fitz0,0
KCI_FI002201224,pre2005,9,0,0,0,1,1.0,1,fitz0,1,fitz0,0
KCI_FI002201224,pre2005,10,0,0,0,1,1.0,1,fitz0,1,fitz0,0
KCI_FI002201224,pre2005,11,0,0,0,1,1.0,1,fitz0,1,fitz0,0
KCI_FI002201224,pre2005,12,0,0,0,1,1.0,1,fitz0,1,fitz0,0
KCI_FI002201224,pre2005,13,0,0,0,1,1.0,1,fitz0,1,fitz0,0
KCI_FI001000080,pre2005,0,0,0,0,1,0.55,1,fitz0,1,fitz0,0
KCI_FI001000080,pre2005,1,0,0,0,1,0.53,1,fitz0,1,fitz0,0
KCI_FI001000080,pre2005,4,0,0,0,1,0.47,1,fitz0,1,fitz0,0
KCI_FI000961274,pre2005,0,0,0,0,1,0.27,1,fitz0,1,fitz0,0
KCI_FI000961274,pre2005,1,0,0,0,1,0.33,1,fitz0,1,fitz0,0
KCI_FI000961274,pre2005,2,0,0,0,1,0.34,1,fitz0,1,fitz0,0
KCI_FI000961274,pre2005,3,0,0,0,1,0.33,1,fitz0,1,fitz0,0
KCI_FI000961274,pre2005,4,0,0,0,1,0.34,1,fitz0,1,fitz0,0
KCI_FI000961274,pre2005,5,0,0,0,1,0.35,1,fitz0,1,fitz0,0
KCI_FI000961274,pre2005,6,0,0,0,1,0.32,1,fitz0,1,fitz0,0
KCI_FI000961274,pre2005,7,0,0,0,1,0.32,1,fitz0,1,fitz0,0
KCI_FI000961274,pre2005,8,0,0,0,1,0.33,1,fitz0,1,fitz0,0
KCI_FI000961274,pre2005,9,0,0,0,1,0.34,1,fitz0,1,fitz0,0
KCI_FI000961274,pre2005,10,0,0,0,1,0.34,1,fitz0,1,fitz0,0
KCI_FI000961274,pre2005,11,0,0,0,1,0.34,1,fitz0,1,fitz0,0
KCI_FI000961274,pre2005,12,0,0,0,1,0.3,1,fitz0,1,fitz0,0
KCI_FI000961274,pre2005,13,0,0,0,1,0.36,1,fitz0,1,fitz0,0
KCI_FI000961274,pre2005,14,0,0,0,1,0.34,1,fitz0,1,fitz0,0
KCI_FI000961274,pre2005,15,0,0,0,1,0.33,1,fitz0,1,fitz0,0
KCI_FI000961274,pre2005,16,0,0,0,1,0.34,1,fitz0,1,fitz0,0
KCI_FI000961274,pre2005,17,0,0,0,1,0.33,1,fitz0,1,fitz0,0
KCI_FI000961274,pre2005,18,0,0,0,1,0.31,1,fitz0,1,fitz0,0
KCI_FI000961274,pre2005,19,0,0,0,1,0.25,1,fitz0,1,fitz0,0
KCI_FI001158073,pre2005,31,0,0,0,1,0.09,1,fitz0,1,fitz0,0
KCI_FI000894196,pre2005,15,13,10,10,1,0.02,0,short_ok,0,short_ok,0
KCI_FI003008111,pre2005,0,0,0,0,1,1.0,1,fitz0,1,fitz0,0
KCI_FI003008111,pre2005,1,0,0,0,1,1.0,1,fitz0,1,fitz0,0
KCI_FI003008111,pre2005,2,0,0,0,1,1.0,1,fitz0,1,fitz0,0
KCI_FI003008111,pre2005,3,0,0,0,1,1.0,1,fitz0,1,fitz0,0
KCI_FI003008111,pre2005,4,0,0,0,1,1.0,1,fitz0,1,fitz0,0
KCI_FI003008111,pre2005,5,0,0,0,1,1.0,1,fitz0,1,fitz0,0
KCI_FI003008111,pre2005,6,0,0,0,1,1.0,1,fitz0,1,fitz0,0
KCI_FI003008111,pre2005,7,0,0,0,1,1.0,1,fitz0,1,fitz0,0
KCI_FI003008111,pre2005,8,0,0,0,1,1.0,1,fitz0,1,fitz0,0
KCI_FI003008111,pre2005,9,0,0,0,1,1.0,1,fitz0,1,fitz0,0
KCI_FI003008111,pre2005,10,0,0,0,1,1.0,1,fitz0,1,fitz0,0
KCI_FI003008111,pre2005,11,0,0,0,1,1.0,1,fitz0,1,fitz0,0
KCI_FI003008111,pre2005,12,0,0,0,1,1.0,1,fitz0,1,fitz0,0
KCI_FI002078998,pre2005,0,0,0,0,1,1.0,1,fitz0,1,fitz0,0
KCI_FI002078998,pre2005,1,0,0,0,1,1.0,1,fitz0,1,fitz0,0
KCI_FI002078998,pre2005,2,0,0,0,1,1.0,1,fitz0,1,fitz0,0
KCI_FI002078998,pre2005,3,0,0,0,1,1.0,1,fitz0,1,fitz0,0
KCI_FI002078998,pre2005,4,0,0,0,1,1.0,1,fitz0,1,fitz0,0
KCI_FI002078998,pre2005,5,0,0,0,1,1.0,1,fitz0,1,fitz0,0
KCI_FI002078998,pre2005,6,0,0,0,1,1.0,1,fitz0,1,fitz0,0
KCI_FI002078998,pre2005,7,0,0,0,1,1.0,1,fitz0,1,fitz0,0
KCI_FI002078998,pre2005,8,0,0,0,1,1.0,1,fitz0,1,fitz0,0
KCI_FI002078998,pre2005,9,0,0,0,1,1.0,1,fitz0,1,fitz0,0
KCI_FI002078998,pre2005,10,0,0,0,1,1.0,1,fitz0,1,fitz0,0
KCI_FI002078998,pre2005,11,0,0,0,1,1.0,1,fitz0,1,fitz0,0
KCI_FI002078998,pre2005,12,0,0,0,1,1.0,1,fitz0,1,fitz0,0
KCI_FI002078998,pre2005,13,0,0,0,1,1.0,1,fitz0,1,fitz0,0
KCI_FI002078998,pre2005,14,0,0,0,1,1.0,1,fitz0,1,fitz0,0
KCI_FI002078998,pre2005,15,0,0,0,1,1.0,1,fitz0,1,fitz0,0
KCI_FI002078998,pre2005,16,0,0,0,1,1.0,1,fitz0,1,fitz0,0
KCI_FI002078998,pre2005,17,0,0,0,1,1.0,1,fitz0,1,fitz0,0
KCI_FI002078998,pre2005,18,0,0,0,1,1.0,1,fitz0,1,fitz0,0
KCI_FI002078998,pre2005,19,0,0,0,1,1.0,1,fitz0,1,fitz0,0
KCI_FI002078998,pre2005,20,0,0,0,1,1.0,1,fitz0,1,fitz0,0
KCI_FI002078998,pre2005,21,0,0,0,1,1.0,1,fitz0,1,fitz0,0
KCI_FI002078998,pre2005,22,0,0,0,1,1.0,1,fitz0,1,fitz0,0
KCI_FI002078998,pre2005,23,0,0,0,1,1.0,1,fitz0,1,fitz0,0
KCI_FI002078998,pre2005,24,0,0,0,1,1.0,1,fitz0,1,fitz0,0
KCI_FI002078998,pre2005,25,0,0,0,1,1.0,1,fitz0,1,fitz0,0
KCI_FI002078998,pre2005,26,0,0,0,1,1.0,1,fitz0,1,fitz0,0
KCI_FI002078998,pre2005,27,0,0,0,1,1.0,1,fitz0,1,fitz0,0
KCI_FI002078998,pre2005,28,0,0,0,1,1.0,1,fitz0,1,fitz0,0
KCI_FI002078998,pre2005,29,0,0,0,1,1.0,1,fitz0,1,fitz0,0
KCI_FI002078998,pre2005,30,0,0,0,1,1.0,1,fitz0,1,fitz0,0
KCI_FI002078998,pre2005,31,0,0,0,1,1.0,1,fitz0,1,fitz0,0
KCI_FI002623277,pre2005,0,0,0,0,1,1.0,1,fitz0,1,fitz0,0
KCI_FI002623277,pre2005,1,0,0,0,1,1.0,1,fitz0,1,fitz0,0
KCI_FI002623277,pre2005,2,0,0,0,1,1.0,1,fitz0,1,fitz0,0
KCI_FI002623277,pre2005,3,0,0,0,1,1.0,1,fitz0,1,fitz0,0
KCI_FI002623277,pre2005,4,0,0,0,1,1.0,1,fitz0,1,fitz0,0
KCI_FI002623277,pre2005,5,0,0,0,1,1.0,1,fitz0,1,fitz0,0
KCI_FI002623277,pre2005,6,0,0,0,1,1.0,1,fitz0,1,fitz0,0
KCI_FI002623277,pre2005,7,0,0,0,1,1.0,1,fitz0,1,fitz0,0
KCI_FI002623277,pre2005,8,0,0,0,1,1.0,1,fitz0,1,fitz0,0
KCI_FI002623277,pre2005,9,0,0,0,1,1.0,1,fitz0,1,fitz0,0
KCI_FI002623277,pre2005,10,0,0,0,1,1.0,1,fitz0,1,fitz0,0
KCI_FI002623277,pre2005,11,0,0,0,1,1.0,1,fitz0,1,fitz0,0
KCI_FI002623277,pre2005,12,0,0,0,1,1.0,1,fitz0,1,fitz0,0
KCI_FI002623277,pre2005,13,0,0,0,1,1.0,1,fitz0,1,fitz0,0
KCI_FI002623277,pre2005,14,0,0,0,1,1.0,1,fitz0,1,fitz0,0
KCI_FI002623277,pre2005,15,0,0,0,1,1.0,1,fitz0,1,fitz0,0
KCI_FI002623277,pre2005,16,0,0,0,1,1.0,1,fitz0,1,fitz0,0
KCI_FI002623277,pre2005,17,0,0,0,1,1.0,1,fitz0,1,fitz0,0
KCI_FI002623277,pre2005,18,0,0,0,1,1.0,1,fitz0,1,fitz0,0
KCI_FI002623277,pre2005,19,0,0,0,1,1.0,1,fitz0,1,fitz0,0
KCI_FI002623277,pre2005,20,0,0,0,1,1.0,1,fitz0,1,fitz0,0
KCI_FI002623277,pre2005,21,0,0,0,1,1.0,1,fitz0,1,fitz0,0
KCI_FI002623277,pre2005,22,0,0,0,1,1.0,1,fitz0,1,fitz0,0
KCI_FI002623277,pre2005,23,0,0,0,1,1.0,1,fitz0,1,fitz0,0
KCI_FI002623277,pre2005,24,0,0,0,1,1.0,1,fitz0,1,fitz0,0
KCI_FI002623277,pre2005,25,0,0,0,1,1.0,1,fitz0,1,fitz0,0
KCI_FI002623277,pre2005,26,0,0,0,1,1.0,1,fitz0,1,fitz0,0
KCI_FI002623277,pre2005,27,0,0,0,1,1.0,1,fitz0,1,fitz0,0
KCI_FI002623277,pre2005,28,0,0,0,1,1.0,1,fitz0,1,fitz0,0
KCI_FI002623277,pre2005,29,0,0,0,1,1.0,1,fitz0,1,fitz0,0
KCI_FI002623277,pre2005,30,0,0,0,1,1.0,1,fitz0,1,fitz0,0
KCI_FI002623277,pre2005,31,0,0,0,1,1.0,1,fitz0,1,fitz0,0
KCI_FI000862753,pre2005,0,0,0,0,1,1.0,1,fitz0,1,fitz0,0
KCI_FI000862753,pre2005,1,0,0,0,1,1.0,1,fitz0,1,fitz0,0
KCI_FI000862753,pre2005,2,0,0,0,1,1.0,1,fitz0,1,fitz0,0
KCI_FI000862753,pre2005,3,0,0,0,1,1.0,1,fitz0,1,fitz0,0
KCI_FI000862753,pre2005,4,0,0,0,1,1.0,1,fitz0,1,fitz0,0
KCI_FI000862753,pre2005,5,0,0,0,1,1.0,1,fitz0,1,fitz0,0
KCI_FI000862753,pre2005,6,0,0,0,1,1.0,1,fitz0,1,fitz0,0
KCI_FI000862753,pre2005,7,0,0,0,1,1.0,1,fitz0,1,fitz0,0
KCI_FI000862753,pre2005,8,0,0,0,1,1.0,1,fitz0,1,fitz0,0
KCI_FI000862753,pre2005,9,0,0,0,1,1.0,1,fitz0,1,fitz0,0
KCI_FI000862753,pre2005,10,0,0,0,1,1.0,1,fitz0,1,fitz0,0
KCI_FI000862753,pre2005,11,0,0,0,1,1.0,1,fitz0,1,fitz0,0
KCI_FI000862753,pre2005,12,0,0,0,1,1.0,1,fitz0,1,fitz0,0
KCI_FI000862753,pre2005,13,0,0,0,1,1.0,1,fitz0,1,fitz0,0
KCI_FI000862753,pre2005,14,0,0,0,1,1.0,1,fitz0,1,fitz0,0
KCI_FI000862753,pre2005,15,0,0,0,1,1.0,1,fitz0,1,fitz0,0
KCI_FI000862753,pre2005,16,0,0,0,1,1.0,1,fitz0,1,fitz0,0
KCI_FI000862753,pre2005,17,0,0,0,1,1.0,1,fitz0,1,fitz0,0
KCI_FI000862753,pre2005,18,0,0,0,1,1.0,1,fitz0,1,fitz0,0
KCI_FI000862753,pre2005,19,0,0,0,1,1.0,1,fitz0,1,fitz0,0
KCI_FI000862753,pre2005,20,0,0,0,1,1.0,1,fitz0,1,fitz0,0
KCI_FI000862753,pre2005,21,0,0,0,1,1.0,1,fitz0,1,fitz0,0
KCI_FI000862753,pre2005,22,0,0,0,1,1.0,1,fitz0,1,fitz0,0
KCI_FI000862753,pre2005,23,0,0,0,1,1.0,1,fitz0,1,fitz0,0
KCI_FI000862753,pre2005,24,0,0,0,1,1.0,1,fitz0,1,fitz0,0
KCI_FI000862753,pre2005,25,0,0,0,1,1.0,1,fitz0,1,fitz0,0
KCI_FI000862753,pre2005,26,0,0,0,1,1.0,1,fitz0,1,fitz0,0
KCI_FI000862753,pre2005,27,0,0,0,1,1.0,1,fitz0,1,fitz0,0
KCI_FI000862753,pre2005,28,0,0,0,1,1.0,1,fitz0,1,fitz0,0
KCI_FI000862753,pre2005,29,0,0,0,1,1.0,1,fitz0,1,fitz0,0
KCI_FI000862753,pre2005,30,0,0,0,1,1.0,1,fitz0,1,fitz0,0
KCI_FI000862753,pre2005,31,0,0,0,1,1.0,1,fitz0,1,fitz0,0
KCI_FI000862753,pre2005,32,0,0,0,1,1.0,1,fitz0,1,fitz0,0
KCI_FI000862753,pre2005,33,0,0,0,1,1.0,1,fitz0,1,fitz0,0
KCI_FI000862753,pre2005,34,0,0,0,1,1.0,1,fitz0,1,fitz0,0
KCI_FI000862753,pre2005,35,0,0,0,1,1.0,1,fitz0,1,fitz0,0
KCI_FI000862753,pre2005,36,0,0,0,1,1.0,1,fitz0,1,fitz0,0
KCI_FI000862753,pre2005,37,0,0,0,1,1.0,1,fitz0,1,fitz0,0
KCI_FI000862753,pre2005,38,0,0,0,1,1.0,1,fitz0,1,fitz0,0
KCI_FI000862753,pre2005,39,0,0,0,1,1.0,1,fitz0,1,fitz0,0
KCI_FI000862753,pre2005,40,0,0,0,1,1.0,1,fitz0,1,fitz0,0
KCI_FI000862753,pre2005,41,0,0,0,1,1.0,1,fitz0,1,fitz0,0
KCI_FI000862753,pre2005,42,0,0,0,1,1.0,1,fitz0,1,fitz0,0
KCI_FI000862753,pre2005,43,0,0,0,1,1.0,1,fitz0,1,fitz0,0
KCI_FI000862753,pre2005,44,0,0,0,1,1.0,1,fitz0,1,fitz0,0
KCI_FI000862753,pre2005,45,0,0,0,1,1.0,1,fitz0,1,fitz0,0
KCI_FI000862753,pre2005,46,0,0,0,1,1.0,1,fitz0,1,fitz0,0
KCI_FI000862753,pre2005,47,0,0,0,1,1.0,1,fitz0,1,fitz0,0
KCI_FI000862753,pre2005,48,0,0,0,1,1.0,1,fitz0,1,fitz0,0
KCI_FI000862753,pre2005,49,0,0,0,1,1.0,1,fitz0,1,fitz0,0
KCI_FI000862753,pre2005,50,0,0,0,1,1.0,1,fitz0,1,fitz0,0
KCI_FI000862753,pre2005,51,0,0,0,1,1.0,1,fitz0,1,fitz0,0
KCI_FI000862753,pre2005,52,0,0,0,1,1.0,1,fitz0,1,fitz0,0
KCI_FI000862753,pre2005,53,0,0,0,1,1.0,1,fitz0,1,fitz0,0
KCI_FI000862753,pre2005,54,0,0,0,1,1.0,1,fitz0,1,fitz0,0
KCI_FI001467697,pre2005,0,0,0,0,1,1.0,1,fitz0,1,fitz0,0
KCI_FI001467697,pre2005,1,0,0,0,1,1.0,1,fitz0,1,fitz0,0
KCI_FI001467697,pre2005,2,0,0,0,1,1.0,1,fitz0,1,fitz0,0
KCI_FI001467697,pre2005,3,0,0,0,1,1.0,1,fitz0,1,fitz0,0
KCI_FI001467697,pre2005,4,0,0,0,1,1.0,1,fitz0,1,fitz0,0
KCI_FI001467697,pre2005,5,0,0,0,1,1.0,1,fitz0,1,fitz0,0
KCI_FI000987164,pre2005,0,0,0,0,1,0.18,1,fitz0,1,fitz0,0
KCI_FI000987164,pre2005,1,0,0,0,1,0.34,1,fitz0,1,fitz0,0
KCI_FI000987164,pre2005,2,0,0,0,1,0.33,1,fitz0,1,fitz0,0
KCI_FI000987164,pre2005,3,0,0,0,1,0.3,1,fitz0,1,fitz0,0
KCI_FI000987164,pre2005,4,0,0,0,1,0.34,1,fitz0,1,fitz0,0
KCI_FI000987164,pre2005,5,0,0,0,1,0.33,1,fitz0,1,fitz0,0
KCI_FI000987164,pre2005,6,0,0,0,1,0.33,1,fitz0,1,fitz0,0
KCI_FI000987164,pre2005,7,0,0,0,1,0.31,1,fitz0,1,fitz0,0
KCI_FI000987164,pre2005,8,0,0,0,1,0.34,1,fitz0,1,fitz0,0
KCI_FI000987164,pre2005,9,0,0,0,1,0.3,1,fitz0,1,fitz0,0
KCI_FI000987164,pre2005,10,0,0,0,1,0.28,1,fitz0,1,fitz0,0
KCI_FI000987164,pre2005,11,1,1,1,1,0.32,0,short_ok,1,scan_doc,1
KCI_FI000987164,pre2005,12,0,0,0,1,0.32,1,fitz0,1,fitz0,0
KCI_FI000987164,pre2005,13,0,0,0,1,0.32,1,fitz0,1,fitz0,0
KCI_FI000987164,pre2005,14,0,0,0,1,0.31,1,fitz0,1,fitz0,0
KCI_FI000987164,pre2005,15,0,0,0,1,0.33,1,fitz0,1,fitz0,0
KCI_FI000987164,pre2005,16,0,0,0,1,0.33,1,fitz0,1,fitz0,0
KCI_FI000987164,pre2005,17,0,0,0,1,0.3,1,fitz0,1,fitz0,0
KCI_FI000987164,pre2005,18,0,0,0,1,0.33,1,fitz0,1,fitz0,0
KCI_FI000987164,pre2005,19,0,0,0,1,0.27,1,fitz0,1,fitz0,0
KCI_FI000987164,pre2005,20,0,0,0,1,0.33,1,fitz0,1,fitz0,0
KCI_FI000987164,pre2005,21,0,0,0,1,0.33,1,fitz0,1,fitz0,0
KCI_FI000987164,pre2005,22,0,0,0,1,0.34,1,fitz0,1,fitz0,0
KCI_FI000987164,pre2005,23,0,0,0,1,0.28,1,fitz0,1,fitz0,0
KCI_FI000987164,pre2005,24,0,0,0,1,0.32,1,fitz0,1,fitz0,0
KCI_FI000987164,pre2005,25,0,0,0,1,0.34,1,fitz0,1,fitz0,0
KCI_FI000987164,pre2005,26,0,0,0,1,0.32,1,fitz0,1,fitz0,0
KCI_FI000987164,pre2005,27,0,0,0,1,0.28,1,fitz0,1,fitz0,0
KCI_FI000987164,pre2005,28,0,0,0,1,0.34,1,fitz0,1,fitz0,0
KCI_FI000987164,pre2005,29,0,0,0,1,0.33,1,fitz0,1,fitz0,0
KCI_FI000987164,pre2005,30,0,0,0,1,0.13,1,fitz0,1,fitz0,0
KCI_FI000885714,pre2005,1,2,2,2,1,0.42,0,short_ok,1,scan_doc,1
KCI_FI000885714,pre2005,3,24,24,24,1,0.22,0,short_ok,1,scan_doc,1
KCI_FI000885714,pre2005,4,0,0,0,1,0.28,1,fitz0,1,fitz0,0
KCI_FI000885714,pre2005,5,29,29,29,1,0.39,0,short_ok,1,scan_doc,1
KCI_FI000885714,pre2005,6,11,11,11,1,0.42,0,short_ok,1,scan_doc,1
KCI_FI000885714,pre2005,7,12,12,12,1,0.36,0,short_ok,1,scan_doc,1
KCI_FI000885714,pre2005,8,0,0,0,1,0.44,1,fitz0,1,fitz0,0
KCI_FI000885714,pre2005,9,22,22,22,1,0.37,0,short_ok,1,scan_doc,1
KCI_FI000885714,pre2005,10,0,0,0,1,0.42,1,fitz0,1,fitz0,0
KCI_FI000885714,pre2005,11,20,20,20,1,0.18,0,short_ok,1,scan_doc,1
KCI_FI000888312,pre2005,0,0,0,0,1,1.0,1,fitz0,1,fitz0,0
KCI_FI000888312,pre2005,1,0,0,0,1,1.0,1,fitz0,1,fitz0,0
KCI_FI000888312,pre2005,2,0,0,0,1,1.0,1,fitz0,1,fitz0,0
KCI_FI000888312,pre2005,3,0,0,0,1,1.0,1,fitz0,1,fitz0,0
KCI_FI000888312,pre2005,4,0,0,0,1,1.0,1,fitz0,1,fitz0,0
KCI_FI000888312,pre2005,5,0,0,0,1,1.0,1,fitz0,1,fitz0,0
KCI_FI000888312,pre2005,6,0,0,0,1,1.0,1,fitz0,1,fitz0,0
KCI_FI000888312,pre2005,7,0,0,0,1,1.0,1,fitz0,1,fitz0,0
KCI_FI000888312,pre2005,8,0,0,0,1,1.0,1,fitz0,1,fitz0,0
KCI_FI000888312,pre2005,9,0,0,0,1,1.0,1,fitz0,1,fitz0,0
KCI_FI000888312,pre2005,10,0,0,0,1,1.0,1,fitz0,1,fitz0,0
KCI_FI000888312,pre2005,11,0,0,0,1,1.0,1,fitz0,1,fitz0,0
KCI_FI000888312,pre2005,12,0,0,0,1,1.0,1,fitz0,1,fitz0,0
KCI_FI000888312,pre2005,13,0,0,0,1,1.0,1,fitz0,1,fitz0,0
KCI_FI000888312,pre2005,14,0,0,0,1,1.0,1,fitz0,1,fitz0,0
KCI_FI000888312,pre2005,15,0,0,0,1,1.0,1,fitz0,1,fitz0,0
KCI_FI000888312,pre2005,16,0,0,0,1,1.0,1,fitz0,1,fitz0,0
KCI_FI000888312,pre2005,17,0,0,0,1,1.0,1,fitz0,1,fitz0,0
KCI_FI000888312,pre2005,18,0,0,0,1,1.0,1,fitz0,1,fitz0,0
KCI_FI000888312,pre2005,19,0,0,0,1,1.0,1,fitz0,1,fitz0,0
KCI_FI000888312,pre2005,20,0,0,0,1,1.0,1,fitz0,1,fitz0,0
KCI_FI000888312,pre2005,21,0,0,0,1,1.0,1,fitz0,1,fitz0,0
KCI_FI000888312,pre2005,22,0,0,0,1,1.0,1,fitz0,1,fitz0,0
KCI_FI000888312,pre2005,23,0,0,0,1,1.0,1,fitz0,1,fitz0,0
KCI_FI000888312,pre2005,24,0,0,0,1,1.0,1,fitz0,1,fitz0,0
KCI_FI000888312,pre2005,25,0,0,0,1,1.0,1,fitz0,1,fitz0,0
KCI_FI002622320,pre2005,0,0,0,0,1,1.0,1,fitz0,1,fitz0,0
KCI_FI002622320,pre2005,1,0,0,0,1,1.0,1,fitz0,1,fitz0,0
KCI_FI002622320,pre2005,2,0,0,0,1,1.0,1,fitz0,1,fitz0,0
KCI_FI002622320,pre2005,3,0,0,0,1,1.0,1,fitz0,1,fitz0,0
KCI_FI002622320,pre2005,4,0,0,0,1,1.0,1,fitz0,1,fitz0,0
KCI_FI002622320,pre2005,5,0,0,0,1,1.0,1,fitz0,1,fitz0,0
KCI_FI002622320,pre2005,6,0,0,0,1,1.0,1,fitz0,1,fitz0,0
KCI_FI002622320,pre2005,7,0,0,0,1,1.0,1,fitz0,1,fitz0,0
KCI_FI002622320,pre2005,8,0,0,0,1,1.0,1,fitz0,1,fitz0,0
KCI_FI002622320,pre2005,9,0,0,0,1,1.0,1,fitz0,1,fitz0,0
KCI_FI002622320,pre2005,10,0,0,0,1,1.0,1,fitz0,1,fitz0,0
KCI_FI002622320,pre2005,11,0,0,0,1,1.0,1,fitz0,1,fitz0,0
KCI_FI002622320,pre2005,12,0,0,0,1,1.0,1,fitz0,1,fitz0,0
KCI_FI002622320,pre2005,13,0,0,0,1,1.0,1,fitz0,1,fitz0,0
KCI_FI002622320,pre2005,14,0,0,0,1,1.0,1,fitz0,1,fitz0,0
KCI_FI002622320,pre2005,15,0,0,0,1,1.0,1,fitz0,1,fitz0,0
KCI_FI002622320,pre2005,16,0,0,0,1,1.0,1,fitz0,1,fitz0,0
KCI_FI002622320,pre2005,17,0,0,0,1,1.0,1,fitz0,1,fitz0,0
KCI_FI002622320,pre2005,18,0,0,0,1,1.0,1,fitz0,1,fitz0,0
KCI_FI002622320,pre2005,19,0,0,0,1,1.0,1,fitz0,1,fitz0,0
KCI_FI002622320,pre2005,20,0,0,0,1,1.0,1,fitz0,1,fitz0,0
KCI_FI002622320,pre2005,21,0,0,0,1,1.0,1,fitz0,1,fitz0,0
KCI_FI002622320,pre2005,22,0,0,0,1,1.0,1,fitz0,1,fitz0,0
KCI_FI002622320,pre2005,23,0,0,0,1,1.0,1,fitz0,1,fitz0,0
KCI_FI002622320,pre2005,24,0,0,0,1,1.0,1,fitz0,1,fitz0,0
KCI_FI002622320,pre2005,25,0,0,0,1,1.0,1,fitz0,1,fitz0,0
KCI_FI002622320,pre2005,26,0,0,0,1,1.0,1,fitz0,1,fitz0,0
KCI_FI002622320,pre2005,27,0,0,0,1,1.0,1,fitz0,1,fitz0,0
KCI_FI002622320,pre2005,28,0,0,0,1,1.0,1,fitz0,1,fitz0,0
KCI_FI002622320,pre2005,29,0,0,0,1,1.0,1,fitz0,1,fitz0,0
KCI_FI002622320,pre2005,30,0,0,0,1,1.0,1,fitz0,1,fitz0,0
KCI_FI002622320,pre2005,31,0,0,0,1,1.0,1,fitz0,1,fitz0,0
KCI_FI002622320,pre2005,32,0,0,0,1,1.0,1,fitz0,1,fitz0,0
KCI_FI002622320,pre2005,33,0,0,0,1,1.0,1,fitz0,1,fitz0,0
KCI_FI002622320,pre2005,34,0,0,0,1,1.0,1,fitz0,1,fitz0,0
KCI_FI002622320,pre2005,35,0,0,0,1,1.0,1,fitz0,1,fitz0,0
KCI_FI002622320,pre2005,36,0,0,0,1,1.0,1,fitz0,1,fitz0,0
KCI_FI002622320,pre2005,37,0,0,0,1,1.0,1,fitz0,1,fitz0,0
KCI_FI002622320,pre2005,38,0,0,0,1,1.0,1,fitz0,1,fitz0,0
KCI_FI002622320,pre2005,39,0,0,0,1,1.0,1,fitz0,1,fitz0,0
KCI_FI002622320,pre2005,40,0,0,0,1,1.0,1,fitz0,1,fitz0,0
KCI_FI000883959,pre2005,0,0,0,0,1,0.15,1,fitz0,1,fitz0,0
KCI_FI000883959,pre2005,1,0,0,0,1,0.19,1,fitz0,1,fitz0,0
KCI_FI000883959,pre2005,2,0,0,0,1,0.2,1,fitz0,1,fitz0,0
KCI_FI000883959,pre2005,3,0,0,0,1,0.19,1,fitz0,1,fitz0,0
KCI_FI000883959,pre2005,4,0,0,0,1,0.1,1,fitz0,1,fitz0,0
KCI_FI000883959,pre2005,5,0,0,0,1,0.26,1,fitz0,1,fitz0,0
KCI_FI000883959,pre2005,6,0,0,0,1,0.24,1,fitz0,1,fitz0,0
KCI_FI000883959,pre2005,7,0,0,0,1,0.27,1,fitz0,1,fitz0,0
KCI_FI000883959,pre2005,8,0,0,0,1,0.27,1,fitz0,1,fitz0,0
KCI_FI000883959,pre2005,9,0,0,0,1,0.29,1,fitz0,1,fitz0,0
KCI_FI000883959,pre2005,10,0,0,0,1,0.26,1,fitz0,1,fitz0,0
KCI_FI000883959,pre2005,11,0,0,0,1,0.2,1,fitz0,1,fitz0,0
KCI_FI000883959,pre2005,12,0,0,0,1,0.24,1,fitz0,1,fitz0,0
KCI_FI000883959,pre2005,13,0,0,0,1,0.17,1,fitz0,1,fitz0,0
KCI_FI000883959,pre2005,14,12,12,12,1,0.16,0,short_ok,1,scan_doc,1
KCI_FI000883959,pre2005,15,0,0,0,1,0.24,1,fitz0,1,fitz0,0
KCI_FI000883959,pre2005,16,0,0,0,1,0.29,1,fitz0,1,fitz0,0
KCI_FI000883959,pre2005,17,1,1,1,1,0.29,0,short_ok,1,scan_doc,1
KCI_FI000883959,pre2005,18,0,0,0,1,0.08,1,fitz0,1,fitz0,0
KCI_FI000883959,pre2005,19,0,0,0,1,0.12,1,fitz0,1,fitz0,0
KCI_FI000883959,pre2005,20,0,0,0,1,0.19,1,fitz0,1,fitz0,0
KCI_FI000883959,pre2005,21,0,0,0,1,0.31,1,fitz0,1,fitz0,0
KCI_FI000883959,pre2005,22,0,0,0,1,0.16,1,fitz0,1,fitz0,0
KCI_FI000883959,pre2005,23,0,0,0,1,0.17,1,fitz0,1,fitz0,0
KCI_FI000883959,pre2005,24,0,0,0,1,0.19,1,fitz0,1,fitz0,0
KCI_FI000883959,pre2005,25,0,0,0,1,0.19,1,fitz0,1,fitz0,0
KCI_FI000883959,pre2005,26,0,0,0,1,0.19,1,fitz0,1,fitz0,0
KCI_FI000883959,pre2005,27,0,0,0,1,0.18,1,fitz0,1,fitz0,0
KCI_FI000883959,pre2005,28,0,0,0,1,0.17,1,fitz0,1,fitz0,0
KCI_FI000883959,pre2005,29,0,0,0,1,0.14,1,fitz0,1,fitz0,0
KCI_FI000883959,pre2005,30,1,1,1,1,0.15,0,short_ok,1,scan_doc,1
KCI_FI000883959,pre2005,31,1,1,1,1,0.16,0,short_ok,1,scan_doc,1
KCI_FI000883959,pre2005,32,1,1,1,1,0.13,0,short_ok,1,scan_doc,1
KCI_FI000883959,pre2005,33,0,0,0,1,0.22,1,fitz0,1,fitz0,0
KCI_FI000883959,pre2005,34,0,0,0,1,0.27,1,fitz0,1,fitz0,0
KCI_FI000883959,pre2005,35,0,0,0,1,0.29,1,fitz0,1,fitz0,0
KCI_FI000883959,pre2005,36,5,5,5,1,0.31,0,short_ok,1,scan_doc,1
KCI_FI000883959,pre2005,37,5,5,5,1,0.26,0,short_ok,1,scan_doc,1
KCI_FI000883959,pre2005,38,0,0,0,1,0.13,1,fitz0,1,fitz0,0
KCI_FI000883959,pre2005,39,0,0,0,1,0.24,1,fitz0,1,fitz0,0
KCI_FI000883959,pre2005,40,0,0,0,1,0.26,1,fitz0,1,fitz0,0
KCI_FI000883959,pre2005,41,0,0,0,1,0.17,1,fitz0,1,fitz0,0
KCI_FI000883959,pre2005,42,0,0,0,1,0.18,1,fitz0,1,fitz0,0
KCI_FI000883959,pre2005,43,0,0,0,1,0.2,1,fitz0,1,fitz0,0
KCI_FI000883959,pre2005,44,0,0,0,1,0.21,1,fitz0,1,fitz0,0
KCI_FI000883959,pre2005,45,0,0,0,1,0.2,1,fitz0,1,fitz0,0
KCI_FI000883959,pre2005,46,0,0,0,1,0.2,1,fitz0,1,fitz0,0
KCI_FI000883959,pre2005,47,0,0,0,1,0.08,1,fitz0,1,fitz0,0
KCI_FI001143183,pre2005,0,22,22,22,1,0.37,0,short_ok,1,scan_doc,1
KCI_FI001143183,pre2005,1,11,11,11,1,0.4,0,short_ok,1,scan_doc,1
KCI_FI001143183,pre2005,2,6,6,6,1,0.38,0,short_ok,1,scan_doc,1
KCI_FI001143183,pre2005,3,26,26,26,1,0.32,0,short_ok,1,scan_doc,1
KCI_FI001143183,pre2005,5,34,34,34,1,0.35,0,short_ok,1,scan_doc,1
KCI_FI001143183,pre2005,6,11,11,11,1,0.32,0,short_ok,1,scan_doc,1
KCI_FI001143183,pre2005,7,30,30,30,1,0.31,0,short_ok,1,scan_doc,1
KCI_FI001143183,pre2005,8,30,30,30,1,0.42,0,short_ok,1,scan_doc,1
KCI_FI001143183,pre2005,9,24,24,24,1,0.44,0,short_ok,1,scan_doc,1
KCI_FI001143183,pre2005,10,18,18,18,1,0.48,0,short_ok,1,scan_doc,1
KCI_FI001143183,pre2005,11,20,20,20,1,0.33,0,short_ok,1,scan_doc,1
KCI_FI001143183,pre2005,12,0,0,0,1,0.28,1,fitz0,1,fitz0,0
KCI_FI001143183,pre2005,13,0,0,0,1,0.3,1,fitz0,1,fitz0,0
KCI_FI001143183,pre2005,14,0,0,0,1,0.41,1,fitz0,1,fitz0,0
KCI_FI001143183,pre2005,15,13,13,13,1,0.37,0,short_ok,1,scan_doc,1
KCI_FI001143183,pre2005,16,15,15,15,1,0.38,0,short_ok,1,scan_doc,1
KCI_FI001143183,pre2005,17,0,0,0,1,0.44,1,fitz0,1,fitz0,0
KCI_FI001143183,pre2005,18,15,15,15,1,0.34,0,short_ok,1,scan_doc,1
KCI_FI001143183,pre2005,19,6,6,6,1,0.32,0,short_ok,1,scan_doc,1
KCI_FI001143183,pre2005,21,0,0,0,1,0.07,1,fitz0,1,fitz0,0
KCI_FI000913676,pre2005,0,24,22,22,1,0.25,0,short_ok,1,scan_doc,1
KCI_FI000913676,pre2005,1,12,8,8,1,0.39,0,short_ok,1,scan_doc,1
KCI_FI000913676,pre2005,2,21,19,19,1,0.43,0,short_ok,1,scan_doc,1
KCI_FI000913676,pre2005,3,12,8,8,1,0.42,0,short_ok,1,scan_doc,1
KCI_FI000913676,pre2005,4,21,19,19,1,0.36,0,short_ok,1,scan_doc,1
KCI_FI000913676,pre2005,5,12,8,8,1,0.37,0,short_ok,1,scan_doc,1
KCI_FI000913676,pre2005,6,21,19,19,1,0.44,0,short_ok,1,scan_doc,1
KCI_FI000913676,pre2005,7,12,8,8,1,0.42,0,short_ok,1,scan_doc,1
KCI_FI000913676,pre2005,8,21,19,19,1,0.47,0,short_ok,1,scan_doc,1
KCI_FI000913676,pre2005,9,12,8,8,1,0.41,0,short_ok,1,scan_doc,1
KCI_FI000913676,pre2005,10,22,20,20,1,0.26,0,short_ok,1,scan_doc,1
KCI_FI000913676,pre2005,11,13,8,8,1,0.28,0,short_ok,1,scan_doc,1
KCI_FI000913676,pre2005,12,24,21,21,1,0.3,0,short_ok,1,scan_doc,1
KCI_FI000913676,pre2005,15,13,8,8,1,0.33,0,short_ok,1,scan_doc,1
KCI_FI000913676,pre2005,17,13,8,8,1,0.4,0,short_ok,1,scan_doc,1
KCI_FI000913676,pre2005,18,22,19,19,1,0.46,0,short_ok,1,scan_doc,1
KCI_FI000913676,pre2005,19,13,8,8,1,0.48,0,short_ok,1,scan_doc,1
KCI_FI000913676,pre2005,20,22,19,19,1,0.43,0,short_ok,1,scan_doc,1
KCI_FI000913676,pre2005,21,13,8,8,1,0.41,0,short_ok,1,scan_doc,1
KCI_FI000913676,pre2005,22,22,19,19,1,0.46,0,short_ok,1,scan_doc,1
KCI_FI000913676,pre2005,23,13,8,8,1,0.46,0,short_ok,1,scan_doc,1
KCI_FI000913676,pre2005,24,22,19,19,1,0.41,0,short_ok,1,scan_doc,1
KCI_FI000913676,pre2005,25,13,8,8,1,0.42,0,short_ok,1,scan_doc,1
KCI_FI000913676,pre2005,26,24,21,21,1,0.41,0,short_ok,1,scan_doc,1
KCI_FI000913676,pre2005,27,13,8,8,1,0.5,0,short_ok,1,scan_doc,1
KCI_FI000913676,pre2005,28,22,19,19,1,0.27,0,short_ok,1,scan_doc,1
KCI_FI000913676,pre2005,29,13,8,8,1,0.31,0,short_ok,1,scan_doc,1
KCI_FI000913676,pre2005,30,22,19,19,1,0.23,0,short_ok,1,scan_doc,1
KCI_FI001980174,pre2005,0,0,0,0,1,1.0,1,fitz0,1,fitz0,0
KCI_FI001980174,pre2005,1,0,0,0,1,1.0,1,fitz0,1,fitz0,0
KCI_FI001980174,pre2005,2,0,0,0,1,1.0,1,fitz0,1,fitz0,0
KCI_FI001980174,pre2005,3,0,0,0,1,1.0,1,fitz0,1,fitz0,0
KCI_FI001980174,pre2005,4,0,0,0,1,1.0,1,fitz0,1,fitz0,0
KCI_FI001980174,pre2005,5,0,0,0,1,1.0,1,fitz0,1,fitz0,0
KCI_FI001980174,pre2005,6,0,0,0,1,1.0,1,fitz0,1,fitz0,0
KCI_FI001980174,pre2005,7,0,0,0,1,1.0,1,fitz0,1,fitz0,0
KCI_FI001980174,pre2005,8,0,0,0,1,1.0,1,fitz0,1,fitz0,0
KCI_FI001465828,pre2005,0,0,0,0,1,1.0,1,fitz0,1,fitz0,0
KCI_FI001465828,pre2005,1,0,0,0,1,1.0,1,fitz0,1,fitz0,0
KCI_FI001465828,pre2005,2,0,0,0,1,1.0,1,fitz0,1,fitz0,0
KCI_FI001465828,pre2005,3,0,0,0,1,1.0,1,fitz0,1,fitz0,0
KCI_FI001465828,pre2005,4,0,0,0,1,1.0,1,fitz0,1,fitz0,0
KCI_FI001465828,pre2005,5,0,0,0,1,1.0,1,fitz0,1,fitz0,0
KCI_FI001465828,pre2005,6,0,0,0,1,1.0,1,fitz0,1,fitz0,0
KCI_FI001465828,pre2005,7,0,0,0,1,1.0,1,fitz0,1,fitz0,0
KCI_FI001465828,pre2005,8,0,0,0,1,1.0,1,fitz0,1,fitz0,0
KCI_FI001465828,pre2005,9,0,0,0,1,1.0,1,fitz0,1,fitz0,0
KCI_FI001465828,pre2005,10,0,0,0,1,1.0,1,fitz0,1,fitz0,0
KCI_FI000977242,pre2005,0,2,0,0,1,0.3,0,short_ok,1,scan_doc,1
KCI_FI000977242,pre2005,1,2,0,0,1,0.31,0,short_ok,1,scan_doc,1
KCI_FI000977242,pre2005,2,2,0,0,1,0.3,0,short_ok,1,scan_doc,1
KCI_FI000977242,pre2005,3,2,0,0,1,0.32,0,short_ok,1,scan_doc,1
KCI_FI000977242,pre2005,4,2,0,0,1,0.28,0,short_ok,1,scan_doc,1
KCI_FI000977242,pre2005,5,2,0,0,1,0.33,0,short_ok,1,scan_doc,1
KCI_FI000977242,pre2005,6,2,0,0,1,0.36,0,short_ok,1,scan_doc,1
KCI_FI000977242,pre2005,7,2,0,0,1,0.35,0,short_ok,1,scan_doc,1
KCI_FI000977242,pre2005,8,2,0,0,1,0.43,0,short_ok,1,scan_doc,1
KCI_FI000977242,pre2005,9,3,1,1,1,0.35,0,short_ok,1,scan_doc,1
KCI_FI000977242,pre2005,10,2,0,0,1,0.34,0,short_ok,1,scan_doc,1
KCI_FI000977242,pre2005,11,2,0,0,1,0.33,0,short_ok,1,scan_doc,1
KCI_FI000977242,pre2005,12,2,0,0,1,0.29,0,short_ok,1,scan_doc,1
KCI_FI000977242,pre2005,13,2,0,0,1,0.38,0,short_ok,1,scan_doc,1
KCI_FI000977242,pre2005,14,2,0,0,1,0.35,0,short_ok,1,scan_doc,1
KCI_FI000977242,pre2005,15,2,0,0,1,0.38,0,short_ok,1,scan_doc,1
KCI_FI000977242,pre2005,16,2,0,0,1,0.36,0,short_ok,1,scan_doc,1
KCI_FI000977242,pre2005,17,2,0,0,1,0.37,0,short_ok,1,scan_doc,1
KCI_FI000977242,pre2005,18,6,4,4,1,0.37,0,short_ok,1,scan_doc,1
KCI_FI000977242,pre2005,19,2,0,0,1,0.29,0,short_ok,1,scan_doc,1
KCI_FI000977242,pre2005,20,2,0,0,1,0.36,0,short_ok,1,scan_doc,1
KCI_FI000977242,pre2005,21,2,0,0,1,0.14,0,short_ok,1,scan_doc,1
KCI_FI000931126,pre2005,0,8,8,8,1,0.22,0,short_ok,1,scan_doc,1
KCI_FI000931126,pre2005,1,46,46,46,1,0.28,0,short_ok,1,scan_doc,1
KCI_FI000931126,pre2005,2,0,0,0,1,0.24,1,fitz0,1,fitz0,0
KCI_FI000931126,pre2005,3,0,0,0,1,0.32,1,fitz0,1,fitz0,0
KCI_FI000931126,pre2005,4,0,0,0,1,0.33,1,fitz0,1,fitz0,0
KCI_FI000931126,pre2005,5,0,0,0,1,0.32,1,fitz0,1,fitz0,0
KCI_FI000931126,pre2005,6,0,0,0,1,0.28,1,fitz0,1,fitz0,0
KCI_FI000931126,pre2005,7,0,0,0,1,0.34,1,fitz0,1,fitz0,0
KCI_FI000931126,pre2005,8,0,0,0,1,0.31,1,fitz0,1,fitz0,0
KCI_FI000931126,pre2005,9,0,0,0,1,0.29,1,fitz0,1,fitz0,0
KCI_FI000931126,pre2005,10,0,0,0,1,0.25,1,fitz0,1,fitz0,0
KCI_FI000931126,pre2005,11,0,0,0,1,0.31,1,fitz0,1,fitz0,0
KCI_FI000931126,pre2005,12,0,0,0,1,0.3,1,fitz0,1,fitz0,0
KCI_FI000931126,pre2005,13,0,0,0,1,0.3,1,fitz0,1,fitz0,0
KCI_FI000931126,pre2005,14,0,0,0,1,0.28,1,fitz0,1,fitz0,0
KCI_FI000931126,pre2005,15,0,0,0,1,0.33,1,fitz0,1,fitz0,0
KCI_FI000931126,pre2005,16,0,0,0,1,0.28,1,fitz0,1,fitz0,0
KCI_FI000931126,pre2005,17,0,0,0,1,0.32,1,fitz0,1,fitz0,0
KCI_FI000931126,pre2005,18,0,0,0,1,0.31,1,fitz0,1,fitz0,0
KCI_FI000931126,pre2005,19,0,0,0,1,0.27,1,fitz0,1,fitz0,0
KCI_FI000931126,pre2005,20,0,0,0,1,0.33,1,fitz0,1,fitz0,0
KCI_FI000931126,pre2005,21,0,0,0,1,0.33,1,fitz0,1,fitz0,0
KCI_FI000931126,pre2005,22,0,0,0,1,0.28,1,fitz0,1,fitz0,0
KCI_FI000931126,pre2005,23,0,0,0,1,0.27,1,fitz0,1,fitz0,0
KCI_FI000931126,pre2005,24,0,0,0,1,0.3,1,fitz0,1,fitz0,0
KCI_FI000931126,pre2005,25,0,0,0,1,0.25,1,fitz0,1,fitz0,0
KCI_FI000931126,pre2005,26,0,0,0,1,0.25,1,fitz0,1,fitz0,0
KCI_FI000931126,pre2005,27,0,0,0,1,0.32,1,fitz0,1,fitz0,0
KCI_FI000931126,pre2005,28,7,7,7,1,0.42,0,short_ok,1,scan_doc,1
KCI_FI000982367,pre2005,0,12,12,12,1,0.19,0,short_ok,0,short_ok,0
KCI_FI000982367,pre2005,1,10,10,10,1,0.11,0,short_ok,0,short_ok,0
KCI_FI000982367,pre2005,2,49,49,49,1,0.27,0,short_ok,0,short_ok,0
KCI_FI000982367,pre2005,3,23,23,23,1,0.2,0,short_ok,0,short_ok,0
KCI_FI000982367,pre2005,4,17,17,17,1,0.13,0,short_ok,0,short_ok,0
KCI_FI000982367,pre2005,21,13,13,13,1,0.19,0,short_ok,0,short_ok,0
KCI_FI000982367,pre2005,22,0,0,0,1,0.24,1,fitz0,1,fitz0,0
KCI_FI000982367,pre2005,23,0,0,0,1,0.4,1,fitz0,1,fitz0,0
KCI_FI000982367,pre2005,24,34,34,34,1,0.23,0,short_ok,0,short_ok,0
KCI_FI000890282,pre2005,0,3,0,0,1,0.23,0,short_ok,1,scan_doc,1
KCI_FI000890282,pre2005,1,3,0,0,1,0.42,0,short_ok,1,scan_doc,1
KCI_FI000890282,pre2005,2,3,0,0,1,0.42,0,short_ok,1,scan_doc,1
KCI_FI000890282,pre2005,3,3,0,0,1,0.34,0,short_ok,1,scan_doc,1
KCI_FI000890282,pre2005,4,4,1,1,1,0.36,0,short_ok,1,scan_doc,1
KCI_FI000890282,pre2005,5,3,0,0,1,0.31,0,short_ok,1,scan_doc,1
KCI_FI000890282,pre2005,6,3,0,0,1,0.38,0,short_ok,1,scan_doc,1
KCI_FI000890282,pre2005,7,3,0,0,1,0.3,0,short_ok,1,scan_doc,1
KCI_FI000890282,pre2005,8,3,0,0,1,0.3,0,short_ok,1,scan_doc,1
KCI_FI000890282,pre2005,9,3,0,0,1,0.38,0,short_ok,1,scan_doc,1
KCI_FI000890282,pre2005,10,3,0,0,1,0.29,0,short_ok,1,scan_doc,1
KCI_FI000890282,pre2005,11,3,0,0,1,0.23,0,short_ok,1,scan_doc,1
KCI_FI000890282,pre2005,12,3,0,0,1,0.32,0,short_ok,1,scan_doc,1
KCI_FI000890282,pre2005,13,3,0,0,1,0.26,0,short_ok,1,scan_doc,1
KCI_FI000890282,pre2005,14,9,6,6,1,0.29,0,short_ok,1,scan_doc,1
KCI_FI000890282,pre2005,16,21,18,18,1,0.26,0,short_ok,1,scan_doc,1
KCI_FI000890282,pre2005,17,3,0,0,1,0.21,0,short_ok,1,scan_doc,1
KCI_FI000890282,pre2005,18,4,1,1,1,0.22,0,short_ok,1,scan_doc,1
KCI_FI000890282,pre2005,19,3,0,0,1,0.25,0,short_ok,1,scan_doc,1
KCI_FI000890282,pre2005,20,3,0,0,1,0.32,0,short_ok,1,scan_doc,1
KCI_FI000890282,pre2005,21,3,0,0,1,0.54,0,short_ok,1,scan_doc,1
KCI_FI000890282,pre2005,22,3,0,0,1,0.32,0,short_ok,1,scan_doc,1
KCI_FI000890282,pre2005,23,3,0,0,1,0.38,0,short_ok,1,scan_doc,1
KCI_FI000890282,pre2005,24,3,0,0,1,0.37,0,short_ok,1,scan_doc,1
KCI_FI000890282,pre2005,25,3,0,0,1,0.32,0,short_ok,1,scan_doc,1
KCI_FI000890282,pre2005,26,16,13,13,1,0.38,0,short_ok,1,scan_doc,1
KCI_FI000890282,pre2005,27,12,9,9,1,0.31,0,short_ok,1,scan_doc,1
KCI_FI000890282,pre2005,28,3,0,0,1,0.08,0,short_ok,1,scan_doc,1
KCI_FI000962854,pre2005,0,0,0,0,1,0.22,1,fitz0,1,fitz0,0
KCI_FI000962854,pre2005,1,0,0,0,1,0.42,1,fitz0,1,fitz0,0
KCI_FI000962854,pre2005,2,0,0,0,1,0.43,1,fitz0,1,fitz0,0
KCI_FI000962854,pre2005,3,0,0,0,1,0.33,1,fitz0,1,fitz0,0
KCI_FI000962854,pre2005,4,1,1,1,1,0.45,0,short_ok,1,scan_doc,1
KCI_FI000962854,pre2005,5,0,0,0,1,0.36,1,fitz0,1,fitz0,0
KCI_FI000962854,pre2005,6,0,0,0,1,0.22,1,fitz0,1,fitz0,0
KCI_FI000962854,pre2005,7,37,37,37,1,0.27,0,short_ok,1,scan_doc,1
KCI_FI000962854,pre2005,8,0,0,0,1,0.42,1,fitz0,1,fitz0,0
KCI_FI000962854,pre2005,9,0,0,0,1,0.43,1,fitz0,1,fitz0,0
KCI_FI000962854,pre2005,10,0,0,0,1,0.19,1,fitz0,1,fitz0,0
KCI_FI000962854,pre2005,11,0,0,0,1,0.28,1,fitz0,1,fitz0,0
KCI_FI000962854,pre2005,12,0,0,0,1,0.4,1,fitz0,1,fitz0,0
KCI_FI000962854,pre2005,13,0,0,0,1,0.24,1,fitz0,1,fitz0,0
KCI_FI000962854,pre2005,14,0,0,0,1,0.24,1,fitz0,1,fitz0,0
KCI_FI000962854,pre2005,15,1,1,1,1,0.32,0,short_ok,1,scan_doc,1
KCI_FI000962854,pre2005,16,0,0,0,1,0.41,1,fitz0,1,fitz0,0
KCI_FI000962854,pre2005,17,0,0,0,1,0.4,1,fitz0,1,fitz0,0
KCI_FI000962854,pre2005,18,0,0,0,1,0.18,1,fitz0,1,fitz0,0
KCI_FI000962854,pre2005,19,0,0,0,1,0.27,1,fitz0,1,fitz0,0
KCI_FI002828671,pre2005,0,0,0,0,1,1.0,1,fitz0,1,fitz0,0
KCI_FI002828671,pre2005,1,0,0,0,1,1.0,1,fitz0,1,fitz0,0
KCI_FI002828671,pre2005,2,0,0,0,1,1.0,1,fitz0,1,fitz0,0
KCI_FI002828671,pre2005,3,0,0,0,1,1.0,1,fitz0,1,fitz0,0
KCI_FI002828671,pre2005,4,0,0,0,1,1.0,1,fitz0,1,fitz0,0
KCI_FI002828671,pre2005,5,0,0,0,1,1.0,1,fitz0,1,fitz0,0
KCI_FI002828671,pre2005,6,0,0,0,1,1.0,1,fitz0,1,fitz0,0
KCI_FI002828671,pre2005,7,0,0,0,1,1.0,1,fitz0,1,fitz0,0
KCI_FI002828671,pre2005,8,0,0,0,1,1.0,1,fitz0,1,fitz0,0
KCI_FI002828671,pre2005,9,0,0,0,1,1.0,1,fitz0,1,fitz0,0
KCI_FI002828671,pre2005,10,0,0,0,1,1.0,1,fitz0,1,fitz0,0
KCI_FI002828671,pre2005,11,0,0,0,1,1.0,1,fitz0,1,fitz0,0
KCI_FI002828671,pre2005,12,0,0,0,1,1.0,1,fitz0,1,fitz0,0
KCI_FI002828671,pre2005,13,0,0,0,1,1.0,1,fitz0,1,fitz0,0
KCI_FI002828671,pre2005,14,0,0,0,1,1.0,1,fitz0,1,fitz0,0
KCI_FI002828671,pre2005,15,0,0,0,1,1.0,1,fitz0,1,fitz0,0
KCI_FI002828671,pre2005,16,0,0,0,1,1.0,1,fitz0,1,fitz0,0
KCI_FI002828671,pre2005,17,0,0,0,1,1.0,1,fitz0,1,fitz0,0
KCI_FI002828671,pre2005,18,0,0,0,1,1.0,1,fitz0,1,fitz0,0
KCI_FI002828671,pre2005,19,0,0,0,1,1.0,1,fitz0,1,fitz0,0
KCI_FI001407166,pre2005,0,0,0,0,1,1.0,1,fitz0,1,fitz0,0
KCI_FI001407166,pre2005,1,0,0,0,1,1.0,1,fitz0,1,fitz0,0
KCI_FI001407166,pre2005,2,0,0,0,1,1.0,1,fitz0,1,fitz0,0
KCI_FI001407166,pre2005,3,0,0,0,1,1.0,1,fitz0,1,fitz0,0
KCI_FI001407166,pre2005,4,0,0,0,1,1.0,1,fitz0,1,fitz0,0
KCI_FI001407166,pre2005,5,0,0,0,1,1.0,1,fitz0,1,fitz0,0
KCI_FI001407166,pre2005,6,0,0,0,1,1.0,1,fitz0,1,fitz0,0
KCI_FI001407166,pre2005,7,0,0,0,1,1.0,1,fitz0,1,fitz0,0
KCI_FI001407166,pre2005,8,0,0,0,1,1.0,1,fitz0,1,fitz0,0
KCI_FI001407166,pre2005,9,0,0,0,1,1.0,1,fitz0,1,fitz0,0
KCI_FI001407166,pre2005,10,0,0,0,1,1.0,1,fitz0,1,fitz0,0
KCI_FI001407166,pre2005,11,0,0,0,1,1.0,1,fitz0,1,fitz0,0
KCI_FI001407166,pre2005,12,0,0,0,1,1.0,1,fitz0,1,fitz0,0
KCI_FI001407166,pre2005,13,0,0,0,1,1.0,1,fitz0,1,fitz0,0
KCI_FI001407166,pre2005,14,0,0,0,1,1.0,1,fitz0,1,fitz0,0
KCI_FI001407166,pre2005,15,0,0,0,1,1.0,1,fitz0,1,fitz0,0
KCI_FI001407166,pre2005,16,0,0,0,1,1.0,1,fitz0,1,fitz0,0
KCI_FI001407166,pre2005,17,0,0,0,1,1.0,1,fitz0,1,fitz0,0
KCI_FI001407166,pre2005,18,0,0,0,1,1.0,1,fitz0,1,fitz0,0
KCI_FI001407166,pre2005,19,0,0,0,1,1.0,1,fitz0,1,fitz0,0
KCI_FI001407166,pre2005,20,0,0,0,1,1.0,1,fitz0,1,fitz0,0
KCI_FI001407166,pre2005,21,0,0,0,1,1.0,1,fitz0,1,fitz0,0
KCI_FI001170206,pre2005,0,0,0,0,1,1.0,1,fitz0,1,fitz0,0
KCI_FI001170206,pre2005,1,0,0,0,1,1.0,1,fitz0,1,fitz0,0
KCI_FI001170206,pre2005,2,0,0,0,1,1.0,1,fitz0,1,fitz0,0
KCI_FI001170206,pre2005,3,0,0,0,1,1.0,1,fitz0,1,fitz0,0
KCI_FI001170206,pre2005,4,0,0,0,1,1.0,1,fitz0,1,fitz0,0
KCI_FI001170206,pre2005,5,0,0,0,1,1.0,1,fitz0,1,fitz0,0
KCI_FI001170206,pre2005,6,0,0,0,1,1.0,1,fitz0,1,fitz0,0
KCI_FI001170206,pre2005,7,0,0,0,1,1.0,1,fitz0,1,fitz0,0
KCI_FI001170206,pre2005,8,0,0,0,1,1.0,1,fitz0,1,fitz0,0
KCI_FI001170206,pre2005,9,0,0,0,1,1.0,1,fitz0,1,fitz0,0
KCI_FI001170206,pre2005,10,0,0,0,1,1.0,1,fitz0,1,fitz0,0
KCI_FI001170206,pre2005,11,0,0,0,1,1.0,1,fitz0,1,fitz0,0
KCI_FI001170206,pre2005,12,0,0,0,1,1.0,1,fitz0,1,fitz0,0
KCI_FI001170206,pre2005,13,0,0,0,1,1.0,1,fitz0,1,fitz0,0
KCI_FI001170206,pre2005,14,0,0,0,1,1.0,1,fitz0,1,fitz0,0
KCI_FI001170206,pre2005,15,0,0,0,1,1.0,1,fitz0,1,fitz0,0
KCI_FI001170206,pre2005,16,0,0,0,1,1.0,1,fitz0,1,fitz0,0
KCI_FI001170206,pre2005,17,0,0,0,1,1.0,1,fitz0,1,fitz0,0
KCI_FI001170206,pre2005,18,0,0,0,1,1.0,1,fitz0,1,fitz0,0
KCI_FI001170206,pre2005,19,0,0,0,1,1.0,1,fitz0,1,fitz0,0
KCI_FI001170206,pre2005,20,0,0,0,1,1.0,1,fitz0,1,fitz0,0
KCI_FI001170206,pre2005,21,0,0,0,1,1.0,1,fitz0,1,fitz0,0
KCI_FI001170206,pre2005,22,0,0,0,1,1.0,1,fitz0,1,fitz0,0
KCI_FI001170206,pre2005,23,0,0,0,1,1.0,1,fitz0,1,fitz0,0
KCI_FI001170206,pre2005,24,0,0,0,1,1.0,1,fitz0,1,fitz0,0
KCI_FI001170206,pre2005,25,0,0,0,1,1.0,1,fitz0,1,fitz0,0
KCI_FI001170206,pre2005,26,0,0,0,1,1.0,1,fitz0,1,fitz0,0
KCI_FI001170206,pre2005,27,0,0,0,1,1.0,1,fitz0,1,fitz0,0
KCI_FI001170206,pre2005,28,0,0,0,1,1.0,1,fitz0,1,fitz0,0
KCI_FI001170206,pre2005,29,0,0,0,1,1.0,1,fitz0,1,fitz0,0
KCI_FI000870509,pre2005,0,28,28,28,1,1.0,0,short_ok,1,scan_doc,1
KCI_FI000870509,pre2005,1,0,0,0,1,1.0,1,fitz0,1,fitz0,0
KCI_FI000870509,pre2005,2,0,0,0,1,1.0,1,fitz0,1,fitz0,0
KCI_FI000870509,pre2005,3,0,0,0,1,1.0,1,fitz0,1,fitz0,0
KCI_FI002078920,pre2005,0,0,0,0,1,1.0,1,fitz0,1,fitz0,0
KCI_FI002078920,pre2005,1,0,0,0,1,1.0,1,fitz0,1,fitz0,0
KCI_FI002078920,pre2005,2,0,0,0,1,1.0,1,fitz0,1,fitz0,0
KCI_FI002078920,pre2005,3,0,0,0,1,1.0,1,fitz0,1,fitz0,0
KCI_FI002078920,pre2005,4,0,0,0,1,1.0,1,fitz0,1,fitz0,0
KCI_FI002078920,pre2005,5,0,0,0,1,1.0,1,fitz0,1,fitz0,0
KCI_FI002078920,pre2005,6,0,0,0,1,1.0,1,fitz0,1,fitz0,0
KCI_FI002078920,pre2005,7,0,0,0,1,1.0,1,fitz0,1,fitz0,0
KCI_FI002078920,pre2005,8,0,0,0,1,1.0,1,fitz0,1,fitz0,0
KCI_FI002078920,pre2005,9,0,0,0,1,1.0,1,fitz0,1,fitz0,0
KCI_FI002078920,pre2005,10,0,0,0,1,1.0,1,fitz0,1,fitz0,0
KCI_FI002078920,pre2005,11,0,0,0,1,1.0,1,fitz0,1,fitz0,0
KCI_FI002078920,pre2005,12,0,0,0,1,1.0,1,fitz0,1,fitz0,0
KCI_FI002078920,pre2005,13,0,0,0,1,1.0,1,fitz0,1,fitz0,0
KCI_FI002078920,pre2005,14,0,0,0,1,1.0,1,fitz0,1,fitz0,0
KCI_FI002078920,pre2005,15,0,0,0,1,1.0,1,fitz0,1,fitz0,0
KCI_FI000945148,pre2005,0,0,0,0,1,1.0,1,fitz0,1,fitz0,0
KCI_FI000945148,pre2005,1,0,0,0,1,1.0,1,fitz0,1,fitz0,0
KCI_FI000945148,pre2005,2,0,0,0,1,1.0,1,fitz0,1,fitz0,0
KCI_FI000945148,pre2005,3,0,0,0,1,1.0,1,fitz0,1,fitz0,0
KCI_FI000945148,pre2005,4,0,0,0,1,1.0,1,fitz0,1,fitz0,0
KCI_FI000945148,pre2005,5,0,0,0,1,1.0,1,fitz0,1,fitz0,0
KCI_FI001407241,pre2005,0,0,0,0,1,1.0,1,fitz0,1,fitz0,0
KCI_FI001407241,pre2005,1,0,0,0,1,1.0,1,fitz0,1,fitz0,0
KCI_FI001407241,pre2005,2,0,0,0,1,1.0,1,fitz0,1,fitz0,0
KCI_FI001407241,pre2005,3,0,0,0,1,1.0,1,fitz0,1,fitz0,0
KCI_FI001407241,pre2005,4,0,0,0,1,1.0,1,fitz0,1,fitz0,0
KCI_FI001407241,pre2005,5,0,0,0,1,1.0,1,fitz0,1,fitz0,0
KCI_FI001407241,pre2005,6,0,0,0,1,1.0,1,fitz0,1,fitz0,0
KCI_FI001407241,pre2005,7,0,0,0,1,1.0,1,fitz0,1,fitz0,0
KCI_FI001407241,pre2005,8,0,0,0,1,1.0,1,fitz0,1,fitz0,0
KCI_FI001407241,pre2005,9,0,0,0,1,1.0,1,fitz0,1,fitz0,0
KCI_FI001407241,pre2005,10,0,0,0,1,1.0,1,fitz0,1,fitz0,0
KCI_FI001407241,pre2005,11,0,0,0,1,1.0,1,fitz0,1,fitz0,0
KCI_FI001407241,pre2005,12,0,0,0,1,1.0,1,fitz0,1,fitz0,0
KCI_FI001407241,pre2005,13,0,0,0,1,1.0,1,fitz0,1,fitz0,0
KCI_FI001407241,pre2005,14,0,0,0,1,1.0,1,fitz0,1,fitz0,0
KCI_FI001407241,pre2005,15,0,0,0,1,1.0,1,fitz0,1,fitz0,0
KCI_FI001407241,pre2005,16,0,0,0,1,1.0,1,fitz0,1,fitz0,0
KCI_FI001407241,pre2005,17,0,0,0,1,1.0,1,fitz0,1,fitz0,0
KCI_FI001407241,pre2005,18,0,0,0,1,1.0,1,fitz0,1,fitz0,0
KCI_FI001407241,pre2005,19,0,0,0,1,1.0,1,fitz0,1,fitz0,0
KCI_FI001407241,pre2005,20,0,0,0,1,1.0,1,fitz0,1,fitz0,0
KCI_FI001407241,pre2005,21,0,0,0,1,1.0,1,fitz0,1,fitz0,0
KCI_FI001407241,pre2005,22,0,0,0,1,1.0,1,fitz0,1,fitz0,0
KCI_FI001407241,pre2005,23,0,0,0,1,1.0,1,fitz0,1,fitz0,0
KCI_FI001407241,pre2005,24,0,0,0,1,1.0,1,fitz0,1,fitz0,0
KCI_FI001407241,pre2005,25,0,0,0,1,1.0,1,fitz0,1,fitz0,0
KCI_FI001407241,pre2005,26,0,0,0,1,1.0,1,fitz0,1,fitz0,0
KCI_FI001407241,pre2005,27,0,0,0,1,1.0,1,fitz0,1,fitz0,0
KCI_FI001343610,pre2005,25,51,49,49,1,0.29,1,odl_missed,1,odl_missed,0
KCI_FI002967263,pre2005,0,0,0,0,1,1.0,1,fitz0,1,fitz0,0
KCI_FI002967263,pre2005,1,0,0,0,1,1.0,1,fitz0,1,fitz0,0
KCI_FI002967263,pre2005,2,0,0,0,1,1.0,1,fitz0,1,fitz0,0
KCI_FI002967263,pre2005,3,0,0,0,1,1.0,1,fitz0,1,fitz0,0
KCI_FI002967263,pre2005,4,0,0,0,1,1.0,1,fitz0,1,fitz0,0
KCI_FI002967263,pre2005,5,0,0,0,1,1.0,1,fitz0,1,fitz0,0
KCI_FI002967263,pre2005,6,0,0,0,1,1.0,1,fitz0,1,fitz0,0
KCI_FI002967263,pre2005,7,0,0,0,1,1.0,1,fitz0,1,fitz0,0
KCI_FI002967263,pre2005,8,0,0,0,1,1.0,1,fitz0,1,fitz0,0
KCI_FI002967263,pre2005,9,0,0,0,1,1.0,1,fitz0,1,fitz0,0
KCI_FI002967263,pre2005,10,0,0,0,1,1.0,1,fitz0,1,fitz0,0
KCI_FI002967263,pre2005,11,0,0,0,1,1.0,1,fitz0,1,fitz0,0
KCI_FI002967263,pre2005,12,0,0,0,1,1.0,1,fitz0,1,fitz0,0
KCI_FI002967263,pre2005,13,0,0,0,1,1.0,1,fitz0,1,fitz0,0
KCI_FI002967263,pre2005,14,0,0,0,1,1.0,1,fitz0,1,fitz0,0
KCI_FI002967263,pre2005,15,0,0,0,1,1.0,1,fitz0,1,fitz0,0
KCI_FI002967263,pre2005,16,0,0,0,1,1.0,1,fitz0,1,fitz0,0
KCI_FI002967263,pre2005,17,0,0,0,1,1.0,1,fitz0,1,fitz0,0
KCI_FI002967263,pre2005,18,0,0,0,1,1.0,1,fitz0,1,fitz0,0
KCI_FI002967263,pre2005,19,0,0,0,1,1.0,1,fitz0,1,fitz0,0
KCI_FI002967263,pre2005,20,0,0,0,1,1.0,1,fitz0,1,fitz0,0
KCI_FI002967263,pre2005,21,0,0,0,1,1.0,1,fitz0,1,fitz0,0
KCI_FI002967263,pre2005,22,0,0,0,1,1.0,1,fitz0,1,fitz0,0
KCI_FI002967263,pre2005,23,0,0,0,1,1.0,1,fitz0,1,fitz0,0
KCI_FI002967263,pre2005,24,0,0,0,1,1.0,1,fitz0,1,fitz0,0
KCI_FI002967263,pre2005,25,0,0,0,1,1.0,1,fitz0,1,fitz0,0
KCI_FI002967263,pre2005,26,0,0,0,1,1.0,1,fitz0,1,fitz0,0
KCI_FI002967263,pre2005,27,0,0,0,1,1.0,1,fitz0,1,fitz0,0
KCI_FI002967263,pre2005,28,0,0,0,1,1.0,1,fitz0,1,fitz0,0
KCI_FI002967263,pre2005,29,0,0,0,1,1.0,1,fitz0,1,fitz0,0
KCI_FI002967263,pre2005,30,0,0,0,1,1.0,1,fitz0,1,fitz0,0
KCI_FI002967263,pre2005,31,0,0,0,1,1.0,1,fitz0,1,fitz0,0
KCI_FI002967263,pre2005,32,0,0,0,1,1.0,1,fitz0,1,fitz0,0
KCI_FI002967263,pre2005,33,0,0,0,1,1.0,1,fitz0,1,fitz0,0
KCI_FI002967263,pre2005,34,0,0,0,1,1.0,1,fitz0,1,fitz0,0
KCI_FI002967263,pre2005,35,0,0,0,1,1.0,1,fitz0,1,fitz0,0
KCI_FI002967263,pre2005,36,0,0,0,1,1.0,1,fitz0,1,fitz0,0
KCI_FI002967263,pre2005,37,0,0,0,1,1.0,1,fitz0,1,fitz0,0
KCI_FI002967263,pre2005,38,0,0,0,1,1.0,1,fitz0,1,fitz0,0
KCI_FI002967263,pre2005,39,0,0,0,1,1.0,1,fitz0,1,fitz0,0
KCI_FI002967263,pre2005,40,0,0,0,1,1.0,1,fitz0,1,fitz0,0
KCI_FI003297807,pre2005,0,0,0,0,1,1.0,1,fitz0,1,fitz0,0
KCI_FI003297807,pre2005,1,0,0,0,1,1.0,1,fitz0,1,fitz0,0
KCI_FI003297807,pre2005,2,0,0,0,1,1.0,1,fitz0,1,fitz0,0
KCI_FI003297807,pre2005,3,0,0,0,1,1.0,1,fitz0,1,fitz0,0
KCI_FI003297807,pre2005,4,0,0,0,1,1.0,1,fitz0,1,fitz0,0
KCI_FI003297807,pre2005,5,0,0,0,1,1.0,1,fitz0,1,fitz0,0
KCI_FI003297807,pre2005,6,0,0,0,1,1.0,1,fitz0,1,fitz0,0
KCI_FI003297807,pre2005,7,0,0,0,1,1.0,1,fitz0,1,fitz0,0
KCI_FI003297807,pre2005,8,0,0,0,1,1.0,1,fitz0,1,fitz0,0
KCI_FI003297807,pre2005,9,0,0,0,1,1.0,1,fitz0,1,fitz0,0
KCI_FI003297807,pre2005,10,0,0,0,1,1.0,1,fitz0,1,fitz0,0
KCI_FI003297807,pre2005,11,0,0,0,1,1.0,1,fitz0,1,fitz0,0
KCI_FI003297807,pre2005,12,0,0,0,1,1.0,1,fitz0,1,fitz0,0
KCI_FI003297807,pre2005,13,0,0,0,1,1.0,1,fitz0,1,fitz0,0
KCI_FI003297807,pre2005,14,0,0,0,1,1.0,1,fitz0,1,fitz0,0
KCI_FI003297807,pre2005,15,0,0,0,1,1.0,1,fitz0,1,fitz0,0
KCI_FI003297807,pre2005,16,0,0,0,1,1.0,1,fitz0,1,fitz0,0
KCI_FI003297807,pre2005,17,0,0,0,1,1.0,1,fitz0,1,fitz0,0
KCI_FI003297807,pre2005,18,0,0,0,1,1.0,1,fitz0,1,fitz0,0
KCI_FI003297807,pre2005,19,0,0,0,1,1.0,1,fitz0,1,fitz0,0
KCI_FI003297807,pre2005,20,0,0,0,1,1.0,1,fitz0,1,fitz0,0
KCI_FI003297807,pre2005,21,0,0,0,1,1.0,1,fitz0,1,fitz0,0
KCI_FI003297807,pre2005,22,0,0,0,1,1.0,1,fitz0,1,fitz0,0
KCI_FI001895799,pre2005,0,0,0,0,1,1.0,1,fitz0,1,fitz0,0
KCI_FI001895799,pre2005,1,0,0,0,1,1.0,1,fitz0,1,fitz0,0
KCI_FI001895799,pre2005,2,0,0,0,1,1.0,1,fitz0,1,fitz0,0
KCI_FI001895799,pre2005,3,0,0,0,1,1.0,1,fitz0,1,fitz0,0
KCI_FI001895799,pre2005,4,0,0,0,1,1.0,1,fitz0,1,fitz0,0
KCI_FI001895799,pre2005,5,0,0,0,1,1.0,1,fitz0,1,fitz0,0
KCI_FI001895799,pre2005,6,0,0,0,1,1.0,1,fitz0,1,fitz0,0
KCI_FI001895799,pre2005,7,0,0,0,1,1.0,1,fitz0,1,fitz0,0
KCI_FI001895799,pre2005,8,0,0,0,1,1.0,1,fitz0,1,fitz0,0
KCI_FI001895799,pre2005,9,0,0,0,1,1.0,1,fitz0,1,fitz0,0
KCI_FI001895799,pre2005,10,0,0,0,1,1.0,1,fitz0,1,fitz0,0
KCI_FI000869628,pre2005,1,31,28,28,1,0.49,0,short_ok,0,short_ok,0
KCI_FI000869628,pre2005,9,22,19,19,1,0.33,0,short_ok,0,short_ok,0
KCI_FI002621047,pre2005,0,0,0,0,1,1.0,1,fitz0,1,fitz0,0
KCI_FI002621047,pre2005,1,0,0,0,1,1.0,1,fitz0,1,fitz0,0
KCI_FI002621047,pre2005,2,0,0,0,1,1.0,1,fitz0,1,fitz0,0
KCI_FI002621047,pre2005,3,0,0,0,1,1.0,1,fitz0,1,fitz0,0
KCI_FI002621047,pre2005,4,0,0,0,1,1.0,1,fitz0,1,fitz0,0
KCI_FI002621047,pre2005,5,0,0,0,1,1.0,1,fitz0,1,fitz0,0
KCI_FI002621047,pre2005,6,0,0,0,1,1.0,1,fitz0,1,fitz0,0
KCI_FI002621047,pre2005,7,0,0,0,1,1.0,1,fitz0,1,fitz0,0
KCI_FI002621047,pre2005,8,0,0,0,1,1.0,1,fitz0,1,fitz0,0
KCI_FI002621047,pre2005,9,0,0,0,1,1.0,1,fitz0,1,fitz0,0
KCI_FI002621047,pre2005,10,0,0,0,1,1.0,1,fitz0,1,fitz0,0
KCI_FI002621047,pre2005,11,0,0,0,1,1.0,1,fitz0,1,fitz0,0
KCI_FI002621047,pre2005,12,0,0,0,1,1.0,1,fitz0,1,fitz0,0
KCI_FI002621047,pre2005,13,0,0,0,1,1.0,1,fitz0,1,fitz0,0
KCI_FI002621047,pre2005,14,0,0,0,1,1.0,1,fitz0,1,fitz0,0
KCI_FI002621047,pre2005,15,0,0,0,1,1.0,1,fitz0,1,fitz0,0
KCI_FI002621047,pre2005,16,0,0,0,1,1.0,1,fitz0,1,fitz0,0
KCI_FI002621047,pre2005,17,0,0,0,1,1.0,1,fitz0,1,fitz0,0
KCI_FI002621047,pre2005,18,0,0,0,1,1.0,1,fitz0,1,fitz0,0
KCI_FI002621047,pre2005,19,0,0,0,1,1.0,1,fitz0,1,fitz0,0
KCI_FI002621047,pre2005,20,0,0,0,1,1.0,1,fitz0,1,fitz0,0
KCI_FI002621047,pre2005,21,0,0,0,1,1.0,1,fitz0,1,fitz0,0
KCI_FI002621047,pre2005,22,0,0,0,1,1.0,1,fitz0,1,fitz0,0
KCI_FI002621047,pre2005,23,0,0,0,1,1.0,1,fitz0,1,fitz0,0
KCI_FI002621047,pre2005,24,0,0,0,1,1.0,1,fitz0,1,fitz0,0
KCI_FI002621047,pre2005,25,0,0,0,1,1.0,1,fitz0,1,fitz0,0
KCI_FI002621047,pre2005,26,0,0,0,1,1.0,1,fitz0,1,fitz0,0
KCI_FI002621047,pre2005,27,0,0,0,1,1.0,1,fitz0,1,fitz0,0
KCI_FI002621047,pre2005,28,0,0,0,1,1.0,1,fitz0,1,fitz0,0
KCI_FI002621047,pre2005,29,0,0,0,1,1.0,1,fitz0,1,fitz0,0
KCI_FI002621047,pre2005,30,0,0,0,1,1.0,1,fitz0,1,fitz0,0
KCI_FI002621047,pre2005,31,0,0,0,1,1.0,1,fitz0,1,fitz0,0
KCI_FI002621047,pre2005,32,0,0,0,1,1.0,1,fitz0,1,fitz0,0
KCI_FI002621047,pre2005,33,0,0,0,1,1.0,1,fitz0,1,fitz0,0
KCI_FI002621047,pre2005,34,0,0,0,1,1.0,1,fitz0,1,fitz0,0
KCI_FI002621047,pre2005,35,0,0,0,1,1.0,1,fitz0,1,fitz0,0
KCI_FI002621047,pre2005,36,0,0,0,1,1.0,1,fitz0,1,fitz0,0
KCI_FI002621047,pre2005,37,0,0,0,1,1.0,1,fitz0,1,fitz0,0
KCI_FI002621047,pre2005,38,0,0,0,1,1.0,1,fitz0,1,fitz0,0
KCI_FI002621047,pre2005,39,0,0,0,1,1.0,1,fitz0,1,fitz0,0
KCI_FI002621047,pre2005,40,0,0,0,1,1.0,1,fitz0,1,fitz0,0
KCI_FI002621047,pre2005,41,0,0,0,1,1.0,1,fitz0,1,fitz0,0
KCI_FI002621047,pre2005,42,0,0,0,1,1.0,1,fitz0,1,fitz0,0
KCI_FI002621047,pre2005,43,0,0,0,1,1.0,1,fitz0,1,fitz0,0
KCI_FI002621047,pre2005,44,0,0,0,1,1.0,1,fitz0,1,fitz0,0
KCI_FI002621047,pre2005,45,0,0,0,1,1.0,1,fitz0,1,fitz0,0
KCI_FI002621047,pre2005,46,0,0,0,1,1.0,1,fitz0,1,fitz0,0
KCI_FI002621047,pre2005,47,0,0,0,1,1.0,1,fitz0,1,fitz0,0
KCI_FI002621047,pre2005,48,0,0,0,1,1.0,1,fitz0,1,fitz0,0
KCI_FI002621047,pre2005,49,0,0,0,1,1.0,1,fitz0,1,fitz0,0
KCI_FI002621047,pre2005,50,0,0,0,1,1.0,1,fitz0,1,fitz0,0
KCI_FI002621047,pre2005,51,0,0,0,1,1.0,1,fitz0,1,fitz0,0
KCI_FI001089426,pre2005,0,19,19,19,1,0.18,0,short_ok,1,scan_doc,1
KCI_FI001089426,pre2005,1,0,0,0,1,0.35,1,fitz0,1,fitz0,0
KCI_FI001089426,pre2005,2,12,12,12,1,0.31,0,short_ok,1,scan_doc,1
KCI_FI001089426,pre2005,3,0,0,0,1,0.33,1,fitz0,1,fitz0,0
KCI_FI001089426,pre2005,4,3,3,3,1,0.33,0,short_ok,1,scan_doc,1
KCI_FI001089426,pre2005,5,0,0,0,1,0.33,1,fitz0,1,fitz0,0
KCI_FI001089426,pre2005,6,3,3,3,1,0.37,0,short_ok,1,scan_doc,1
KCI_FI001089426,pre2005,7,0,0,0,1,0.35,1,fitz0,1,fitz0,0
KCI_FI001089426,pre2005,8,3,3,3,1,0.35,0,short_ok,1,scan_doc,1
KCI_FI001089426,pre2005,9,11,11,11,1,0.31,0,short_ok,1,scan_doc,1
KCI_FI001089426,pre2005,10,3,3,3,1,0.32,0,short_ok,1,scan_doc,1
KCI_FI001089426,pre2005,11,0,0,0,1,0.31,1,fitz0,1,fitz0,0
KCI_FI001089426,pre2005,12,3,3,3,1,0.27,0,short_ok,1,scan_doc,1
KCI_FI001089426,pre2005,13,0,0,0,1,0.28,1,fitz0,1,fitz0,0
KCI_FI001089426,pre2005,14,3,3,3,1,0.32,0,short_ok,1,scan_doc,1
KCI_FI001089426,pre2005,15,0,0,0,1,0.35,1,fitz0,1,fitz0,0
KCI_FI001089426,pre2005,16,3,3,3,1,0.35,0,short_ok,1,scan_doc,1
KCI_FI001089426,pre2005,17,0,0,0,1,0.34,1,fitz0,1,fitz0,0
KCI_FI001089426,pre2005,18,15,15,15,1,0.31,0,short_ok,1,scan_doc,1
KCI_FI001089426,pre2005,19,0,0,0,1,0.34,1,fitz0,1,fitz0,0
KCI_FI001089426,pre2005,20,3,3,3,1,0.32,0,short_ok,1,scan_doc,1
KCI_FI001089426,pre2005,21,0,0,0,1,0.33,1,fitz0,1,fitz0,0
KCI_FI001089426,pre2005,22,3,3,3,1,0.35,0,short_ok,1,scan_doc,1
KCI_FI001089426,pre2005,23,12,12,12,1,0.31,0,short_ok,1,scan_doc,1
KCI_FI001089426,pre2005,24,3,3,3,1,0.36,0,short_ok,1,scan_doc,1
KCI_FI001089426,pre2005,25,0,0,0,1,0.35,1,fitz0,1,fitz0,0
KCI_FI001089426,pre2005,26,16,16,16,1,0.33,0,short_ok,1,scan_doc,1
KCI_FI001089426,pre2005,27,0,0,0,1,0.35,1,fitz0,1,fitz0,0
KCI_FI001089426,pre2005,28,3,3,3,1,0.34,0,short_ok,1,scan_doc,1
KCI_FI001089426,pre2005,29,0,0,0,1,0.34,1,fitz0,1,fitz0,0
KCI_FI001089426,pre2005,30,3,3,3,1,0.35,0,short_ok,1,scan_doc,1
KCI_FI001089426,pre2005,31,13,13,13,1,0.34,0,short_ok,1,scan_doc,1
KCI_FI001089426,pre2005,32,3,3,3,1,0.38,0,short_ok,1,scan_doc,1
KCI_FI001089426,pre2005,33,0,0,0,1,0.35,1,fitz0,1,fitz0,0
KCI_FI001089426,pre2005,34,3,3,3,1,0.37,0,short_ok,1,scan_doc,1
KCI_FI001089426,pre2005,35,0,0,0,1,0.27,1,fitz0,1,fitz0,0
KCI_FI001089426,pre2005,36,3,3,3,1,0.33,0,short_ok,1,scan_doc,1
KCI_FI001089426,pre2005,37,0,0,0,1,0.12,1,fitz0,1,fitz0,0
KCI_FI001089426,pre2005,38,7,7,7,1,0.34,0,short_ok,1,scan_doc,1
KCI_FI001089426,pre2005,39,0,0,0,1,0.36,1,fitz0,1,fitz0,0
KCI_FI001089426,pre2005,40,3,3,3,1,0.24,0,short_ok,1,scan_doc,1
KCI_FI001089426,pre2005,41,0,0,0,1,0.24,1,fitz0,1,fitz0,0
KCI_FI001641595,pre2005,0,0,0,0,1,1.0,1,fitz0,1,fitz0,0
KCI_FI001641595,pre2005,1,0,0,0,1,1.0,1,fitz0,1,fitz0,0
KCI_FI001641595,pre2005,2,0,0,0,1,1.0,1,fitz0,1,fitz0,0
KCI_FI001641595,pre2005,3,0,0,0,1,1.0,1,fitz0,1,fitz0,0
KCI_FI001641595,pre2005,4,0,0,0,1,1.0,1,fitz0,1,fitz0,0
KCI_FI001641595,pre2005,5,0,0,0,1,1.0,1,fitz0,1,fitz0,0
KCI_FI001641595,pre2005,6,0,0,0,1,1.0,1,fitz0,1,fitz0,0
KCI_FI001641595,pre2005,7,0,0,0,1,1.0,1,fitz0,1,fitz0,0
KCI_FI001641595,pre2005,8,0,0,0,1,1.0,1,fitz0,1,fitz0,0
KCI_FI001641595,pre2005,9,0,0,0,1,1.0,1,fitz0,1,fitz0,0
KCI_FI001641595,pre2005,10,0,0,0,1,1.0,1,fitz0,1,fitz0,0
KCI_FI001641595,pre2005,11,0,0,0,1,1.0,1,fitz0,1,fitz0,0
KCI_FI001641595,pre2005,12,0,0,0,1,1.0,1,fitz0,1,fitz0,0
KCI_FI001641595,pre2005,13,0,0,0,1,1.0,1,fitz0,1,fitz0,0
KCI_FI001641595,pre2005,14,0,0,0,1,1.0,1,fitz0,1,fitz0,0
KCI_FI001641595,pre2005,15,0,0,0,1,1.0,1,fitz0,1,fitz0,0
KCI_FI001641595,pre2005,16,0,0,0,1,1.0,1,fitz0,1,fitz0,0
KCI_FI001641595,pre2005,17,0,0,0,1,1.0,1,fitz0,1,fitz0,0
KCI_FI001641595,pre2005,18,0,0,0,1,1.0,1,fitz0,1,fitz0,0
KCI_FI001641595,pre2005,19,0,0,0,1,1.0,1,fitz0,1,fitz0,0
KCI_FI001641595,pre2005,20,0,0,0,1,1.0,1,fitz0,1,fitz0,0
KCI_FI001641595,pre2005,21,0,0,0,1,1.0,1,fitz0,1,fitz0,0
KCI_FI001641595,pre2005,22,0,0,0,1,1.0,1,fitz0,1,fitz0,0
KCI_FI001641595,pre2005,23,0,0,0,1,1.0,1,fitz0,1,fitz0,0
KCI_FI001641595,pre2005,24,0,0,0,1,1.0,1,fitz0,1,fitz0,0
KCI_FI001641595,pre2005,25,0,0,0,1,1.0,1,fitz0,1,fitz0,0
KCI_FI001641595,pre2005,26,0,0,0,1,1.0,1,fitz0,1,fitz0,0
KCI_FI001641595,pre2005,27,0,0,0,1,1.0,1,fitz0,1,fitz0,0
KCI_FI001641595,pre2005,28,0,0,0,1,1.0,1,fitz0,1,fitz0,0
KCI_FI001641595,pre2005,29,0,0,0,1,1.0,1,fitz0,1,fitz0,0
KCI_FI001641595,pre2005,30,0,0,0,1,1.0,1,fitz0,1,fitz0,0
KCI_FI001641595,pre2005,31,0,0,0,1,1.0,1,fitz0,1,fitz0,0
KCI_FI001641595,pre2005,32,0,0,0,1,1.0,1,fitz0,1,fitz0,0
KCI_FI001641595,pre2005,33,0,0,0,1,1.0,1,fitz0,1,fitz0,0
KCI_FI001641595,pre2005,34,0,0,0,1,1.0,1,fitz0,1,fitz0,0
KCI_FI001641595,pre2005,35,0,0,0,1,1.0,1,fitz0,1,fitz0,0
KCI_FI001641595,pre2005,36,0,0,0,1,1.0,1,fitz0,1,fitz0,0
KCI_FI001641595,pre2005,37,0,0,0,1,1.0,1,fitz0,1,fitz0,0
KCI_FI001641595,pre2005,38,0,0,0,1,1.0,1,fitz0,1,fitz0,0
KCI_FI001641595,pre2005,39,0,0,0,1,1.0,1,fitz0,1,fitz0,0
KCI_FI001641595,pre2005,40,0,0,0,1,1.0,1,fitz0,1,fitz0,0
KCI_FI001641595,pre2005,41,0,0,0,1,1.0,1,fitz0,1,fitz0,0
KCI_FI001641595,pre2005,42,0,0,0,1,1.0,1,fitz0,1,fitz0,0
KCI_FI001641595,pre2005,43,0,0,0,1,1.0,1,fitz0,1,fitz0,0
KCI_FI001641595,pre2005,44,0,0,0,1,1.0,1,fitz0,1,fitz0,0
KCI_FI001641595,pre2005,45,0,0,0,1,1.0,1,fitz0,1,fitz0,0
KCI_FI001122124,digital,0,0,0,0,1,0.26,1,fitz0,1,fitz0,0
KCI_FI001122124,digital,1,0,0,0,1,0.42,1,fitz0,1,fitz0,0
KCI_FI001122124,digital,2,0,0,0,1,0.39,1,fitz0,1,fitz0,0
KCI_FI001122124,digital,3,0,0,0,1,0.35,1,fitz0,1,fitz0,0
KCI_FI001122124,digital,4,0,0,0,1,0.35,1,fitz0,1,fitz0,0
KCI_FI001122124,digital,5,0,0,0,1,0.37,1,fitz0,1,fitz0,0
KCI_FI001122124,digital,6,0,0,0,1,0.52,1,fitz0,1,fitz0,0
KCI_FI001122124,digital,7,0,0,0,1,0.34,1,fitz0,1,fitz0,0
KCI_FI001122124,digital,8,0,0,0,1,0.4,1,fitz0,1,fitz0,0
KCI_FI001122124,digital,9,0,0,0,1,0.41,1,fitz0,1,fitz0,0
KCI_FI001122124,digital,10,0,0,0,1,0.36,1,fitz0,1,fitz0,0
KCI_FI001122124,digital,11,7,7,7,1,0.32,0,short_ok,1,scan_doc,1
KCI_FI001122124,digital,12,0,0,0,1,0.38,1,fitz0,1,fitz0,0
KCI_FI001122124,digital,13,0,0,0,1,0.33,1,fitz0,1,fitz0,0
KCI_FI001122124,digital,14,0,0,0,1,0.39,1,fitz0,1,fitz0,0
KCI_FI001122124,digital,15,0,0,0,1,0.32,1,fitz0,1,fitz0,0
KCI_FI001122124,digital,16,0,0,0,1,0.41,1,fitz0,1,fitz0,0
KCI_FI001122124,digital,17,0,0,0,1,0.42,1,fitz0,1,fitz0,0
KCI_FI001122124,digital,18,0,0,0,1,0.32,1,fitz0,1,fitz0,0
KCI_FI001122124,digital,19,0,0,0,1,0.34,1,fitz0,1,fitz0,0
KCI_FI001122124,digital,20,0,0,0,1,0.37,1,fitz0,1,fitz0,0
KCI_FI001122124,digital,21,0,0,0,1,0.4,1,fitz0,1,fitz0,0
KCI_FI001122124,digital,22,0,0,0,1,0.38,1,fitz0,1,fitz0,0
KCI_FI001122124,digital,23,0,0,0,1,0.13,1,fitz0,1,fitz0,0
KCI_FI001122124,digital,24,0,0,0,1,0.25,1,fitz0,1,fitz0,0
KCI_FI001122124,digital,25,0,0,0,1,0.09,1,fitz0,1,fitz0,0
KCI_FI001120928,digital,0,0,0,0,1,0.24,1,fitz0,1,fitz0,0
KCI_FI001120928,digital,1,0,0,0,1,0.39,1,fitz0,1,fitz0,0
KCI_FI001120928,digital,2,0,0,0,1,0.36,1,fitz0,1,fitz0,0
KCI_FI001120928,digital,3,0,0,0,1,0.36,1,fitz0,1,fitz0,0
KCI_FI001120928,digital,4,0,0,0,1,0.33,1,fitz0,1,fitz0,0
KCI_FI001120928,digital,5,0,0,0,1,0.37,1,fitz0,1,fitz0,0
KCI_FI001120928,digital,6,0,0,0,1,0.38,1,fitz0,1,fitz0,0
KCI_FI001120928,digital,7,0,0,0,1,0.29,1,fitz0,1,fitz0,0
KCI_FI001120928,digital,8,0,0,0,1,0.33,1,fitz0,1,fitz0,0
KCI_FI001120928,digital,9,0,0,0,1,0.37,1,fitz0,1,fitz0,0
KCI_FI001120928,digital,10,0,0,0,1,0.34,1,fitz0,1,fitz0,0
KCI_FI001120928,digital,11,0,0,0,1,0.46,1,fitz0,1,fitz0,0
KCI_FI001120928,digital,12,0,0,0,1,0.32,1,fitz0,1,fitz0,0
KCI_FI001120928,digital,13,0,0,0,1,0.25,1,fitz0,1,fitz0,0
KCI_FI001120928,digital,14,0,0,0,1,0.24,1,fitz0,1,fitz0,0
KCI_FI001120928,digital,15,1,1,1,1,0.29,0,short_ok,1,scan_doc,1
KCI_FI001120928,digital,16,3,3,3,1,0.31,0,short_ok,1,scan_doc,1
KCI_FI001120928,digital,17,3,3,3,1,0.35,0,short_ok,1,scan_doc,1
KCI_FI001120928,digital,19,2,2,2,1,0.44,0,short_ok,1,scan_doc,1
KCI_FI001120928,digital,20,0,0,0,1,0.4,1,fitz0,1,fitz0,0
KCI_FI001120928,digital,21,0,0,0,1,0.35,1,fitz0,1,fitz0,0
KCI_FI001120928,digital,22,0,0,0,1,0.27,1,fitz0,1,fitz0,0
KCI_FI003214027,digital,0,0,0,0,1,0.02,1,fitz0,1,fitz0,0
KCI_FI003214027,digital,1,0,0,0,1,0.02,1,fitz0,1,fitz0,0
KCI_FI003214027,digital,2,0,0,0,1,0.02,1,fitz0,1,fitz0,0
KCI_FI003214027,digital,3,0,0,0,1,0.02,1,fitz0,1,fitz0,0
KCI_FI003214027,digital,4,0,0,0,1,0.21,1,fitz0,1,fitz0,0
KCI_FI003214027,digital,5,0,0,0,1,0.02,1,fitz0,1,fitz0,0
KCI_FI003214027,digital,6,0,0,0,1,0.02,1,fitz0,1,fitz0,0
KCI_FI003214027,digital,7,0,0,0,1,0.02,1,fitz0,1,fitz0,0
KCI_FI003214027,digital,8,0,0,0,1,0.02,1,fitz0,1,fitz0,0
KCI_FI003214027,digital,9,0,0,0,1,0.02,1,fitz0,1,fitz0,0
KCI_FI003214027,digital,10,0,0,0,1,0.02,1,fitz0,1,fitz0,0
KCI_FI003214027,digital,11,0,0,0,1,0.02,1,fitz0,1,fitz0,0
KCI_FI003214027,digital,12,0,0,0,1,0.02,1,fitz0,1,fitz0,0
KCI_FI003214027,digital,13,0,0,0,1,0.02,1,fitz0,1,fitz0,0
KCI_FI003214027,digital,14,0,0,0,1,0.02,1,fitz0,1,fitz0,0
KCI_FI003214027,digital,15,0,0,0,1,0.02,1,fitz0,1,fitz0,0
KCI_FI003214027,digital,16,0,0,0,1,0.02,1,fitz0,1,fitz0,0
KCI_FI003214027,digital,17,0,0,0,1,0.02,1,fitz0,1,fitz0,0
KCI_FI003214027,digital,18,0,0,0,1,0.02,1,fitz0,1,fitz0,0
KCI_FI003214027,digital,19,0,0,0,1,0.02,1,fitz0,1,fitz0,0
KCI_FI003214027,digital,20,0,0,0,1,0.02,1,fitz0,1,fitz0,0
KCI_FI003214027,digital,21,0,0,0,1,0.02,1,fitz0,1,fitz0,0
KCI_FI003214027,digital,22,0,0,0,1,0.02,1,fitz0,1,fitz0,0
KCI_FI003214027,digital,23,0,0,0,1,0.02,1,fitz0,1,fitz0,0
KCI_FI003214027,digital,24,0,0,0,1,0.02,1,fitz0,1,fitz0,0
KCI_FI003214027,digital,25,0,0,0,1,0.02,1,fitz0,1,fitz0,0
KCI_FI003214027,digital,26,0,0,0,1,0.02,1,fitz0,1,fitz0,0
KCI_FI003214027,digital,27,0,0,0,1,0.02,1,fitz0,1,fitz0,0
KCI_FI003214027,digital,28,0,0,0,1,0.02,1,fitz0,1,fitz0,0
KCI_FI003214027,digital,29,0,0,0,1,0.02,1,fitz0,1,fitz0,0
KCI_FI003214027,digital,30,0,0,0,1,0.02,1,fitz0,1,fitz0,0
KCI_FI001314745,digital,1,0,0,0,1,0.28,1,fitz0,1,fitz0,0
KCI_FI001314745,digital,2,0,0,0,1,0.31,1,fitz0,1,fitz0,0
KCI_FI001314745,digital,3,0,0,0,1,0.29,1,fitz0,1,fitz0,0
KCI_FI001314745,digital,4,0,0,0,1,0.27,1,fitz0,1,fitz0,0
KCI_FI001314745,digital,5,0,0,0,1,0.3,1,fitz0,1,fitz0,0
KCI_FI001314745,digital,6,0,0,0,1,0.31,1,fitz0,1,fitz0,0
KCI_FI001314745,digital,7,0,0,0,1,0.29,1,fitz0,1,fitz0,0
KCI_FI001314745,digital,8,0,0,0,1,0.31,1,fitz0,1,fitz0,0
KCI_FI001314745,digital,9,0,0,0,1,0.29,1,fitz0,1,fitz0,0
KCI_FI001314745,digital,10,0,0,0,1,0.29,1,fitz0,1,fitz0,0
KCI_FI001314745,digital,11,0,0,0,1,0.28,1,fitz0,1,fitz0,0
KCI_FI001314745,digital,12,0,0,0,1,0.29,1,fitz0,1,fitz0,0
KCI_FI001314745,digital,20,0,0,0,1,0.29,1,fitz0,1,fitz0,0
KCI_FI001314745,digital,21,0,0,0,1,0.29,1,fitz0,1,fitz0,0
KCI_FI001314745,digital,22,0,0,0,1,0.3,1,fitz0,1,fitz0,0
KCI_FI001314745,digital,25,0,0,0,1,0.28,1,fitz0,1,fitz0,0
KCI_FI001314745,digital,27,0,0,0,1,0.23,1,fitz0,1,fitz0,0
KCI_FI001314745,digital,28,0,0,0,1,0.25,1,fitz0,1,fitz0,0
KCI_FI001314745,digital,29,0,0,0,1,0.12,1,fitz0,1,fitz0,0
KCI_FI001314745,digital,30,2,2,2,1,0.28,0,short_ok,1,scan_doc,1
KCI_FI001314745,digital,31,4,4,4,1,0.32,0,short_ok,1,scan_doc,1
KCI_FI000964203,digital,0,0,0,0,1,0.15,1,fitz0,1,fitz0,0
KCI_FI000964203,digital,1,0,0,0,1,0.35,1,fitz0,1,fitz0,0
KCI_FI000964203,digital,2,0,0,0,1,0.35,1,fitz0,1,fitz0,0
KCI_FI000964203,digital,3,2,2,2,1,0.34,0,short_ok,1,scan_doc,1
KCI_FI000964203,digital,4,0,0,0,1,0.33,1,fitz0,1,fitz0,0
KCI_FI000964203,digital,5,0,0,0,1,0.32,1,fitz0,1,fitz0,0
KCI_FI000964203,digital,6,0,0,0,1,0.3,1,fitz0,1,fitz0,0
KCI_FI000964203,digital,7,0,0,0,1,0.32,1,fitz0,1,fitz0,0
KCI_FI000964203,digital,8,0,0,0,1,0.32,1,fitz0,1,fitz0,0
KCI_FI000964203,digital,9,0,0,0,1,0.31,1,fitz0,1,fitz0,0
KCI_FI000964203,digital,10,0,0,0,1,0.34,1,fitz0,1,fitz0,0
KCI_FI000964203,digital,11,0,0,0,1,0.33,1,fitz0,1,fitz0,0
KCI_FI000964203,digital,12,0,0,0,1,0.35,1,fitz0,1,fitz0,0
KCI_FI000964203,digital,13,0,0,0,1,0.32,1,fitz0,1,fitz0,0
KCI_FI000964203,digital,14,0,0,0,1,0.3,1,fitz0,1,fitz0,0
KCI_FI000964203,digital,15,0,0,0,1,0.33,1,fitz0,1,fitz0,0
KCI_FI000964203,digital,16,0,0,0,1,0.34,1,fitz0,1,fitz0,0
KCI_FI000964203,digital,17,0,0,0,1,0.34,1,fitz0,1,fitz0,0
KCI_FI000964203,digital,18,0,0,0,1,0.31,1,fitz0,1,fitz0,0
KCI_FI000964203,digital,19,2,2,2,1,0.32,0,short_ok,1,scan_doc,1
KCI_FI000964203,digital,20,2,2,2,1,0.34,0,short_ok,1,scan_doc,1
KCI_FI000964203,digital,21,0,0,0,1,0.28,1,fitz0,1,fitz0,0
KCI_FI000964203,digital,22,0,0,0,1,0.31,1,fitz0,1,fitz0,0
KCI_FI000964203,digital,23,0,0,0,1,0.3,1,fitz0,1,fitz0,0
KCI_FI000964203,digital,24,0,0,0,1,0.29,1,fitz0,1,fitz0,0
KCI_FI000964203,digital,25,0,0,0,1,0.34,1,fitz0,1,fitz0,0
KCI_FI000964203,digital,26,0,0,0,1,0.34,1,fitz0,1,fitz0,0
KCI_FI000964203,digital,27,0,0,0,1,0.34,1,fitz0,1,fitz0,0
KCI_FI000964203,digital,28,0,0,0,1,0.34,1,fitz0,1,fitz0,0
KCI_FI000964203,digital,29,0,0,0,1,0.34,1,fitz0,1,fitz0,0
KCI_FI000964203,digital,30,0,0,0,1,0.34,1,fitz0,1,fitz0,0
KCI_FI000964203,digital,31,0,0,0,1,0.29,1,fitz0,1,fitz0,0
KCI_FI000964203,digital,32,4,4,4,1,0.33,0,short_ok,1,scan_doc,1
KCI_FI000964203,digital,33,0,0,0,1,0.33,1,fitz0,1,fitz0,0
KCI_FI000964203,digital,34,0,0,0,1,0.32,1,fitz0,1,fitz0,0
KCI_FI000964203,digital,35,0,0,0,1,0.33,1,fitz0,1,fitz0,0
KCI_FI000964203,digital,36,0,0,0,1,0.32,1,fitz0,1,fitz0,0
KCI_FI000964203,digital,37,0,0,0,1,0.34,1,fitz0,1,fitz0,0
KCI_FI000964203,digital,38,0,0,0,1,0.29,1,fitz0,1,fitz0,0
KCI_FI000964203,digital,39,0,0,0,1,0.3,1,fitz0,1,fitz0,0
KCI_FI000964203,digital,40,0,0,0,1,0.29,1,fitz0,1,fitz0,0
KCI_FI000964203,digital,41,0,0,0,1,0.28,1,fitz0,1,fitz0,0
KCI_FI000964203,digital,42,0,0,0,1,0.17,1,fitz0,1,fitz0,0
KCI_FI002961735,digital,13,31,31,31,1,0.17,0,short_ok,0,short_ok,0
KCI_FI002961735,digital,14,35,35,35,1,0.6,0,short_ok,0,short_ok,0
KCI_FI002961735,digital,15,19,19,19,1,0.62,0,short_ok,0,short_ok,0
KCI_FI002961735,digital,16,35,35,35,1,0.62,0,short_ok,0,short_ok,0
KCI_FI001060287,digital,25,12,12,12,1,0.23,0,short_ok,0,short_ok,0
KCI_FI001060287,digital,26,0,0,0,1,0.11,1,fitz0,1,fitz0,0
KCI_FI002309766,digital,1,0,0,0,1,0.02,1,fitz0,1,fitz0,0
KCI_FI002309766,digital,12,33,33,33,1,0.53,0,short_ok,0,short_ok,0
KCI_FI001108346,digital,0,0,0,0,1,0.19,1,fitz0,1,fitz0,0
KCI_FI001108346,digital,1,0,0,0,1,0.3,1,fitz0,1,fitz0,0
KCI_FI001108346,digital,2,0,0,0,1,0.34,1,fitz0,1,fitz0,0
KCI_FI001108346,digital,3,0,0,0,1,0.36,1,fitz0,1,fitz0,0
KCI_FI001108346,digital,4,0,0,0,1,0.31,1,fitz0,1,fitz0,0
KCI_FI001108346,digital,5,0,0,0,1,0.31,1,fitz0,1,fitz0,0
KCI_FI001108346,digital,6,0,0,0,1,0.37,1,fitz0,1,fitz0,0
KCI_FI001108346,digital,7,0,0,0,1,0.28,1,fitz0,1,fitz0,0
KCI_FI001108346,digital,8,0,0,0,1,0.28,1,fitz0,1,fitz0,0
KCI_FI001108346,digital,9,0,0,0,1,0.27,1,fitz0,1,fitz0,0
KCI_FI001108346,digital,10,0,0,0,1,0.32,1,fitz0,1,fitz0,0
KCI_FI001108346,digital,11,0,0,0,1,0.26,1,fitz0,1,fitz0,0
KCI_FI001108346,digital,12,1,1,1,1,0.3,0,short_ok,1,scan_doc,1
KCI_FI001108346,digital,13,0,0,0,1,0.27,1,fitz0,1,fitz0,0
KCI_FI001108346,digital,14,0,0,0,1,0.29,1,fitz0,1,fitz0,0
KCI_FI001108346,digital,15,0,0,0,1,0.22,1,fitz0,1,fitz0,0
KCI_FI001108346,digital,16,0,0,0,1,0.27,1,fitz0,1,fitz0,0
KCI_FI001108346,digital,17,0,0,0,1,0.3,1,fitz0,1,fitz0,0
KCI_FI001108346,digital,18,0,0,0,1,0.22,1,fitz0,1,fitz0,0
KCI_FI001108346,digital,19,0,0,0,1,0.39,1,fitz0,1,fitz0,0
KCI_FI001108346,digital,20,0,0,0,1,0.27,1,fitz0,1,fitz0,0
KCI_FI001108346,digital,21,0,0,0,1,0.19,1,fitz0,1,fitz0,0
KCI_FI003336215,digital,37,0,0,0,1,0.03,1,fitz0,1,fitz0,0
KCI_FI002900959,digital,25,37,37,37,1,0.01,0,short_ok,0,short_ok,0
KCI_FI002410033,digital,39,0,0,0,1,0.02,1,fitz0,1,fitz0,0
KCI_FI003118437,digital,1,0,0,0,1,0.01,1,fitz0,1,fitz0,0
KCI_FI001397827,digital,23,0,0,0,1,0.02,1,fitz0,1,fitz0,0
KCI_FI003039475,digital,1,0,0,0,1,0.02,1,fitz0,1,fitz0,0
KCI_FI002040915,digital,0,49,49,49,1,0.03,0,short_ok,0,short_ok,0
KCI_FI001005886,digital,0,6,6,6,1,0.08,0,short_ok,0,short_ok,0
KCI_FI001005886,digital,1,0,0,0,1,0.07,1,fitz0,1,fitz0,0
KCI_FI001005886,digital,34,50,47,47,1,0.07,1,odl_missed,1,odl_missed,0
KCI_FI003265232,digital,41,0,0,0,1,0.02,1,fitz0,1,fitz0,0
KCI_FI002298010,digital,0,0,0,0,1,0.01,1,fitz0,1,fitz0,0
KCI_FI002298010,digital,1,0,0,0,1,0.01,1,fitz0,1,fitz0,0
KCI_FI002298010,digital,2,0,0,0,1,0.01,1,fitz0,1,fitz0,0
KCI_FI002298010,digital,3,0,0,0,1,0.01,1,fitz0,1,fitz0,0
KCI_FI002298010,digital,4,0,0,0,1,0.01,1,fitz0,1,fitz0,0
KCI_FI002298010,digital,5,0,0,0,1,0.01,1,fitz0,1,fitz0,0
KCI_FI002298010,digital,6,0,0,0,1,0.01,1,fitz0,1,fitz0,0
KCI_FI002298010,digital,7,0,0,0,1,0.01,1,fitz0,1,fitz0,0
KCI_FI002298010,digital,8,0,0,0,1,0.01,1,fitz0,1,fitz0,0
KCI_FI002298010,digital,9,0,0,0,1,0.01,1,fitz0,1,fitz0,0
KCI_FI002298010,digital,10,0,0,0,1,0.01,1,fitz0,1,fitz0,0
KCI_FI002298010,digital,11,0,0,0,1,0.01,1,fitz0,1,fitz0,0
KCI_FI002298010,digital,12,0,0,0,1,0.01,1,fitz0,1,fitz0,0
KCI_FI002298010,digital,13,0,0,0,1,0.01,1,fitz0,1,fitz0,0
KCI_FI002298010,digital,14,0,0,0,1,0.01,1,fitz0,1,fitz0,0
KCI_FI002298010,digital,15,0,0,0,1,0.01,1,fitz0,1,fitz0,0
KCI_FI002298010,digital,16,0,0,0,1,0.01,1,fitz0,1,fitz0,0
KCI_FI002298010,digital,17,0,0,0,1,0.01,1,fitz0,1,fitz0,0
KCI_FI002298010,digital,18,0,0,0,1,0.01,1,fitz0,1,fitz0,0
KCI_FI002298010,digital,19,0,0,0,1,0.01,1,fitz0,1,fitz0,0
KCI_FI002298010,digital,20,0,0,0,1,0.01,1,fitz0,1,fitz0,0
KCI_FI002298010,digital,21,0,0,0,1,0.01,1,fitz0,1,fitz0,0
KCI_FI002298010,digital,22,0,0,0,1,0.01,1,fitz0,1,fitz0,0
KCI_FI002298010,digital,23,0,0,0,1,0.01,1,fitz0,1,fitz0,0
KCI_FI002298010,digital,24,0,0,0,1,0.01,1,fitz0,1,fitz0,0
KCI_FI002298010,digital,25,0,0,0,1,0.01,1,fitz0,1,fitz0,0
KCI_FI002298010,digital,26,0,0,0,1,0.01,1,fitz0,1,fitz0,0
KCI_FI002298010,digital,27,0,0,0,1,0.01,1,fitz0,1,fitz0,0
KCI_FI002298010,digital,28,0,0,0,1,0.01,1,fitz0,1,fitz0,0
KCI_FI002298010,digital,29,0,0,0,1,0.01,1,fitz0,1,fitz0,0
KCI_FI002298010,digital,30,0,0,0,1,0.01,1,fitz0,1,fitz0,0
KCI_FI002298010,digital,31,0,0,0,1,0.01,1,fitz0,1,fitz0,0
KCI_FI002298010,digital,32,0,0,0,1,0.01,1,fitz0,1,fitz0,0
KCI_FI002298010,digital,33,0,0,0,1,0.01,1,fitz0,1,fitz0,0
KCI_FI002298010,digital,34,0,0,0,1,0.01,1,fitz0,1,fitz0,0
KCI_FI002298010,digital,35,0,0,0,1,0.01,1,fitz0,1,fitz0,0
KCI_FI002298010,digital,36,0,0,0,1,0.01,1,fitz0,1,fitz0,0
KCI_FI002298010,digital,37,0,0,0,1,0.01,1,fitz0,1,fitz0,0
KCI_FI003111849,digital,3,0,0,0,1,0.03,1,fitz0,1,fitz0,0
KCI_FI003243963,digital,35,0,0,0,1,0.02,1,fitz0,1,fitz0,0
KCI_FI001314298,digital,1,10,0,0,1,0.67,0,short_ok,1,scan_doc,1
KCI_FI001314298,digital,2,23,19,19,1,0.66,0,short_ok,1,scan_doc,1
KCI_FI001314298,digital,3,18,0,0,1,0.81,0,short_ok,1,scan_doc,1
KCI_FI001314298,digital,4,14,2,2,1,0.65,0,short_ok,1,scan_doc,1
KCI_FI001314298,digital,5,8,2,2,1,0.51,0,short_ok,1,scan_doc,1
KCI_FI001314298,digital,6,24,16,16,1,0.62,0,short_ok,1,scan_doc,1
KCI_FI001314298,digital,7,10,4,4,1,0.61,0,short_ok,1,scan_doc,1
KCI_FI001314298,digital,8,6,0,0,1,0.7,0,short_ok,1,scan_doc,1
KCI_FI001314298,digital,9,6,0,0,1,0.71,0,short_ok,1,scan_doc,1
KCI_FI001314298,digital,10,6,0,0,1,0.7,0,short_ok,1,scan_doc,1
KCI_FI001314298,digital,11,4,0,0,1,0.73,0,short_ok,1,scan_doc,1
KCI_FI001314298,digital,12,6,0,0,1,0.6,0,short_ok,1,scan_doc,1
KCI_FI001314298,digital,13,6,0,0,1,0.51,0,short_ok,1,scan_doc,1
KCI_FI001314298,digital,14,12,0,0,1,0.72,0,short_ok,1,scan_doc,1
KCI_FI001314298,digital,15,12,2,2,1,0.66,0,short_ok,1,scan_doc,1
KCI_FI001314298,digital,16,12,0,0,1,0.71,0,short_ok,1,scan_doc,1
KCI_FI001314298,digital,17,4,0,0,1,0.77,0,short_ok,1,scan_doc,1
KCI_FI001314298,digital,18,2,0,0,1,0.7,0,short_ok,1,scan_doc,1
KCI_FI001314298,digital,19,6,0,0,1,0.57,0,short_ok,1,scan_doc,1
KCI_FI001314298,digital,20,4,0,0,1,0.66,0,short_ok,1,scan_doc,1
KCI_FI001314298,digital,21,3,0,0,1,0.61,0,short_ok,1,scan_doc,1
KCI_FI001314298,digital,22,3,0,0,1,0.61,0,short_ok,1,scan_doc,1
KCI_FI001314298,digital,23,11,0,0,1,0.65,0,short_ok,1,scan_doc,1
KCI_FI001314298,digital,24,7,0,0,1,0.68,0,short_ok,1,scan_doc,1
KCI_FI001314298,digital,25,7,0,0,1,0.63,0,short_ok,1,scan_doc,1
KCI_FI001314298,digital,26,9,0,0,1,0.69,0,short_ok,1,scan_doc,1
KCI_FI001314298,digital,27,7,0,0,1,0.62,0,short_ok,1,scan_doc,1
KCI_FI001314298,digital,28,3,0,0,1,0.65,0,short_ok,1,scan_doc,1
KCI_FI001314298,digital,29,7,4,4,1,0.51,0,short_ok,1,scan_doc,1
KCI_FI001314298,digital,30,27,4,4,1,0.52,0,short_ok,1,scan_doc,1
KCI_FI001314298,digital,31,15,2,2,1,0.2,0,short_ok,1,scan_doc,1
KCI_FI002674563,digital,25,0,0,0,1,0.01,1,fitz0,1,fitz0,0
KCI_FI001491599,digital,49,0,0,0,1,0.02,1,fitz0,1,fitz0,0
KCI_FI001030932,digital,1,1,0,0,1,0.4,0,short_ok,1,scan_doc,1
KCI_FI001030932,digital,2,1,0,0,1,0.46,0,short_ok,1,scan_doc,1
KCI_FI001030932,digital,3,1,0,0,1,0.44,0,short_ok,1,scan_doc,1
KCI_FI001030932,digital,4,1,0,0,1,0.41,0,short_ok,1,scan_doc,1
KCI_FI001030932,digital,6,1,0,0,1,0.31,0,short_ok,1,scan_doc,1
KCI_FI001030932,digital,7,32,31,31,1,0.27,0,short_ok,1,scan_doc,1
KCI_FI001030932,digital,8,1,0,0,1,0.29,0,short_ok,1,scan_doc,1
KCI_FI001030932,digital,9,2,0,0,1,0.3,0,short_ok,1,scan_doc,1
KCI_FI001030932,digital,10,2,0,0,1,0.31,0,short_ok,1,scan_doc,1
KCI_FI001030932,digital,11,2,0,0,1,0.37,0,short_ok,1,scan_doc,1
KCI_FI001030932,digital,14,2,0,0,1,0.44,0,short_ok,1,scan_doc,1
KCI_FI001030932,digital,15,40,38,38,1,0.27,0,short_ok,1,scan_doc,1
KCI_FI002769621,digital,12,0,0,0,1,0.0,1,fitz0,1,fitz0,0
KCI_FI001176036,digital,0,0,0,0,1,0.46,1,fitz0,1,fitz0,0
KCI_FI001176036,digital,1,1,1,1,1,0.29,0,short_ok,1,scan_doc,1
KCI_FI001176036,digital,2,0,0,0,1,0.39,1,fitz0,1,fitz0,0
KCI_FI001176036,digital,3,0,0,0,1,0.44,1,fitz0,1,fitz0,0
KCI_FI001107507,digital,0,43,41,41,1,0.32,0,short_ok,1,scan_doc,1
KCI_FI001107507,digital,1,2,0,0,1,0.44,0,short_ok,1,scan_doc,1
KCI_FI001107507,digital,2,19,17,17,1,0.24,0,short_ok,1,scan_doc,1
KCI_FI001107507,digital,3,8,6,6,1,0.39,0,short_ok,1,scan_doc,1
KCI_FI001107507,digital,4,17,15,15,1,0.33,0,short_ok,1,scan_doc,1
KCI_FI001107507,digital,5,8,6,6,1,0.47,0,short_ok,1,scan_doc,1
KCI_FI001107507,digital,6,18,16,16,1,0.38,0,short_ok,1,scan_doc,1
KCI_FI001107507,digital,8,7,5,5,1,0.36,0,short_ok,1,scan_doc,1
KCI_FI001107507,digital,10,15,13,13,1,0.27,0,short_ok,1,scan_doc,1
KCI_FI001107507,digital,12,9,7,7,1,0.42,0,short_ok,1,scan_doc,1
KCI_FI001107507,digital,13,13,11,11,1,0.29,0,short_ok,1,scan_doc,1
KCI_FI001107507,digital,14,9,7,7,1,0.43,0,short_ok,1,scan_doc,1
KCI_FI001107507,digital,15,12,10,10,1,0.42,0,short_ok,1,scan_doc,1
KCI_FI001107507,digital,16,5,3,3,1,0.43,0,short_ok,1,scan_doc,1
KCI_FI001107507,digital,17,7,5,5,1,0.42,0,short_ok,1,scan_doc,1
KCI_FI001107507,digital,20,6,4,4,1,0.13,0,short_ok,1,scan_doc,1
KCI_FI003031643,digital,27,0,0,0,1,0.02,1,fitz0,1,fitz0,0
KCI_FI001946193,digital,17,0,0,0,1,0.01,1,fitz0,1,fitz0,0
KCI_FI002067020,digital,26,50,47,47,1,0.04,1,odl_missed,1,odl_missed,0
KCI_FI002796574,digital,33,0,0,0,1,0.03,1,fitz0,1,fitz0,0
KCI_FI002992815,digital,33,0,0,0,1,0.02,1,fitz0,1,fitz0,0
KCI_FI001616971,digital,45,0,0,0,1,0.02,1,fitz0,1,fitz0,0
KCI_FI001033371,digital,0,0,0,0,1,0.24,1,fitz0,1,fitz0,0
KCI_FI001033371,digital,1,0,0,0,1,0.33,1,fitz0,1,fitz0,0
KCI_FI001033371,digital,2,0,0,0,1,0.31,1,fitz0,1,fitz0,0
KCI_FI001033371,digital,3,0,0,0,1,0.32,1,fitz0,1,fitz0,0
KCI_FI001033371,digital,4,0,0,0,1,0.35,1,fitz0,1,fitz0,0
KCI_FI001033371,digital,5,0,0,0,1,0.31,1,fitz0,1,fitz0,0
KCI_FI001033371,digital,6,0,0,0,1,0.34,1,fitz0,1,fitz0,0
KCI_FI001033371,digital,7,0,0,0,1,0.32,1,fitz0,1,fitz0,0
KCI_FI001033371,digital,8,0,0,0,1,0.29,1,fitz0,1,fitz0,0
KCI_FI001033371,digital,9,0,0,0,1,0.34,1,fitz0,1,fitz0,0
KCI_FI001033371,digital,10,0,0,0,1,0.35,1,fitz0,1,fitz0,0
KCI_FI001033371,digital,11,0,0,0,1,0.34,1,fitz0,1,fitz0,0
KCI_FI001033371,digital,12,0,0,0,1,0.35,1,fitz0,1,fitz0,0
KCI_FI001033371,digital,13,0,0,0,1,0.28,1,fitz0,1,fitz0,0
KCI_FI001033371,digital,14,0,0,0,1,0.34,1,fitz0,1,fitz0,0
KCI_FI001033371,digital,15,0,0,0,1,0.11,1,fitz0,1,fitz0,0
KCI_FI001033371,digital,16,0,0,0,1,0.21,1,fitz0,1,fitz0,0
KCI_FI002792748,digital,21,0,0,0,1,0.01,1,fitz0,1,fitz0,0
KCI_FI001519480,digital,29,0,0,0,1,0.02,1,fitz0,1,fitz0,0
KCI_FI000964871,digital,0,0,0,0,1,0.28,1,fitz0,1,fitz0,0
KCI_FI000964871,digital,1,0,0,0,1,0.41,1,fitz0,1,fitz0,0
KCI_FI000964871,digital,2,0,0,0,1,0.38,1,fitz0,1,fitz0,0
KCI_FI000964871,digital,3,0,0,0,1,0.41,1,fitz0,1,fitz0,0
KCI_FI000964871,digital,4,0,0,0,1,0.38,1,fitz0,1,fitz0,0
KCI_FI000964871,digital,5,0,0,0,1,0.42,1,fitz0,1,fitz0,0
KCI_FI000964871,digital,7,0,0,0,1,0.44,1,fitz0,1,fitz0,0
KCI_FI000964871,digital,10,0,0,0,1,0.42,1,fitz0,1,fitz0,0
KCI_FI000964871,digital,13,0,0,0,1,0.48,1,fitz0,1,fitz0,0
KCI_FI000964871,digital,18,0,0,0,1,0.42,1,fitz0,1,fitz0,0
KCI_FI000964871,digital,20,0,0,0,1,0.43,1,fitz0,1,fitz0,0
KCI_FI000964871,digital,21,0,0,0,1,0.44,1,fitz0,1,fitz0,0
KCI_FI000964871,digital,22,0,0,0,1,0.18,1,fitz0,1,fitz0,0
KCI_FI000964871,digital,23,0,0,0,1,0.33,1,fitz0,1,fitz0,0
KCI_FI001428194,short_front,0,40,40,40,1,0.03,0,short_ok,0,short_ok,0
KCI_FI001428194,short_front,1,0,0,0,1,0.03,1,fitz0,1,fitz0,0
KCI_FI001428194,short_front,2,20,20,20,1,0.14,0,short_ok,0,short_ok,0
KCI_FI001274293,short_front,1,28,28,28,1,0.03,0,short_ok,0,short_ok,0
KCI_FI001160724,short_front,0,38,38,38,1,0.09,0,short_ok,0,short_ok,0
KCI_FI001160724,short_front,1,0,0,0,1,0.07,1,fitz0,1,fitz0,0
KCI_FI001160724,short_front,5,0,0,0,1,0.07,1,fitz0,1,fitz0,0
KCI_FI001160724,short_front,250,2,2,2,1,0.07,0,short_ok,0,short_ok,0
KCI_FI001160724,short_front,251,0,0,0,1,0.07,1,fitz0,1,fitz0,0
KCI_FI001160724,short_front,267,0,0,0,1,0.07,1,fitz0,1,fitz0,0
KCI_FI001483251,short_front,0,29,29,29,1,0.07,0,short_ok,0,short_ok,0
KCI_FI003236304,short_front,1,44,44,44,1,0.02,0,short_ok,0,short_ok,0
KCI_FI001372673,short_front,0,22,18,18,1,0.02,0,short_ok,0,short_ok,0
KCI_FI001372507,short_front,0,22,22,22,1,0.01,0,short_ok,0,short_ok,0
KCI_FI001372507,short_front,4,28,28,28,1,0.01,0,short_ok,0,short_ok,0
KCI_FI001372507,short_front,5,0,0,0,1,0.01,1,fitz0,1,fitz0,0
KCI_FI001372507,short_front,25,0,0,0,1,0.01,1,fitz0,1,fitz0,0
KCI_FI001372507,short_front,59,0,0,0,1,0.01,1,fitz0,1,fitz0,0
KCI_FI001372507,short_front,86,47,47,47,1,0.01,0,short_ok,0,short_ok,0
KCI_FI001372507,short_front,87,45,45,45,1,0.01,0,short_ok,0,short_ok,0
KCI_FI001372507,short_front,89,44,44,44,1,0.01,0,short_ok,0,short_ok,0
KCI_FI001372507,short_front,91,44,44,44,1,0.01,0,short_ok,0,short_ok,0
KCI_FI001372507,short_front,93,45,45,45,1,0.01,0,short_ok,0,short_ok,0
KCI_FI001372507,short_front,195,0,0,0,1,0.01,1,fitz0,1,fitz0,0
KCI_FI001372507,short_front,249,0,0,0,1,0.01,1,fitz0,1,fitz0,0
KCI_FI001667569,short_front,1,43,19,19,1,0.01,0,short_ok,0,short_ok,0
KCI_FI001667569,short_front,2,8,0,0,1,0.01,0,short_ok,0,short_ok,0
KCI_FI001667569,short_front,5,54,30,30,1,0.01,1,odl_missed,1,odl_missed,0
KCI_FI001667569,short_front,11,56,0,0,1,0.01,1,odl_missed,1,odl_missed,0
KCI_FI001667569,short_front,12,57,1,1,1,0.01,1,odl_missed,1,odl_missed,0
KCI_FI001667569,short_front,14,144,64,64,0,,1,cmap,1,cmap,0
KCI_FI001667569,short_front,19,0,0,0,1,0.01,1,fitz0,1,fitz0,0
KCI_FI001667569,short_front,20,8,0,0,1,0.01,0,short_ok,0,short_ok,0
KCI_FI001667569,short_front,22,31,7,7,1,0.01,0,short_ok,0,short_ok,0
KCI_FI001667569,short_front,23,0,0,0,1,0.01,1,fitz0,1,fitz0,0
KCI_FI001037448,short_front,0,2,0,0,1,0.12,0,short_ok,0,short_ok,0
KCI_FI001037448,short_front,1,42,14,14,1,0.22,0,short_ok,0,short_ok,0
KCI_FI003223016,short_front,1,42,42,42,1,0.03,0,short_ok,0,short_ok,0
KCI_FI003011274,short_front,1,60,42,42,1,0.63,1,odl_missed,1,odl_missed,0
KCI_FI003011274,short_front,2,61,43,43,1,0.62,1,odl_missed,1,odl_missed,0
KCI_FI003011274,short_front,8,60,42,42,1,0.59,1,odl_missed,1,odl_missed,0
KCI_FI003011274,short_front,9,60,42,42,1,0.35,1,odl_missed,1,odl_missed,0
KCI_FI003145254,short_front,0,47,47,47,1,0.07,0,short_ok,0,short_ok,0
KCI_FI003145254,short_front,1,8,4,4,1,0.05,0,short_ok,0,short_ok,0
KCI_FI003145254,short_front,2,0,0,0,1,0.02,1,fitz0,1,fitz0,0
KCI_FI003145254,short_front,3,8,4,4,1,0.05,0,short_ok,0,short_ok,0
KCI_FI003145254,short_front,6,0,0,0,1,1.0,1,fitz0,1,fitz0,0
KCI_FI003145254,short_front,8,0,0,0,1,0.02,1,fitz0,1,fitz0,0
KCI_FI003145254,short_front,37,0,0,0,1,0.02,1,fitz0,1,fitz0,0
KCI_FI003145254,short_front,39,40,40,40,1,0.02,0,short_ok,0,short_ok,0
KCI_FI003315691,short_front,0,30,30,30,1,0.03,0,short_ok,0,short_ok,0
KCI_FI003315691,short_front,1,0,0,0,1,0.02,1,fitz0,1,fitz0,0
KCI_FI003315691,short_front,53,0,0,0,1,0.02,1,fitz0,1,fitz0,0
KCI_FI003274665,short_front,0,26,26,26,1,0.03,0,short_ok,0,short_ok,0
KCI_FI003274665,short_front,1,0,0,0,1,0.02,1,fitz0,1,fitz0,0
KCI_FI003274665,short_front,41,0,0,0,1,0.02,1,fitz0,1,fitz0,0
KCI_FI001618766,short_front,0,2,2,2,1,0.64,0,short_ok,0,short_ok,0
KCI_FI001618766,short_front,1,0,0,0,1,0.03,1,fitz0,1,fitz0,0
KCI_FI001924411,short_front,0,48,48,48,1,0.03,0,short_ok,0,short_ok,0
KCI_FI001127976,short_front,1,4,0,0,1,0.34,0,short_ok,0,short_ok,0
KCI_FI001127976,short_front,7,17,13,13,1,0.32,0,short_ok,0,short_ok,0
KCI_FI001127976,short_front,9,15,10,10,1,0.31,0,short_ok,0,short_ok,0
KCI_FI001127976,short_front,11,5,0,0,1,0.27,0,short_ok,0,short_ok,0
KCI_FI001127976,short_front,13,6,1,1,1,0.25,0,short_ok,0,short_ok,0
KCI_FI001127976,short_front,15,5,0,0,1,0.3,0,short_ok,0,short_ok,0
KCI_FI001127976,short_front,17,5,0,0,1,0.09,0,short_ok,0,short_ok,0
KCI_FI001127976,short_front,19,5,0,0,1,0.23,0,short_ok,0,short_ok,0
KCI_FI001158431,short_front,0,31,29,29,1,0.25,0,short_ok,0,short_ok,0
KCI_FI001158431,short_front,29,58,7,7,1,0.29,1,odl_missed,1,odl_missed,0
KCI_FI001158431,short_front,30,84,34,34,1,0.29,1,odl_missed,1,odl_missed,0
KCI_FI001158431,short_front,34,53,9,9,1,0.29,1,odl_missed,1,odl_missed,0
KCI_FI001158431,short_front,38,1,0,0,1,0.09,0,short_ok,0,short_ok,0
KCI_FI001158431,short_front,43,0,0,0,1,0.07,1,fitz0,1,fitz0,0
KCI_FI002675501,short_front,0,45,45,45,1,0.99,0,short_ok,0,short_ok,0
KCI_FI002675501,short_front,1,0,0,0,1,0.02,1,fitz0,1,fitz0,0
KCI_FI002065123,short_front,0,24,24,24,1,0.03,0,short_ok,0,short_ok,0
KCI_FI002065123,short_front,1,37,37,37,1,0.03,0,short_ok,0,short_ok,0
KCI_FI001141801,short_front,1,28,25,25,1,0.44,0,short_ok,0,short_ok,0
KCI_FI001141801,short_front,3,36,33,33,1,0.5,0,short_ok,0,short_ok,0
KCI_FI001141801,short_front,4,51,48,48,1,0.41,1,odl_missed,1,odl_missed,0
KCI_FI001141801,short_front,5,24,21,21,1,0.44,0,short_ok,0,short_ok,0
KCI_FI001141801,short_front,13,24,21,21,1,0.41,0,short_ok,0,short_ok,0
KCI_FI001141801,short_front,14,49,46,46,1,0.4,0,short_ok,0,short_ok,0
KCI_FI001141801,short_front,15,24,21,21,1,0.34,0,short_ok,0,short_ok,0
KCI_FI000960090,short_front,0,16,16,16,1,0.18,0,short_ok,0,short_ok,0
KCI_FI000960090,short_front,8,36,19,19,1,0.27,0,short_ok,0,short_ok,0
KCI_FI000960090,short_front,10,42,35,35,1,0.2,0,short_ok,0,short_ok,0
KCI_FI001827561,short_front,0,4,4,4,1,0.03,0,short_ok,0,short_ok,0
KCI_FI001827561,short_front,1,0,0,0,1,0.03,1,fitz0,1,fitz0,0
KCI_FI001401892,short_front,0,26,26,26,1,0.01,0,short_ok,0,short_ok,0
KCI_FI001401892,short_front,1,26,26,26,1,0.01,0,short_ok,0,short_ok,0
KCI_FI001401892,short_front,3,0,0,0,1,0.01,1,fitz0,1,fitz0,0
KCI_FI001401892,short_front,31,32,32,32,1,0.01,0,short_ok,0,short_ok,0
KCI_FI001401892,short_front,33,0,0,0,1,0.01,1,fitz0,1,fitz0,0
KCI_FI001401892,short_front,78,0,0,0,1,0.01,1,fitz0,1,fitz0,0
KCI_FI001401892,short_front,79,0,0,0,1,0.01,1,fitz0,1,fitz0,0
KCI_FI001401892,short_front,114,0,0,0,1,0.01,1,fitz0,1,fitz0,0
KCI_FI001401892,short_front,115,0,0,0,1,0.01,1,fitz0,1,fitz0,0
KCI_FI001401892,short_front,169,6,6,6,1,0.01,0,short_ok,0,short_ok,0
KCI_FI001401892,short_front,204,0,0,0,1,0.01,1,fitz0,1,fitz0,0
KCI_FI001401892,short_front,205,0,0,0,1,0.01,1,fitz0,1,fitz0,0
KCI_FI001401892,short_front,240,0,0,0,1,0.01,1,fitz0,1,fitz0,0
KCI_FI001401892,short_front,241,0,0,0,1,0.01,1,fitz0,1,fitz0,0
KCI_FI001401892,short_front,274,0,0,0,1,0.01,1,fitz0,1,fitz0,0
KCI_FI001401892,short_front,275,0,0,0,1,0.01,1,fitz0,1,fitz0,0
KCI_FI001401892,short_front,327,0,0,0,1,0.01,1,fitz0,1,fitz0,0
KCI_FI000897237,br_grid,0,0,0,0,1,0.07,1,fitz0,1,fitz0,0
KCI_FI000897237,br_grid,1,0,0,0,1,0.26,1,fitz0,1,fitz0,0
KCI_FI000897237,br_grid,2,0,0,0,1,0.44,1,fitz0,1,fitz0,0
KCI_FI000897237,br_grid,3,0,0,0,1,0.44,1,fitz0,1,fitz0,0
KCI_FI000897237,br_grid,4,0,0,0,1,0.45,1,fitz0,1,fitz0,0
KCI_FI000897237,br_grid,5,0,0,0,1,0.37,1,fitz0,1,fitz0,0
KCI_FI000897237,br_grid,6,0,0,0,1,0.28,1,fitz0,1,fitz0,0
KCI_FI000897237,br_grid,7,0,0,0,1,0.15,1,fitz0,1,fitz0,0
KCI_FI000897237,br_grid,8,0,0,0,1,0.46,1,fitz0,1,fitz0,0
KCI_FI000897237,br_grid,9,0,0,0,1,0.21,1,fitz0,1,fitz0,0
KCI_FI000897237,br_grid,10,0,0,0,1,0.26,1,fitz0,1,fitz0,0
KCI_FI000897237,br_grid,11,7,7,7,1,0.36,0,short_ok,1,scan_doc,1
KCI_FI000897237,br_grid,12,0,0,0,1,0.28,1,fitz0,1,fitz0,0
KCI_FI000897237,br_grid,13,0,0,0,1,0.26,1,fitz0,1,fitz0,0
KCI_FI000897237,br_grid,14,0,0,0,1,0.42,1,fitz0,1,fitz0,0
KCI_FI000897237,br_grid,15,0,0,0,1,0.43,1,fitz0,1,fitz0,0
KCI_FI000897237,br_grid,16,0,0,0,1,0.34,1,fitz0,1,fitz0,0
KCI_FI003011274,named_cases,1,60,42,42,1,0.63,1,odl_missed,1,odl_missed,0
KCI_FI003011274,named_cases,2,61,43,43,1,0.62,1,odl_missed,1,odl_missed,0
KCI_FI003011274,named_cases,8,60,42,42,1,0.59,1,odl_missed,1,odl_missed,0
KCI_FI003011274,named_cases,9,60,42,42,1,0.35,1,odl_missed,1,odl_missed,0
KCI_FI001141801,named_cases,1,28,25,25,1,0.44,0,short_ok,0,short_ok,0
KCI_FI001141801,named_cases,3,36,33,33,1,0.5,0,short_ok,0,short_ok,0
KCI_FI001141801,named_cases,4,51,48,48,1,0.41,1,odl_missed,1,odl_missed,0
KCI_FI001141801,named_cases,5,24,21,21,1,0.44,0,short_ok,0,short_ok,0
KCI_FI001141801,named_cases,13,24,21,21,1,0.41,0,short_ok,0,short_ok,0
KCI_FI001141801,named_cases,14,49,46,46,1,0.4,0,short_ok,0,short_ok,0
KCI_FI001141801,named_cases,15,24,21,21,1,0.34,0,short_ok,0,short_ok,0
KCI_FI002252358,named_cases,0,24,24,24,1,1.0,0,short_ok,0,short_ok,0
KCI_FI002252358,named_cases,1,0,0,0,1,0.02,1,fitz0,1,fitz0,0
KCI_FI002252358,named_cases,5,0,0,0,1,0.02,1,fitz0,1,fitz0,0
KCI_FI002252358,named_cases,47,0,0,0,1,0.02,1,fitz0,1,fitz0,0
KCI_FI002252358,named_cases,87,0,0,0,1,0.02,1,fitz0,1,fitz0,0
KCI_FI002252358,named_cases,147,0,0,0,1,0.02,1,fitz0,1,fitz0,0
KCI_FI002252358,named_cases,149,0,0,0,1,0.02,1,fitz0,1,fitz0,0
KCI_FI002252358,named_cases,175,0,0,0,1,0.02,1,fitz0,1,fitz0,0
KCI_FI002252358,named_cases,279,0,0,0,1,0.02,1,fitz0,1,fitz0,0
KCI_FI002252358,named_cases,307,0,0,0,1,0.02,1,fitz0,1,fitz0,0
KCI_FI002252358,named_cases,313,0,0,0,1,0.02,1,fitz0,1,fitz0,0
KCI_FI002252358,named_cases,315,0,0,0,1,0.02,1,fitz0,1,fitz0,0
KCI_FI002025246,named_cases,0,33,0,0,1,1.0,0,short_ok,1,scan_doc,1
KCI_FI002025246,named_cases,1,33,0,0,1,1.0,0,short_ok,1,scan_doc,1
KCI_FI002025246,named_cases,2,33,0,0,1,1.0,0,short_ok,1,scan_doc,1
KCI_FI002025246,named_cases,3,33,0,0,1,1.0,0,short_ok,1,scan_doc,1
KCI_FI002025246,named_cases,4,33,0,0,1,1.0,0,short_ok,1,scan_doc,1
KCI_FI002025246,named_cases,5,33,0,0,1,1.0,0,short_ok,1,scan_doc,1
KCI_FI002025246,named_cases,6,33,0,0,1,1.0,0,short_ok,1,scan_doc,1
KCI_FI002025246,named_cases,7,33,0,0,1,1.0,0,short_ok,1,scan_doc,1
KCI_FI002025246,named_cases,8,33,0,0,1,1.0,0,short_ok,1,scan_doc,1
KCI_FI002025246,named_cases,9,33,0,0,1,1.0,0,short_ok,1,scan_doc,1
KCI_FI002025246,named_cases,10,33,0,0,1,1.0,0,short_ok,1,scan_doc,1
KCI_FI002025246,named_cases,11,33,0,0,1,1.0,0,short_ok,1,scan_doc,1
KCI_FI002025246,named_cases,12,33,0,0,1,1.0,0,short_ok,1,scan_doc,1
KCI_FI002025246,named_cases,13,33,0,0,1,1.0,0,short_ok,1,scan_doc,1
KCI_FI001238691,named_cases,0,0,0,0,1,0.07,1,fitz0,1,fitz0,0
KCI_FI001238691,named_cases,1,0,0,0,1,0.07,1,fitz0,1,fitz0,0
KCI_FI001238691,named_cases,2,0,0,0,1,0.07,1,fitz0,1,fitz0,0
KCI_FI001238691,named_cases,3,0,0,0,1,0.07,1,fitz0,1,fitz0,0
KCI_FI001238691,named_cases,4,0,0,0,1,0.07,1,fitz0,1,fitz0,0
KCI_FI001238691,named_cases,5,0,0,0,1,0.07,1,fitz0,1,fitz0,0
KCI_FI001238691,named_cases,6,0,0,0,1,0.07,1,fitz0,1,fitz0,0
KCI_FI001238691,named_cases,7,0,0,0,1,0.07,1,fitz0,1,fitz0,0
KCI_FI001238691,named_cases,8,0,0,0,1,0.07,1,fitz0,1,fitz0,0
KCI_FI001238691,named_cases,9,0,0,0,1,0.07,1,fitz0,1,fitz0,0
KCI_FI001238691,named_cases,10,0,0,0,1,0.07,1,fitz0,1,fitz0,0
KCI_FI001238691,named_cases,11,0,0,0,1,0.07,1,fitz0,1,fitz0,0
KCI_FI001238691,named_cases,12,0,0,0,1,0.07,1,fitz0,1,fitz0,0
KCI_FI001238691,named_cases,13,0,0,0,1,0.07,1,fitz0,1,fitz0,0
KCI_FI001238691,named_cases,14,0,0,0,1,0.07,1,fitz0,1,fitz0,0
KCI_FI001238691,named_cases,15,0,0,0,1,0.07,1,fitz0,1,fitz0,0
KCI_FI001238691,named_cases,16,0,0,0,1,0.07,1,fitz0,1,fitz0,0
KCI_FI001238691,named_cases,17,0,0,0,1,0.07,1,fitz0,1,fitz0,0
KCI_FI001238691,named_cases,18,0,0,0,1,0.07,1,fitz0,1,fitz0,0
KCI_FI001238691,named_cases,19,0,0,0,1,0.07,1,fitz0,1,fitz0,0
KCI_FI001238691,named_cases,20,0,0,0,1,0.07,1,fitz0,1,fitz0,0
KCI_FI001238691,named_cases,21,0,0,0,1,0.07,1,fitz0,1,fitz0,0
KCI_FI001238691,named_cases,22,0,0,0,1,0.07,1,fitz0,1,fitz0,0
KCI_FI001238691,named_cases,23,0,0,0,1,0.07,1,fitz0,1,fitz0,0
KCI_FI001238691,named_cases,24,0,0,0,1,0.07,1,fitz0,1,fitz0,0
KCI_FI001238691,named_cases,25,4,4,4,1,0.07,0,short_ok,1,scan_doc,1
KCI_FI001667569,named_cases,1,43,19,19,1,0.01,0,short_ok,0,short_ok,0
KCI_FI001667569,named_cases,2,8,0,0,1,0.01,0,short_ok,0,short_ok,0
KCI_FI001667569,named_cases,5,54,30,30,1,0.01,1,odl_missed,1,odl_missed,0
KCI_FI001667569,named_cases,11,56,0,0,1,0.01,1,odl_missed,1,odl_missed,0
KCI_FI001667569,named_cases,12,57,1,1,1,0.01,1,odl_missed,1,odl_missed,0
KCI_FI001667569,named_cases,14,144,64,64,0,,1,cmap,1,cmap,0
KCI_FI001667569,named_cases,19,0,0,0,1,0.01,1,fitz0,1,fitz0,0
KCI_FI001667569,named_cases,20,8,0,0,1,0.01,0,short_ok,0,short_ok,0
KCI_FI001667569,named_cases,22,31,7,7,1,0.01,0,short_ok,0,short_ok,0
KCI_FI001667569,named_cases,23,0,0,0,1,0.01,1,fitz0,1,fitz0,0
KCI_FI001158431,named_cases,0,31,29,29,1,0.25,0,short_ok,0,short_ok,0
KCI_FI001158431,named_cases,29,58,7,7,1,0.29,1,odl_missed,1,odl_missed,0
KCI_FI001158431,named_cases,30,84,34,34,1,0.29,1,odl_missed,1,odl_missed,0
KCI_FI001158431,named_cases,34,53,9,9,1,0.29,1,odl_missed,1,odl_missed,0
KCI_FI001158431,named_cases,38,1,0,0,1,0.09,0,short_ok,0,short_ok,0
KCI_FI001158431,named_cases,43,0,0,0,1,0.07,1,fitz0,1,fitz0,0
